Sid,Sur,Yr,Sea,Tran,Lat,Lon,Dep,Ele,Type,eMean,gMean,gMed
1,K,,,24,34.47088,-120.22726,0,BF,B,0.225,0.2405,0.236
2,K,,,38,34.46264,-120.07158,0,BF,E,0.2967,,
3,K,,,39,34.46245,-120.06668,0,BF,E,0.1988,,
4,K,,,42,34.46083,-120.02948,0,BF,E,0.2708,,
5,K,,,43,34.45901,-120.0212,0,BF,E,0.3691,,
6,K,,,44,34.46079,-120.00835,0,BF,B,0.2248,0.1964,0.1931
7,K,,,45,34.45653,-119.9995,0,BF,E,0.2661,,
8,K,,,46,34.45016,-119.99054,0,BF,E,0.2785,,
9,K,,,48,34.44465,-119.97148,0,BF,E,0.2568,,
10,K,,,49,34.4412,-119.96503,0,BF,E,0.3641,,
11,K,,,50,34.43529,-119.95495,0,BF,E,0.2871,,
12,K,,,51,34.43537,-119.94251,0,BF,E,0.2221,,
13,K,,,52,34.43531,-119.93288,0,BF,E,0.1574,,
14,K,,,53,34.43177,-119.9184,0,BF,E,0.247,,
15,K,,,54,34.42761,-119.91105,0,BF,B,0.2172,0.1943,0.1872
16,K,,,55,34.42189,-119.9022,0,BF,E,0.2032,,
17,K,,,56,34.41938,-119.89113,0,BF,E,0.2269,,
18,K,,,57,34.41225,-119.88411,0,BF,E,0.2493,,
19,K,,,58,34.40859,-119.87558,0,BF,E,0.2405,,
20,K,,,59,34.40936,-119.86249,0,BF,E,0.2527,,
21,K,,,60,34.40771,-119.85208,0,BF,E,0.2096,,
22,K,,,61,34.41047,-119.84152,0,BF,E,0.292,,
23,K,,,62,34.41647,-119.83084,0,BF,E,0.3174,,
24,K,,,63,34.41712,-119.82249,0,BF,E,0.4231,,
25,K,,,65,34.4179,-119.8,0,BF,B,0.1692,0.141,0.1438
26,K,,,66,34.4168,-119.788,0,BF,E,0.2483,,
27,K,,,67,34.4135,-119.778,0,BF,E,0.2807,,
28,K,,,68,34.4098,-119.768,0,BF,E,0.2921,,
29,K,,,69,34.4062,-119.758,0,BF,E,0.2778,,
30,K,,,70,34.40346,-119.74721,0,BF,E,0.26,,
31,K,,,71,34.39999,-119.73776,0,BF,E,0.2271,,
32,K,,,72,34.39675,-119.73046,0,BF,E,0.2162,,
33,K,,,73,34.39584,-119.70799,0,BF,E,0.2324,,
34,K,,,74,34.39837,-119.70231,0,BF,B,0.2183,0.2699,0.2602
35,K,,,75,34.40254,-119.69552,0,BF,E,0.2575,,
36,K,,,76,34.41016,-119.68905,0,BF,E,0.2545,,
37,K,,,77,34.41432,-119.68025,0,BF,E,0.2229,,
38,K,,,78,34.41595,-119.66995,0,BF,E,0.2467,,
39,K,,,79,34.41698,-119.65844,0,BF,E,0.2403,,
40,K,,,80,34.41726,-119.64718,0,BF,E,0.2217,,
41,K,,,81,34.41629,-119.63595,0,BF,E,0.2746,,
42,K,,,82,34.41887,-119.62498,0,BF,E,0.2027,,
43,K,,,83,34.42095,-119.61541,0,BF,E,0.1575,,
44,K,,,84,34.41963,-119.60283,0,BF,B,0.2463,0.2177,0.2142
45,K,,,85,34.41758,-119.59187,0,BF,E,0.2116,,
46,K,,,86,34.41372,-119.58161,0,BF,E,0.1983,,
47,K,,,87,34.4149,-119.56602,0,BF,E,0.2645,,
48,K,,,88,34.41307,-119.55904,0,BF,E,0.1535,,
49,K,,,89,34.40795,-119.55146,0,BF,E,0.2391,,
50,K,,,90,34.314,-119.363,0,BF,E,0.2417,,
51,K,,,91,34.39613,-119.53439,0,BF,E,0.3068,,
52,K,,,92,34.39247,-119.52412,0,BF,E,0.2581,,
53,K,,,93,34.38714,-119.51315,0,BF,E,0.275,,
54,K,,,94,34.38518,-119.50318,0,BF,B,0.1848,0.2112,0.2075
55,K,,,95,34.38183,-119.48836,0,BF,E,0.2713,,
56,K,,,96,34.37726,-119.48154,0,BF,E,0.2402,,
57,K,,,97,34.37527,-119.47334,0,BF,E,0.321,,
58,K,,,99,34.37029,-119.45634,0,BF,E,0.25,,
59,K,,,100,34.36263,-119.44888,0,BF,E,0.2997,,
60,K,,,101,34.35574,-119.4396,0,BF,E,0.2814,,
61,K,,,102,34.35312,-119.42918,0,BF,E,0.2607,,
62,K,,,103,34.34958,-119.42507,0,BF,E,0.2452,,
63,K,,,104,34.33748,-119.41106,0,BF,B,0.3494,0.202,0.1993
64,K,,,105,34.33392,-119.40495,0,BF,E,0.1709,,
65,K,,,106,34.32853,-119.39887,0,BF,E,0.3191,,
66,K,,,107,34.31951,-119.39165,0,BF,E,0.3381,,
67,K,,,108,34.32094,-119.3767,0,BF,E,0.2808,,
68,K,,,109,34.3195,-119.36983,0,BF,E,0.2076,,
69,K,,,111,34.30828,-119.35439,0,BF,E,0.3116,,
70,K,,,112,34.30207,-119.34703,0,BF,E,0.2851,,
71,K,,,113,34.296,-119.34201,0,BF,E,0.3122,,
72,K,,,114,34.29134,-119.3381,0,BF,B,0.3114,0.2159,0.2119
73,K,,,115,34.28409,-119.32164,0,BF,E,0.2883,,
74,K,,,116,34.27864,-119.31549,0,BF,E,0.3304,,
75,K,,,117,34.27312,-119.30472,0,BF,E,0.3276,,
76,K,,,118,34.2752,-119.2928,0,BF,E,0.1684,,
77,K,,,119,34.2701,-119.282,0,BF,E,0.272,,
78,K,,,120,34.2657,-119.2779,0,BF,E,0.2534,,
79,K,,,121,34.2545,-119.2707,0,BF,E,0.324,,
80,K,,,122,34.244,-119.2681,0,BF,E,0.2145,,
81,K,,,123,34.2382,-119.2677,0,BF,E,0.3522,,
82,K,,,124,34.2277,-119.2656,0,BF,B,0.3812,0.2684,0.2614
83,K,,,125,34.2203,-119.2619,0,BF,E,0.4015,,
84,K,,,126,34.2138,-119.2586,0,BF,E,0.242,,
85,K,,,127,34.2021,-119.2517,0,BF,E,0.2609,,
86,K,,,128,34.19209,-119.24625,0,BF,E,0.3155,,
87,K,,,129,34.18343,-119.24166,0,BF,E,0.356,,
88,K,,,130,34.1762,-119.23763,0,BF,E,0.2964,,
89,K,,,131,34.16569,-119.23147,0,BF,E,0.3513,,
90,K,,,132,34.1564,-119.22499,0,BF,E,0.1773,,
91,K,,,133,34.1478,-119.2172,0,BF,E,0.5842,,
92,K,,,135,34.14337,-119.19935,0,BF,E,0.212,,
93,K,,,136,34.13923,-119.19108,0,BF,B,0.2552,0.2688,0.261
94,K,,,149,34.08819,-119.06486,0,BF,B,0.3986,0.4271,0.4192
95,K,,,150,34.0856,-119.0551,0,BF,E,0.4206,,
96,K,,,153,34.0756,-119.0226,0,BF,E,0.4363,,
97,K,,,154,34.0698,-119.0127,0,BF,E,0.476,,
98,K,,,158,34.0607,-118.9774,0,BF,E,0.4207,,
99,K,,,160,34.0519,-118.9607,0,BF,E,0.2923,,
100,K,,,162,34.0457,-118.9316,0,BF,E,0.3734,,
101,K,,,164,34.0425,-118.9162,0,BF,E,0.3838,,
102,K,,,166,34.0392,-118.8931,0,BF,E,0.3171,,
103,K,,,167,34.038,-118.8755,0,BF,E,0.3495,,
104,K,,,168,34.0378,-118.8742,0,BF,E,0.2673,,
105,K,,,169,34.0351,-118.8563,0,BF,E,0.2085,,
106,K,,,171,34.028,-118.8409,0,BF,E,0.2369,,
107,K,,,172,34.0219,-118.8324,0,BF,E,0.2767,,
108,K,,,173,34.0163,-118.8247,0,BF,E,0.2719,,
109,K,,,174,34.0125,-118.8197,0,BF,E,0.4113,,
110,K,,,175,34.0025,-118.8098,0,BF,E,0.4802,,
111,K,,,176,34.0012,-118.8079,0,BF,E,0.5593,,
112,S,6,W,,34.41658,-119.83139,0,BF,E,0.3433,,
113,S,6,W,,34.41644,-119.82836,0,BF,E,0.3131,,
114,S,6,W,,34.41636,-119.8295,0,BF,E,0.2359,,
115,S,6,W,,34.41636,-119.83056,0,BF,E,0.3409,,
116,S,6,W,,34.41614,-119.83275,0,BF,E,0.2705,,
117,S,6,W,,34.41592,-119.83383,0,BF,E,0.2999,,
118,S,6,W,,34.41567,-119.83483,0,BF,E,0.254,,
119,S,6,W,,34.41539,-119.83581,0,BF,E,0.3406,,
120,S,6,W,,34.415,-119.83686,0,BF,E,0.204,,
121,S,6,W,,34.41428,-119.83869,0,BF,E,0.2829,,
122,S,6,W,,34.41311,-119.84039,0,BF,E,0.2139,,
123,S,6,W,,34.41094,-119.8415,0,BF,E,0.2861,,
124,S,6,W,,34.40847,-119.84208,0,BF,E,0.3136,,
125,S,6,W,,34.40558,-119.84367,0,BF,E,0.3407,,
126,S,6,W,,34.40481,-119.84458,0,BF,E,0.2879,,
127,S,6,W,,34.40639,-119.84908,0,BF,E,0.3922,,
128,S,6,W,,34.40697,-119.85108,0,BF,E,0.3064,,
129,S,6,W,,34.40872,-119.85742,0,BF,E,0.3525,,
130,S,6,W,,34.40897,-119.85958,0,BF,E,0.2763,,
131,S,6,W,,34.40919,-119.86186,0,BF,E,0.2836,,
132,S,6,W,,34.40792,-119.87964,0,BF,E,0.3198,,
133,S,6,W,,34.40906,-119.88089,0,BF,E,0.3202,,
134,S,6,W,,34.41058,-119.88225,0,BF,E,0.3531,,
135,S,6,W,,34.41219,-119.88347,0,BF,B,0.3601,0.2912,0.2895
136,S,6,W,,34.41367,-119.88481,0,BF,E,0.3491,,
137,S,6,W,,34.41511,-119.88614,0,BF,E,0.2835,,
138,S,6,W,,34.41658,-119.88767,0,BF,E,0.3445,,
139,S,6,W,,34.41811,-119.88944,0,BF,E,0.4101,,
140,S,6,W,,34.41919,-119.89094,0,BF,E,0.3683,,
141,S,6,W,,34.41994,-119.89306,0,BF,E,0.3824,,
142,S,6,W,,34.42042,-119.89508,0,BF,E,0.3896,,
143,S,6,W,,34.42064,-119.89733,0,BF,E,0.2853,,
144,S,6,W,,34.421,-119.89933,0,BF,E,0.3609,,
145,S,6,W,,34.40689,-119.87814,0,BF,E,0.2434,,
146,S,6,W,,34.40822,-119.87636,0,BF,E,0.2858,,
147,S,6,W,,34.409,-119.87458,0,BF,E,0.2912,,
148,S,6,W,,34.40919,-119.87244,0,BF,E,0.2543,,
149,S,6,W,,34.40922,-119.87031,0,BF,E,0.2142,,
150,S,6,W,,34.40903,-119.86792,0,BF,B,0.1732,0.1692,0.1651
151,S,6,W,,34.40914,-119.86594,0,BF,E,0.1344,,
152,S,6,S,,34.4147,-119.83771,0,BF,E,0.2274,,
153,S,6,S,,34.4143,-119.83855,0,BF,E,0.2311,,
154,S,6,S,,34.41385,-119.83935,0,BF,E,0.2642,,
155,S,6,S,,34.41297,-119.84037,0,BF,E,0.2482,,
156,S,6,S,,34.41229,-119.84089,0,BF,E,0.2359,,
157,S,6,S,,34.4114,-119.84135,0,BF,E,0.2573,,
158,S,6,S,,34.41047,-119.84152,0,BF,E,0.2749,,
159,S,6,S,,34.40955,-119.8419,0,BF,E,0.1988,,
160,S,6,S,,34.40866,-119.84217,0,BF,E,0.299,,
161,S,6,S,,34.40746,-119.84252,0,BF,E,0.3338,,
162,S,6,S,,34.40611,-119.84355,0,BF,E,0.3478,,
163,S,6,S,,34.40544,-119.84373,0,BF,E,0.2538,,
164,S,6,S,,34.40467,-119.84438,0,BF,E,0.2552,,
165,S,6,S,,34.40515,-119.84562,0,BF,E,0.2768,,
166,S,6,S,,34.4056,-119.84663,0,BF,E,0.2443,,
167,S,6,S,,34.40599,-119.84772,0,BF,E,0.2463,,
168,S,6,S,,34.40646,-119.84887,0,BF,E,0.2655,,
169,S,6,S,,34.40702,-119.85019,0,BF,E,0.2234,,
170,S,6,S,,34.4077,-119.85207,0,BF,E,0.2096,,
171,S,6,S,,34.40845,-119.85441,0,BF,E,0.2295,,
172,S,6,S,,34.40884,-119.85639,0,BF,E,0.2564,,
173,S,6,S,,34.40902,-119.85933,0,BF,E,0.1846,,
174,S,6,S,,34.40936,-119.86251,0,BF,E,0.2527,,
175,S,6,S,,34.4092,-119.86549,0,BF,E,0.2447,,
176,S,6,S,,34.40903,-119.86707,0,BF,E,0.2556,,
177,S,6,S,,34.40912,-119.86957,0,BF,E,0.2189,,
178,S,6,S,,34.40917,-119.87205,0,BF,E,0.2544,,
179,S,6,S,,34.40859,-119.87559,0,BF,E,0.2405,,
180,S,6,S,,34.40669,-119.87862,0,BF,E,0.1671,,
181,S,6,S,,34.40768,-119.88029,0,BF,E,0.2181,,
182,S,6,S,,34.40925,-119.88161,0,BF,E,0.2681,,
183,S,6,S,,34.41225,-119.88408,0,BF,E,0.2493,,
184,S,6,S,,34.4144,-119.88605,0,BF,E,0.252,,
185,S,6,S,,34.41678,-119.82696,0,BF,E,0.2677,,
186,S,6,S,,34.41658,-119.82857,0,BF,E,0.375,,
187,S,6,S,,34.41649,-119.83083,0,BF,E,0.3174,,
188,S,6,S,,34.4159,-119.83452,0,BF,E,0.4126,,
189,S,6,S,,34.41558,-119.83569,0,BF,E,0.2472,,
190,S,6,S,,34.41502,-119.83689,0,BF,E,0.2721,,
191,S,7,W,,34.41636,-119.82775,0,BF,E,0.3069,,
192,S,7,W,,34.41664,-119.82827,0,BF,E,0.3452,,
193,S,7,W,,34.41634,-119.82844,0,BF,E,0.2455,,
194,S,7,W,,34.41628,-119.82941,0,BF,E,0.2128,,
195,S,7,W,,34.41619,-119.8318,0,BF,E,0.2631,,
196,S,7,W,,34.41607,-119.83274,0,BF,E,0.2375,,
197,S,7,W,,34.41588,-119.83388,0,BF,E,0.3378,,
198,S,7,W,,34.41555,-119.83508,0,BF,E,0.2554,,
199,S,7,W,,34.41528,-119.8358,0,BF,E,0.1581,,
200,S,7,W,,34.41495,-119.83682,0,BF,E,0.2552,,
201,S,7,W,,34.41425,-119.83839,0,BF,E,0.169,,
202,S,7,W,,34.41048,-119.84151,0,BF,E,0.1917,,
203,S,7,W,,34.40505,-119.84343,0,BF,E,0.2752,,
204,S,7,W,,34.40456,-119.84455,0,BF,E,0.2657,,
205,S,7,W,,34.40548,-119.84704,0,BF,E,0.295,,
206,S,7,W,,34.40704,-119.85091,0,BF,E,0.3221,,
207,S,7,W,,34.40823,-119.85547,0,BF,E,0.2774,,
208,S,7,W,,34.40929,-119.86248,0,BF,E,0.2243,,
209,S,7,W,,34.40909,-119.86957,0,BF,E,0.2043,,
210,S,7,W,,34.40905,-119.87292,0,BF,E,0.2706,,
211,S,7,W,,34.40767,-119.87981,0,BF,E,0.2793,,
212,S,7,W,,34.40874,-119.881,0,BF,E,0.2767,,
213,S,7,W,,34.40897,-119.88107,0,BF,E,0.2368,,
214,S,7,W,,34.41043,-119.88237,0,BF,E,0.2277,,
215,S,7,W,,34.41248,-119.88399,0,BF,E,0.2514,,
216,S,7,W,,34.41421,-119.88553,0,BF,E,0.2213,,
217,S,6,W,,34.39608,-119.53572,0,BF,E,0.243,,
218,S,6,W,,34.39608,-119.5345,0,BF,E,0.2932,,
219,S,6,W,,34.39611,-119.53453,0,BF,E,0.2858,,
220,S,6,W,,34.39589,-119.53342,0,BF,E,0.326,,
221,S,6,W,,34.39561,-119.53167,0,BF,E,0.3297,,
222,S,6,W,,34.39514,-119.5305,0,BF,E,0.3367,,
223,S,6,W,,34.39467,-119.52919,0,BF,E,0.2677,,
224,S,6,W,,34.39422,-119.52803,0,BF,E,0.4318,,
225,S,6,W,,34.39369,-119.52694,0,BF,E,0.3887,,
226,S,6,W,,34.39333,-119.52619,0,BF,B,0.2435,0.2538,0.2499
227,S,6,W,,34.39286,-119.52528,0,BF,E,0.3309,,
228,S,6,W,,34.39197,-119.52419,0,BF,E,0.4087,,
229,S,6,W,,34.39172,-119.52322,0,BF,E,0.3925,,
230,S,6,W,,34.39078,-119.52156,0,BF,E,0.3426,,
231,S,6,W,,34.38958,-119.52008,0,BF,E,0.3306,,
232,S,6,W,,34.38853,-119.51833,0,BF,E,0.271,,
233,S,6,W,,34.38711,-119.51342,0,BF,E,0.2384,,
234,S,6,S,,34.39623,-119.53488,0,BF,E,0.2914,,
235,S,6,S,,34.39612,-119.53442,0,BF,E,0.3068,,
236,S,6,S,,34.39605,-119.53402,0,BF,E,0.2746,,
237,S,6,S,,34.39601,-119.53364,0,BF,E,0.2576,,
238,S,6,S,,34.39589,-119.53268,0,BF,E,0.2466,,
239,S,6,S,,34.39573,-119.53183,0,BF,E,0.2359,,
240,S,6,S,,34.39549,-119.53098,0,BF,E,0.2515,,
241,S,6,S,,34.39518,-119.53001,0,BF,E,0.2366,,
242,S,6,S,,34.39482,-119.52912,0,BF,E,0.2237,,
243,S,6,S,,34.39453,-119.5284,0,BF,E,0.2438,,
244,S,6,S,,34.39421,-119.52757,0,BF,E,0.2458,,
245,S,6,S,,34.39383,-119.52668,0,BF,E,0.2746,,
246,S,6,S,,34.39339,-119.52591,0,BF,E,0.2475,,
247,S,6,S,,34.39296,-119.52513,0,BF,E,0.2532,,
248,S,6,S,,34.39247,-119.52417,0,BF,E,0.2581,,
249,S,6,S,,34.39204,-119.52341,0,BF,E,0.2456,,
250,S,6,S,,34.39159,-119.52262,0,BF,E,0.2654,,
251,S,6,S,,34.39108,-119.52188,0,BF,E,0.2278,,
252,S,6,S,,34.39049,-119.52116,0,BF,E,0.2437,,
253,S,6,S,,34.38994,-119.52036,0,BF,E,0.2952,,
254,S,6,S,,34.38949,-119.51962,0,BF,E,0.2157,,
255,S,6,S,,34.38902,-119.51901,0,BF,E,0.2129,,
256,S,6,S,,34.38857,-119.51834,0,BF,E,0.2372,,
257,S,6,S,,34.38796,-119.51742,0,BF,E,0.2568,,
258,S,6,S,,34.38742,-119.51641,0,BF,E,0.2806,,
259,S,6,S,,34.38745,-119.5151,0,BF,E,0.2517,,
260,S,6,S,,34.38727,-119.514,0,BF,E,0.3363,,
261,S,6,S,,34.38714,-119.51315,0,BF,E,0.275,,
262,S,6,S,,34.38682,-119.51227,0,BF,E,0.2687,,
263,S,7,W,,34.39605,-119.53397,0,BF,E,0.2875,,
264,S,7,W,,34.39594,-119.53305,0,BF,E,0.2434,,
265,S,7,W,,34.39577,-119.53282,0,BF,E,0.339,,
266,S,7,W,,34.39571,-119.53243,0,BF,E,0.289,,
267,S,7,W,,34.39532,-119.53098,0,BF,E,0.2825,,
268,S,7,W,,34.39511,-119.53037,0,BF,E,0.2905,,
269,S,7,W,,34.39478,-119.5294,0,BF,E,0.3197,,
270,S,7,W,,34.39493,-119.52928,0,BF,E,0.2708,,
271,S,7,W,,34.39438,-119.5281,0,BF,E,0.4838,,
272,S,7,W,,34.39381,-119.52691,0,BF,E,0.3126,,
273,S,7,W,,34.39307,-119.52568,0,BF,E,0.3576,,
274,S,7,W,,34.39266,-119.52397,0,BF,E,0.3092,,
275,S,7,W,,34.39221,-119.52341,0,BF,E,0.2024,,
276,S,7,W,,34.39157,-119.5222,0,BF,E,0.2043,,
277,S,7,W,,34.39026,-119.52036,0,BF,E,0.2439,,
278,S,7,W,,34.3886,-119.51766,0,BF,E,0.2166,,
279,S,7,W,,34.38755,-119.51446,0,BF,E,0.2833,,
280,S,6,W,,34.24489,-119.26769,0,BF,B,1.0459,0.4796,0.4773
281,S,6,W,,34.20672,-119.25422,0,BF,E,0.8116,,
282,S,6,W,,34.21486,-119.25853,0,BF,E,0.6368,,
283,S,6,W,,34.21917,-119.26108,0,BF,E,0.5703,,
284,S,6,W,,34.22361,-119.26389,0,BF,E,0.4259,,
285,S,6,W,,34.22756,-119.26536,0,BF,E,0.3927,,
286,S,6,W,,34.23144,-119.26692,0,BF,B,0.3685,0.245,0.241
287,S,6,W,,34.23492,-119.26722,0,BF,E,0.294,,
288,S,6,W,,34.23803,-119.26722,0,BF,E,0.3262,,
289,S,6,W,,34.24208,-119.26739,0,BF,E,0.5609,,
290,S,6,W,,34.27397,-119.28894,0,BF,E,0.2906,,
291,S,6,W,,34.27067,-119.28361,0,BF,B,0.3049,0.2885,0.2813
292,S,6,W,,34.26611,-119.27825,0,BF,E,0.3045,,
293,S,6,W,,34.26006,-119.27339,0,BF,E,0.3519,,
294,S,6,W,,34.25603,-119.27114,0,BF,E,0.3247,,
295,S,6,W,,34.27394,-119.30092,0,BF,E,0.5451,,
296,S,6,W,,34.27308,-119.30528,0,BF,E,0.4311,,
297,S,6,W,,34.27372,-119.30608,0,BF,E,0.4251,,
298,S,6,W,,34.27453,-119.30844,0,BF,E,0.4364,,
299,S,6,W,,34.27536,-119.29169,0,BF,E,0.3482,,
300,S,6,S,,34.2203,-119.2619,0,BF,E,0.4015,,
301,S,6,S,,34.2138,-119.2586,0,BF,E,0.242,,
302,S,6,S,,34.207,-119.2543,0,BF,E,0.3663,,
303,S,6,S,,34.2021,-119.2517,0,BF,E,0.2609,,
304,S,6,S,,34.198,-119.2493,0,BF,E,0.2977,,
305,S,6,S,,34.2139,-119.2581,0,BF,E,0.4415,,
306,S,6,S,,34.2236,-119.2637,0,BF,E,0.3734,,
307,S,6,S,,34.2277,-119.2656,0,BF,E,0.3812,,
308,S,6,S,,34.2317,-119.267,0,BF,E,0.334,,
309,S,6,S,,34.235,-119.2676,0,BF,E,0.3845,,
310,S,6,S,,34.2382,-119.2677,0,BF,E,0.3522,,
311,S,6,S,,34.2418,-119.2681,0,BF,E,0.3661,,
312,S,6,S,,34.244,-119.2681,0,BF,E,0.2145,,
313,S,6,S,,34.2545,-119.2707,0,BF,E,0.324,,
314,S,6,S,,34.2657,-119.2779,0,BF,E,0.2534,,
315,S,6,S,,34.2701,-119.282,0,BF,E,0.272,,
316,S,6,S,,34.2738,-119.2888,0,BF,E,0.2669,,
317,S,6,S,,34.2752,-119.2928,0,BF,E,0.1684,,
318,S,7,W,,34.27549,-119.29528,0,BF,E,0.6235,,
319,S,7,W,,34.27176,-119.28482,0,BF,E,0.3687,,
320,S,7,W,,34.26664,-119.27896,0,BF,E,0.3295,,
321,S,7,W,,34.26226,-119.27512,0,BF,E,0.287,,
322,S,7,W,,34.25501,-119.27096,0,BF,E,0.421,,
323,S,7,W,,34.24391,-119.26775,0,BF,E,1.1742,,
324,S,7,W,,34.23922,-119.26743,0,BF,E,0.2939,,
325,S,7,W,,34.23495,-119.26765,0,BF,E,0.2915,,
326,N,,,1,34.44705,-120.47138,10,O,B,0.1678,0.189,0.1842
327,N,,,1,34.44372,-120.47179,20,O,E,0.141,,
328,N,,,2,34.44631,-120.46303,5,O,E,0.1509,,
329,N,,,2,34.4448,-120.46301,10,O,B,0.1482,0.1139,0.1138
330,N,,,2,34.44008,-120.46232,20,O,E,0.1791,,
331,N,,,3,34.44075,-120.45289,5,O,B,0.2217,0.2234,0.2182
332,N,,,3,34.4402,-120.4529,10,O,B,0.2211,0.2004,0.1948
333,N,,,3,34.43857,-120.45285,20,O,E,0.3155,,
334,N,,,3,34.44782,-120.44348,5,O,B,0.1666,0.1295,0.1256
335,N,,,3,34.44623,-120.44416,10,O,B,0.1228,0.1546,0.1392
336,N,,,3,34.44071,-120.44464,20,O,E,0.1178,,
337,N,,,4,34.4477,-120.43867,5,O,E,0.1432,,
338,N,,,4,34.44769,-120.43869,10,O,E,0.1042,,
339,N,,,4,34.44239,-120.43807,20,O,E,0.1025,,
340,N,,,6,34.4491,-120.41743,5,O,E,0.1125,,
341,N,,,6,34.44648,-120.4178,10,O,E,0.0821,,
342,N,,,6,34.44122,-120.41878,20,O,E,0.0886,,
343,N,,,10,34.4549,-120.36644,5,O,E,0.1993,,
344,N,,,10,34.45302,-120.3673,10,O,E,0.1055,,
345,N,,,10,34.43973,-120.37117,20,O,N,,,
346,N,,,15,34.46168,-120.32231,5,O,E,0.1288,,
347,N,,,15,34.46045,-120.32213,10,O,E,0.0901,,
348,N,,,15,34.45492,-120.32132,20,O,E,0.083,,
349,N,,,20,34.46599,-120.26441,5,O,E,0.1472,,
350,N,,,20,34.46181,-120.26556,10,O,E,0.0925,,
351,N,,,20,34.45119,-120.26747,20,O,E,0.1302,,
352,N,,,24,34.46948,-120.22713,5,O,B,0.114,0.2212,0.2129
353,N,,,24,34.46563,-120.22719,10,O,B,0.0988,0.108,0.0899
354,N,,,24,34.45721,-120.22758,20,O,B,0.1349,0.1999,0.1934
355,N,,,30,34.4706,-120.1589,5,O,E,0.1961,,
356,N,,,30,34.46922,-120.1584,10,O,E,0.1148,,
357,N,,,30,34.46622,-120.15816,20,O,E,0.0866,,
358,N,,,35,34.46475,-120.10824,5,O,E,0.1423,,
359,N,,,35,34.463,-120.10848,10,O,E,0.0896,,
360,N,,,35,34.45829,-120.06874,20,O,E,0.0834,,
361,N,,,38,34.45828,-120.06873,5,O,B,0.865,0.1697,0.1653
362,N,,,38,34.45827,-120.06873,10,O,B,0.0782,0.1223,0.1192
363,N,,,38,34.45588,-120.06815,20,O,B,0.0836,0.0768,0.0748
364,N,,,40,34.45506,-119.99955,5,O,E,0.1156,,
365,N,,,40,34.45873,-120.05056,10,O,E,0.0907,,
366,N,,,40,34.45568,-120.0518,20,O,E,0.0872,,
367,N,,,45,34.45507,-119.99954,5,O,E,0.1466,,
368,N,,,45,34.45325,-119.99972,10,O,E,0.0872,,
369,N,,,45,34.44883,-120.00021,20,O,E,0.086,,
370,N,,,50,34.43424,-119.93797,5,O,G,0.1457,0.1388,
371,N,,,50,34.43088,-119.94074,10,O,E,0.1163,,
372,N,,,50,34.42037,-119.95074,20,O,E,0.7083,,
373,N,,,54,34.42762,-119.91366,5,O,E,0.154,,
374,N,,,54,34.42482,-119.915,10,O,E,0.0835,,
375,N,,,54,34.41938,-119.91654,20,O,E,0.0825,,
376,N,,,55,34.42114,-119.90409,5,O,E,0.2076,,
377,N,,,55,34.41904,-119.90556,10,O,N,,,
378,N,,,55,34.41624,-119.90709,20,O,E,0.0825,,
379,N,,,56,34.41827,-119.89267,5,O,E,0.1813,,
380,N,,,56,34.41637,-119.89379,10,O,E,0.1612,,
381,N,,,56,34.4113,-119.89636,20,O,E,0.0792,,
382,N,,,57,34.41013,-119.88443,5,O,E,0.2282,,
383,N,,,57,34.40814,-119.88439,10,O,E,0.1345,,
384,N,,,57,34.40293,-119.88442,20,O,E,0.0922,,
385,N,,,58,34.40577,-119.8769,5,O,E,0.1576,,
386,N,,,58,34.40368,-119.87667,10,O,N,,,
387,N,,,58,34.40149,-119.87621,20,O,E,0.157,,
388,N,,,59,34.40368,-119.87844,5,O,E,0.1707,,
389,N,,,59,34.40239,-119.86345,10,O,N,,,
390,N,,,59,34.39997,-119.86335,20,O,E,0.0854,,
391,N,,,60,34.4066,-119.8531,5,O,N,,,
392,N,,,60,34.40283,-119.85385,10,O,E,0.1133,,
393,N,,,60,34.39911,-119.85398,20,O,E,0.0995,,
394,N,,,61,34.40396,-119.84391,5,O,N,,,
395,N,,,61,34.40229,-119.84354,10,O,E,0.1585,,
396,N,,,61,34.40013,-119.84263,20,O,E,0.0847,,
397,N,,,61,34.40558,-119.84166,5,O,E,0.1254,,
398,N,,,61,34.40385,-119.83896,10,O,E,0.0967,,
399,N,,,61,34.40251,-119.83426,20,O,E,0.0853,,
400,N,,,62,34.41421,-119.83186,5,O,E,0.0884,,
401,N,,,62,34.40793,-119.82951,10,O,E,0.0878,,
402,N,,,62,34.40402,-119.82646,20,O,E,0.08,,
403,N,,,63,34.41479,-119.823,5,O,E,0.08,,
404,N,,,63,34.40991,-119.82132,10,O,E,0.0941,,
405,N,,,63,34.4032,-119.81884,20,O,E,0.1071,,
406,N,,,64,34.4153,-119.8114,5,O,N,,,
407,N,,,64,34.4109,-119.81084,10,O,E,0.0785,,
408,N,,,64,34.40315,-119.80963,20,O,E,0.1201,,
409,N,,,65,34.41438,-119.8056,5,O,E,0.323,,
410,N,,,65,34.41117,-119.8045,10,O,E,0.0892,,
411,N,,,65,34.40393,-119.8015,20,O,E,0.1034,,
412,N,,,66,34.41615,-119.7911,5,O,E,0.1609,,
413,N,,,66,34.41032,-119.79178,10,O,E,0.0826,,
414,N,,,66,34.40419,-119.79117,20,O,E,0.0763,,
415,N,,,67,34.41322,-119.7799,5,O,E,0.1326,,
416,N,,,67,34.40967,-119.7808,10,O,E,0.0874,,
417,N,,,67,34.40272,-119.78272,20,O,E,0.0788,,
418,N,,,68,34.40949,-119.77114,5,O,E,0.2873,,
419,N,,,68,34.40688,-119.7719,10,O,E,0.0799,,
420,N,,,68,34.40076,-119.77375,20,O,E,0.0838,,
421,N,,,69,34.40509,-119.75935,5,O,E,0.1948,,
422,N,,,69,34.40347,-119.75908,10,O,E,0.1036,,
423,N,,,69,34.39843,-119.7601,20,O,E,0.0771,,
424,N,,,70,34.4015,-119.74815,5,O,E,0.1992,,
425,N,,,70,34.39997,-119.7479,10,O,E,0.0834,,
426,N,,,70,34.39643,-119.74922,20,O,E,0.0842,,
427,N,,,71,34.3986,-119.73775,5,O,E,0.1793,,
428,N,,,71,34.39693,-119.73785,10,O,E,0.1038,,
429,N,,,71,34.39208,-119.73787,20,O,E,0.0862,,
430,N,,,72,34.39471,-119.72937,5,O,E,0.1911,,
431,N,,,72,34.39332,-119.72954,10,O,E,0.1877,,
432,N,,,72,34.39064,-119.72942,20,O,E,0.101,,
433,N,,,73,34.39419,-119.71545,5,O,E,0.1369,,
434,N,,,73,34.39215,-119.71718,10,O,E,0.0774,,
435,N,,,73,34.38813,-119.7183,20,O,E,0.0786,,
436,N,,,74,34.39453,-119.7035,5,O,E,0.1006,,
437,N,,,74,34.39208,-119.70347,10,O,E,0.0892,,
438,N,,,74,34.38853,-119.70266,20,O,E,0.0831,,
439,N,,,75,34.401,-119.69508,5,O,E,0.1026,,
440,N,,,75,34.39877,-119.69377,10,O,N,,,
441,N,,,75,34.39094,-119.69092,20,O,E,0.0945,,
442,N,,,76,34.40715,-119.68652,5,O,E,0.0798,,
443,N,,,76,34.40494,-119.68497,10,O,E,0.1345,,
444,N,,,76,34.39619,-119.67858,20,O,E,0.0911,,
445,N,,,77,34.41309,-119.67938,5,O,E,0.0839,,
446,N,,,77,34.40884,-119.67701,10,O,E,0.081,,
447,N,,,77,34.39698,-119.67348,20,O,E,0.0977,,
448,N,,,78,34.4147,-119.66949,5,O,E,0.0796,,
449,N,,,78,34.41147,-119.66923,10,O,E,0.0844,,
450,N,,,78,34.4023,-119.66617,20,O,E,0.0837,,
451,N,,,79,34.41617,-119.65914,5,O,E,0.1294,,
452,N,,,79,34.41265,-119.65849,10,O,E,0.082,,
453,N,,,79,34.40484,-119.65705,20,O,E,0.085,,
454,N,,,80,34.41609,-119.64765,5,O,E,0.1191,,
455,N,,,80,34.41315,-119.64745,10,O,E,0.0778,,
456,N,,,80,34.40413,-119.64771,20,O,E,0.0808,,
457,N,,,81,34.4156,-119.63471,5,O,E,0.0982,,
458,N,,,81,34.41165,-119.63394,10,O,E,0.0819,,
459,N,,,81,34.40376,-119.63219,20,O,E,0.0858,,
460,N,,,82,34.41746,-119.62565,5,O,E,0.095,,
461,N,,,82,34.41233,-119.62532,10,O,E,0.0812,,
462,N,,,82,34.40395,-119.62468,20,O,E,0.0827,,
463,N,,,83,34.41941,-119.61497,5,O,E,0.0739,,
464,N,,,83,34.4119,-119.6152,10,O,E,0.0758,,
465,N,,,83,34.40506,-119.61541,20,O,E,0.0887,,
466,N,,,84,34.41801,-119.60471,5,O,E,0.1041,,
467,N,,,84,34.41244,-119.60489,10,O,E,0.0792,,
468,N,,,84,34.40612,-119.60461,20,O,E,0.0859,,
469,N,,,85,34.41687,-119.59302,5,O,E,0.1639,,
470,N,,,85,34.41107,-119.59372,10,O,E,0.0807,,
471,N,,,85,34.40384,-119.59501,20,O,E,0.0845,,
472,N,,,86,34.41262,-119.58218,5,O,E,0.2155,,
473,N,,,86,34.40918,-119.5824,10,O,E,0.0973,,
474,N,,,86,34.39891,-119.58423,20,O,E,0.0853,,
475,N,,,87,34.41158,-119.57075,5,O,E,0.2572,,
476,N,,,87,34.40666,-119.57071,10,O,E,0.077,,
477,N,,,87,34.39101,-119.57206,20,O,E,0.0799,,
478,N,,,88,34.41249,-119.56021,5,O,E,0.1132,,
479,N,,,88,34.40296,-119.56419,10,O,E,0.0765,,
480,N,,,89,34.40703,-119.55243,5,O,E,0.1603,,
481,N,,,89,34.39866,-119.5553,10,O,E,0.0782,,
482,N,,,90,34.40017,-119.54424,5,O,E,0.1529,,
483,N,,,90,34.39444,-119.54879,10,O,E,0.0776,,
484,N,,,90,34.38611,-119.55487,20,O,E,0.0838,,
485,N,,,91,34.39448,-119.53752,5,O,N,,,
486,N,,,91,34.38983,-119.53939,10,O,E,0.2369,,
487,N,,,91,34.38509,-119.54178,20,O,E,0.0931,,
488,N,,,92,34.39173,-119.52545,5,O,E,0.1677,,
489,N,,,92,34.38919,-119.52642,10,O,E,0.0792,,
490,N,,,92,34.3824,-119.53041,20,O,E,0.0785,,
491,N,,,93,34.3864,-119.51609,5,O,E,0.1185,,
492,N,,,93,34.38471,-119.51622,10,O,E,0.0801,,
493,N,,,93,34.37984,-119.51799,20,O,E,0.08,,
494,N,,,94,34.38782,-119.53154,0,O,E,0.0921,,
495,N,,,94,34.38356,-119.5027,5,O,E,0.1966,,
496,N,,,94,34.38192,-119.50315,10,O,E,0.0913,,
497,N,,,94,34.37602,-119.50529,20,O,E,0.0865,,
498,N,,,95,34.38229,-119.49526,5,O,B,0.1821,0.1757,0.172
499,N,,,95,34.38051,-119.49545,10,O,B,0.091,0.1016,0.1019
500,N,,,95,34.37493,-119.4974,20,O,E,0.0894,,
501,N,,,96,34.37866,-119.48504,5,O,E,0.1617,,
502,N,,,96,34.37612,-119.48598,10,O,E,0.0822,,
503,N,,,96,34.3676,-119.48848,20,O,E,0.084,,
504,N,,,97,34.37132,-119.47901,5,O,E,0.1882,,
505,N,,,97,34.36919,-119.47908,10,O,N,,,
506,N,,,97,34.3599,-119.4798,20,O,E,0.1416,,
507,N,,,98,34.37368,-119.46481,5,O,E,0.1255,,
508,N,,,98,34.36831,-119.4661,10,O,E,0.0843,,
509,N,,,98,34.35455,-119.47138,20,O,E,0.0831,,
510,N,,,99,34.3679,-119.45646,5,O,E,0.2092,,
511,N,,,99,34.36336,-119.4579,10,O,E,0.0773,,
512,N,,,99,34.3494,-119.4621,20,O,E,0.0843,,
513,N,,,100,34.36129,-119.44969,5,O,E,0.1694,,
514,N,,,100,34.35783,-119.45164,10,O,E,0.0814,,
515,N,,,100,34.34686,-119.45681,20,O,E,0.0816,,
516,N,,,101,34.3541,-119.4413,5,O,E,0.1312,,
517,N,,,101,34.34921,-119.44208,10,O,E,0.1418,,
518,N,,,101,34.33863,-119.44406,20,O,E,0.0824,,
519,N,,,102,34.35253,-119.43149,5,O,E,0.1391,,
520,N,,,102,34.34283,-119.43268,10,O,E,0.1796,,
521,N,,,102,34.33299,-119.4355,20,O,E,0.0848,,
522,N,,,103,34.34589,-119.42494,5,O,E,0.1796,,
523,N,,,103,34.34053,-119.42804,10,O,E,0.0814,,
524,N,,,103,34.33121,-119.43208,20,O,E,0.0864,,
525,N,,,104,34.33865,-119.41552,5,O,E,0.1346,,
526,N,,,104,34.33332,-119.41819,10,O,E,0.0809,,
527,N,,,104,34.32602,-119.42303,20,O,E,0.0837,,
528,N,,,105,34.33436,-119.40893,5,O,N,,,
529,N,,,105,34.3303,-119.4128,10,O,E,0.0829,,
530,N,,,105,34.32327,-119.42036,20,O,E,0.0849,,
531,N,,,106,34.32825,-119.40043,5,O,E,0.1547,,
532,N,,,106,34.32507,-119.40527,10,O,E,0.0893,,
533,N,,,106,34.31903,-119.41405,20,O,E,0.0867,,
534,N,,,107,34.32149,-119.39519,5,O,E,0.1853,,
535,N,,,107,34.31957,-119.39851,10,O,E,0.0901,,
536,N,,,107,34.3153,-119.40863,20,O,E,0.087,,
537,N,,,108,34.31796,-119.39364,5,O,E,0.1893,,
538,N,,,108,34.31642,-119.39356,10,O,E,0.0872,,
539,N,,,108,34.31145,-119.40107,20,O,E,0.0823,,
540,N,,,109,34.31812,-119.37469,5,O,E,0.1258,,
541,N,,,109,34.31111,-119.3822,10,O,E,0.0826,,
542,N,,,109,34.30515,-119.38851,20,O,E,0.0802,,
543,N,,,110,34.31313,-119.36549,5,O,E,0.0986,,
544,N,,,110,34.30539,-119.37329,10,O,E,0.0823,,
545,N,,,110,34.29909,-119.37867,20,O,E,0.0858,,
546,N,,,111,34.3063,-119.35785,5,O,E,0.1644,,
547,N,,,111,34.30048,-119.36491,10,O,E,0.0839,,
548,N,,,111,34.2948,-119.37063,20,O,E,0.0859,,
549,N,,,112,34.30108,-119.34783,5,O,E,0.119,,
550,N,,,112,34.29605,-119.35422,10,O,E,0.0879,,
551,N,,,112,34.2886,-119.36095,20,O,E,0.0843,,
552,N,,,113,34.29288,-119.34222,5,O,E,0.1523,,
554,N,,,113,34.28057,-119.35002,20,O,E,0.0884,,
555,N,,,114,34.28642,-119.33309,5,O,E,0.1602,,
556,N,,,114,34.28381,-119.33501,10,O,E,0.0884,,
557,N,,,114,34.27498,-119.34156,20,O,E,0.0933,,
558,N,,,115,34.28362,-119.32492,5,O,E,0.1392,,
559,N,,,115,34.28039,-119.32762,10,O,E,0.0882,,
560,N,,,115,34.26805,-119.33164,20,O,E,0.0913,,
561,N,,,116,34.27568,-119.31502,5,O,E,0.1882,,
562,N,,,116,34.27371,-119.31669,10,O,E,0.0918,,
563,N,,,116,34.26243,-119.32067,20,O,E,0.0883,,
565,N,,,117,34.26727,-119.304,10,O,E,0.1084,,
566,N,,,117,34.25649,-119.31068,20,O,E,0.107,,
567,N,,,118,34.27358,-119.29296,5,O,E,0.1024,,
568,N,,,118,34.26755,-119.29521,10,O,E,0.0934,,
569,N,,,119,34.2691,-119.28376,5,O,E,0.1416,,
570,N,,,119,34.26582,-119.287,10,O,E,0.1068,,
571,N,,,120,34.26291,-119.27815,5,O,E,0.1719,,
572,N,,,120,34.26162,-119.28048,10,O,E,0.1089,,
573,N,,,120,34.24662,-119.31031,20,O,E,0.097,,
574,N,,,121,34.25528,-119.27273,5,O,E,0.1726,,
575,N,,,121,34.25481,-119.27548,10,O,E,0.0972,,
576,N,,,122,34.244,-119.26965,5,O,E,0.1522,,
577,N,,,122,34.2435,-119.27483,10,O,E,0.1059,,
578,N,,,123,34.23793,-119.26933,5,O,E,0.1513,,
579,N,,,123,34.23674,-119.27674,10,O,E,0.096,,
580,N,,,123,34.23672,-119.30961,20,O,E,0.0904,,
581,N,,,124,34.22757,-119.26802,5,O,B,0.2153,0.178,0.1835
582,N,,,124,34.2263,-119.2779,10,O,B,0.0919,0.0714,0.0698
583,N,,,124,34.22643,-119.31075,20,O,E,0.0856,,
584,N,,,125,34.21879,-119.26409,5,O,E,0.1247,,
585,N,,,125,34.21685,-119.26908,10,O,E,0.1081,,
586,N,,,0,34.21685,-119.31299,20,O,E,0.0854,,
587,N,,,0,34.20727,-119.31721,20,O,E,0.0956,,
588,N,,,126,34.20963,-119.25885,5,O,E,0.1451,,
589,N,,,126,34.2085,-119.26245,10,O,E,0.0893,,
590,N,,,0,34.19756,-119.31316,20,O,E,0.0825,,
591,N,,,0,34.18941,-119.31254,20,O,E,0.0959,,
592,N,,,127,34.20276,-119.25495,5,O,E,0.1468,,
593,N,,,127,34.2013,-119.25761,10,O,E,0.0975,,
594,N,,,127,34.17906,-119.3127,20,O,E,0.0828,,
595,N,,,128,34.19159,-119.24856,5,O,E,0.1669,,
596,N,,,128,34.19064,-119.2514,10,O,E,0.0995,,
597,N,,,128,34.17043,-119.3062,20,O,E,0.0935,,
598,N,,,129,34.18358,-119.24428,5,O,E,0.11,,
599,N,,,129,34.18251,-119.2472,10,O,E,0.1244,,
600,N,,,129,34.15916,-119.2932,20,O,E,0.0893,,
601,N,,,130,34.17406,-119.2395,5,O,E,0.1345,,
602,N,,,130,34.17283,-119.24206,10,O,E,0.0983,,
603,N,,,130,34.15127,-119.28405,20,O,E,0.0897,,
604,N,,,131,34.16545,-119.23387,5,O,E,0.1207,,
605,N,,,131,34.16328,-119.23728,10,O,E,0.0852,,
606,N,,,131,34.1428,-119.27635,20,O,E,0.0852,,
607,N,,,132,34.15642,-119.22696,5,O,E,0.2197,,
608,N,,,132,34.15474,-119.23411,10,O,E,0.0972,,
609,N,,,132,34.14279,-119.25962,20,O,E,0.0902,,
610,N,,,133,34.15066,-119.2211,5,O,B,0.1816,0.2832,0.281
611,N,,,133,34.14647,-119.22272,10,O,B,0.0833,0.0891,0.0865
612,N,,,133,34.14032,-119.24239,20,O,E,0.094,,
613,N,,,134,34.14265,-119.21033,5,O,E,0.1576,,
614,N,,,134,34.14014,-119.21207,10,O,E,0.1076,,
615,N,,,134,34.13533,-119.21512,20,O,E,0.0876,,
616,N,,,135,34.1409,-119.19742,5,O,E,0.181,,
617,N,,,135,34.13811,-119.19972,10,O,E,0.0926,,
618,N,,,135,34.12229,-119.21182,20,O,E,0.0801,,
619,N,,,136,34.13673,-119.18991,5,O,E,0.1128,,
620,N,,,136,34.1344,-119.19194,10,O,E,0.0984,,
621,N,,,136,34.11967,-119.2019,20,O,E,0.1032,,
622,N,,,138,34.12662,-119.17368,5,O,E,0.1363,,
623,N,,,138,34.12486,-119.17605,10,O,E,0.0845,,
624,N,,,138,34.11166,-119.18854,20,O,E,0.0841,,
625,N,,,140,34.1143,-119.15566,5,O,E,0.1215,,
626,N,,,140,34.11076,-119.15742,10,O,E,0.0816,,
627,N,,,140,34.10024,-119.16669,20,O,E,0.0895,,
628,N,,,142,34.10209,-119.13545,5,O,E,0.1186,,
629,N,,,142,34.09944,-119.13888,10,O,E,0.0749,,
630,N,,,142,34.09235,-119.14134,20,O,E,0.0873,,
631,N,,,144,34.09478,-119.11601,5,O,E,0.1408,,
632,N,,,144,34.09185,-119.11488,10,O,E,0.1002,,
633,N,,,144,34.08747,-119.11489,20,O,E,0.0841,,
634,N,,,146,34.09816,-119.0951,10,O,E,0.1061,,
635,N,,,146,34.09458,-119.0945,20,O,E,0.0858,,
636,N,,,148,34.09084,-119.07241,5,O,B,0.1204,0.0704,0.0677
637,N,,,148,34.0887,-119.07476,10,O,E,0.0891,,
638,N,,,148,34.08572,-119.07931,20,O,E,0.0857,,
639,N,,,149,34.08558,-119.06645,10,O,E,0.1065,,
640,N,,,150,34.08492,-119.06128,5,O,E,0.3007,,
641,N,,,150,34.08414,-119.06253,10,O,E,0.1402,,
642,N,,,150,34.07773,-119.0645,20,O,E,0.1174,,
643,S,6,W,,34.39625,-119.53569,,MB,E,0.2566,,
644,S,6,W,,34.39619,-119.53447,,MB,E,0.2719,,
645,S,6,W,,34.39606,-119.53339,,MB,E,0.238,,
646,S,6,W,,34.39578,-119.53158,,MB,E,0.2707,,
647,S,6,W,,34.39544,-119.53031,,MB,E,0.2987,,
648,S,6,W,,34.39522,-119.52889,,MB,E,0.2062,,
649,S,6,W,,34.39383,-119.52589,,MB,E,0.2333,,
650,S,6,W,,34.39267,-119.52386,,MB,E,0.3604,,
651,S,6,W,,34.38997,-119.51975,,MB,E,0.3914,,
652,S,6,W,,34.39631,-119.53569,,BB,E,0.2621,,
653,S,6,W,,34.39628,-119.53447,,BB,E,0.2497,,
654,S,6,W,,34.39619,-119.53333,,BB,E,0.2708,,
655,S,6,W,,34.39589,-119.53156,,BB,E,0.2426,,
656,S,6,W,,34.39558,-119.53025,,BB,E,0.2501,,
657,S,6,W,,34.39542,-119.52883,,BB,E,0.1861,,
658,S,6,W,,34.39397,-119.52578,,BB,B,0.2354,0.2513,0.2476
659,S,6,W,,34.39289,-119.52375,,BB,E,0.2569,,
660,S,6,W,,34.39014,-119.51958,,BB,E,0.3286,,
661,S,6,W,,34.41722,-119.82614,,MB,E,0.1604,,
662,S,6,W,,34.41683,-119.82733,,MB,E,0.3484,,
663,S,6,W,,34.41675,-119.82842,,MB,E,0.1707,,
664,S,6,W,,34.41658,-119.83172,,MB,B,0.275,0.2546,0.2504
665,S,6,W,,34.41586,-119.83494,,MB,E,0.233,,
666,S,6,W,,34.408,-119.87956,,MB,E,0.2654,,
667,S,6,W,,34.41672,-119.88753,,MB,E,0.3078,,
668,S,6,W,,34.41931,-119.89083,,MB,B,0.2735,0.3136,0.312
669,S,6,W,,34.40708,-119.87817,,MB,E,0.2148,,
670,S,6,W,,34.41611,-119.83503,,BB,E,0.3119,,
671,S,6,W,,34.40808,-119.87936,,BB,E,0.1925,,
672,S,6,W,,34.41683,-119.88736,,BB,E,0.2308,,
673,S,6,W,,34.24492,-119.26753,,MB,B,0.4496,0.5085,0.48
674,S,6,W,,34.27508,-119.30972,,MB,E,0.6326,,
675,S,6,W,,34.27544,-119.29169,,MB,E,0.4167,,
676,S,6,W,,34.24517,-119.267,,BB,B,0.7008,0.4537,0.4595
677,S,6,W,,34.27567,-119.29158,,BB,E,0.3553,,
678,K,,,14,34.08825,-119.06479,,MB,E,1.0332,,
679,K,,,24,34.47085,-120.22627,,MB,E,0.3543,,
680,K,,,24,34.47107,-120.22728,,MB,E,0.2936,,
681,K,,,38,34.4628,-120.07163,,MB,E,0.2572,,
682,K,,,39,34.46254,-120.06665,,MB,E,0.2994,,
683,K,,,42,34.46091,-120.02942,,MB,E,0.2802,,
684,K,,,57,34.40806,-119.87963,,MB,E,0.2274,,
685,K,,,58,34.40932,-119.8698,,MB,E,0.3888,,
686,K,,,60,34.40758,-119.8508,,MB,E,0.3989,,
687,K,,,62,34.41597,-119.83446,,MB,E,0.2208,,
688,K,,,70,34.40368,-119.74709,,MB,E,0.1738,,
689,K,,,75,34.40271,-119.69506,,MB,E,0.1656,,
690,K,,,75,34.40266,-119.69557,,MB,E,0.2971,,
691,K,,,76,34.4106,-119.68976,,MB,E,0.1426,,
692,K,,,76,34.41031,-119.68925,,MB,E,0.1913,,
693,K,,,77,34.41457,-119.6803,,MB,E,0.2058,,
694,K,,,77,34.41444,-119.68027,,MB,E,0.3062,,
695,K,,,78,34.4161,-119.66998,,MB,E,0.2747,,
696,K,,,79,34.41709,-119.65842,,MB,E,0.2454,,
697,K,,,80,34.41737,-119.64716,,MB,E,0.2325,,
698,K,,,80,34.41732,-119.64719,,MB,E,0.2529,,
699,K,,,81,34.41637,-119.63601,,MB,E,0.2136,,
700,K,,,82,34.41894,-119.62495,,MB,E,0.2919,,
701,K,,,84,34.41979,-119.6028,,MB,E,0.2275,,
702,K,,,84,34.41972,-119.6028,,MB,E,0.3763,,
703,K,,,88,34.41313,-119.55877,,MB,E,0.2433,,
704,K,,,89,34.40808,-119.55132,,MB,E,0.17,,
705,K,,,91,34.39532,-119.52947,,MB,E,0.1817,,
706,K,,,92,34.39292,-119.52429,,MB,E,0.2515,,
707,K,,,93,34.38753,-119.51421,,MB,E,0.2075,,
708,K,,,96,34.37732,-119.48138,,MB,E,0.2742,,
709,K,,,99,34.37043,-119.45616,,MB,E,0.2523,,
710,K,,,100,34.36274,-119.44868,,MB,E,0.2534,,
711,K,,,102,34.35328,-119.42893,,MB,E,0.2261,,
712,K,,,106,34.32861,-119.39872,,MB,E,0.404,,
713,K,,,107,34.31955,-119.39153,,MB,E,0.365,,
714,K,,,108,34.32114,-119.37671,,MB,E,0.425,,
715,K,,,111,34.3084,-119.35425,,MB,E,0.2417,,
716,K,,,112,34.30221,-119.34685,,MB,E,0.2388,,
717,K,,,117,34.2733,-119.30478,,MB,E,0.4241,,
718,K,,,119,34.27318,-119.28651,,MB,E,0.3259,,
719,K,,,120,34.26368,-119.27558,,MB,E,0.3847,,
720,K,,,122,34.25497,-119.27049,,MB,E,0.3588,,
721,K,,,123,34.24519,-119.26758,,MB,E,0.2215,,
722,K,,,123,34.23994,-119.26723,,MB,E,0.2822,,
723,K,,,127,34.19831,-119.2488,,MB,E,0.4163,,
724,K,,,127,34.19818,-119.24924,,MB,E,0.3136,,
725,K,,,128,34.19233,-119.24558,,MB,E,0.3439,,
726,K,,,128,34.19217,-119.24601,,MB,E,0.3767,,
727,K,,,129,34.18349,-119.24112,,MB,E,0.3026,,
728,K,,,129,34.18351,-119.24143,,MB,E,0.6065,,
729,K,,,129,34.18351,-119.24143,,MB,E,0.3918,,
730,K,,,130,34.17648,-119.23728,,MB,E,0.2947,,
731,K,,,130,34.17626,-119.23747,,MB,E,0.3607,,
732,K,,,131,34.16589,-119.23077,,MB,E,0.3413,,
733,K,,,131,34.16573,-119.23128,,MB,E,0.3157,,
734,K,,,132,34.15691,-119.22466,,MB,E,0.2846,,
735,K,,,132,34.15656,-119.2249,,MB,E,0.2705,,
736,K,,,133,34.14801,-119.21641,,MB,E,0.3774,,
737,K,,,133,34.14788,-119.21702,,MB,E,1.1814,,
738,K,,,149,34.08825,-119.06479,,MB,E,0.4737,,
739,K,,,153,34.07558,-119.02254,,MB,E,0.494,,
740,K,,,154,34.06979,-119.0127,,MB,E,0.3952,,
741,K,,,154,34.06979,-119.0127,,MB,E,0.7442,,
742,K,,,160,34.05203,-118.96063,,MB,E,0.3735,,
743,K,,,162,34.04581,-118.93156,,MB,E,0.4517,,
744,K,,,164,34.04265,-118.91623,,MB,E,0.595,,
745,K,,,166,34.03934,-118.893,,MB,E,0.5695,,
746,K,,,167,34.03803,-118.87546,,MB,E,0.3686,,
747,K,,,168,34.03798,-118.87412,,MB,E,0.4876,,
748,K,,,171,34.02811,-118.84082,,MB,E,0.5223,,
749,K,,,172,34.02241,-118.83201,,MB,E,0.4247,,
750,K,,,173,34.01661,-118.82449,,MB,E,0.4812,,
751,K,,,174,34.01279,-118.81941,,MB,E,0.5002,,
752,K,,,175,34.00265,-118.80939,,MB,E,0.6576,,
753,K,,,24,34.47122,-120.22725,,BB,E,0.237,,
754,K,,,57,34.40816,-119.87943,,BB,E,0.2635,,
755,K,,,62,34.41624,-119.83449,,BB,E,0.3271,,
756,K,,,70,34.40375,-119.74709,,BB,E,0.3101,,
757,K,,,75,34.40312,-119.69521,,BB,E,0.347,,
758,K,,,75,34.41359,-119.69559,,BB,E,0.3568,,
759,K,,,76,34.41095,-119.69012,,BB,E,0.386,,
760,K,,,77,34.4148,-119.68035,,BB,E,0.3428,,
761,K,,,78,34.41671,-119.66998,,BB,E,0.4423,,
762,K,,,79,34.41718,-119.65847,,BB,E,0.3105,,
763,K,,,80,34.41745,-119.64715,,BB,E,0.3548,,
764,K,,,81,34.41645,-119.63603,,BB,E,0.3423,,
765,K,,,82,34.4191,-119.62491,,BB,E,0.3329,,
766,K,,,84,34.41996,-119.60266,,BB,E,0.457,,
767,K,,,92,34.39309,-119.5241,,BB,E,0.9926,,
768,K,,,96,34.3774,-119.48125,,BB,E,0.555,,
769,K,,,99,34.37063,-119.45587,,BB,E,0.4051,,
770,K,,,102,34.35342,-119.42882,,BB,E,0.4353,,
771,K,,,106,34.32863,-119.39865,,BB,E,0.2328,,
772,K,,,113,34.29609,-119.34184,,BB,E,0.2294,,
773,K,,,117,34.27352,-119.30477,,BB,E,0.1616,,
774,K,,,119,34.2733,-119.28643,,BB,E,0.2319,,
775,K,,,120,34.26381,-119.27528,,BB,E,0.1547,,
776,K,,,121,34.25517,-119.2703,,BB,E,0.2352,,
777,K,,,122,34.24533,-119.2672,,BB,E,0.123,,
778,K,,,123,34.23952,-119.26615,,BB,E,0.2359,,
779,K,,,127,34.19855,-119.24815,,BB,E,0.3874,,
780,K,,,128,34.19255,-119.24495,,BB,E,0.2014,,
781,K,,,129,34.18362,-119.24032,,BB,E,0.2212,,
782,K,,,130,34.17656,-119.23686,,BB,E,0.2423,,
783,K,,,131,34.16596,-119.23025,,BB,E,0.305,,
784,K,,,133,34.14817,-119.2156,,BB,E,0.2453,,
785,K,,,135,34.14426,-119.19884,,BB,E,0.2493,,
786,K,,,136,34.14032,-119.19058,,BB,E,0.2531,,
787,K,,,149,34.0886,-119.06422,,BB,E,0.2265,,
788,K,,,154,34.06992,-119.01259,,BB,E,0.2741,,
789,K,,,171,34.02829,-118.84056,,BB,E,0.1726,,
