,Unnamed: 0,hs_max,hs_mean,dir,tp,latitude_left,latitude_left.1,longitude_left,longitude_left.1,quality_flag_left,quality_flag_right,d50,width_ci_average,beach_slope_average,beach_slope_median,sl_points_average,mstr,prc_mstr_obs,min_tide_obs,max_tide_obs,site_id,beach_slope,lower_conf_bound,upper_conf_bound,width_ci,sl_points,trend,distance,latitude,longitude,geometry
0,1,0.5155406670764764,0.424360322687438,93.52148094965868,5.777091633571591,25.80536,25.758802272501157,-80.12286,-80.13672553888198,Medium,Medium,0.809927931657867,0.0332,0.1042857142857142,0.0975,517.0,0.9670698642730712,99.20042753359988,-0.4461395795750516,0.5131978603324392,usa_FL_0003,0.11,0.0941,0.139,0.0449,526.0,0.6558348435041119,0.0011530470800834,25.7463145774396,-80.13449035522092,POINT (-80.13449035522092 25.7463145774396)
1,2,0.4360994586388613,0.3626989273570316,83.69691489332388,6.142300943229996,25.80536,25.758802272501157,-80.12286,-80.13672553888198,Medium,High,0.809927931657867,0.0332,0.1042857142857142,0.0975,517.0,0.9670698642730712,99.20042753359988,-0.4461395795750516,0.5131978603324392,usa_FL_0003,0.07,0.0621,0.0824,0.0203,495.0,0.5245868167991773,0.0009321922299567,25.77893901106769,-80.13475964862356,POINT (-80.13475964862356 25.77893901106769)
2,2,0.4360994586388613,0.3626989273570316,83.69691489332388,6.142300943229996,25.80536,25.758802272501157,-80.12286,-80.13672553888198,Medium,Medium,0.809927931657867,0.0332,0.1042857142857142,0.0975,517.0,0.9670698642730712,99.20042753359988,-0.4461395795750516,0.5131978603324392,usa_FL_0003,0.11,0.0941,0.139,0.0449,526.0,0.6558348435041119,0.0011530470800834,25.7796483524396,-80.13449035522092,POINT (-80.13449035522092 25.7796483524396)
3,5,0.8717541330152951,0.720257415774253,73.71198139341736,6.658795205991078,25.80536,25.758802272501157,-80.12286,-80.13672553888198,Medium,High,0.809927931657867,0.0332,0.1042857142857142,0.0975,517.0,0.9670698642730712,99.20042753359988,-0.4461395795750516,0.5131978603324392,usa_FL_0003,0.07,0.0635,0.0827,0.0192,523.0,0.5766617223259404,0.0007237063143981,25.879159784451176,-80.10134118726904,POINT (-80.10134118726904 25.879159784451176)
4,5,0.8717541330152951,0.720257415774253,73.71198139341736,6.658795205991078,25.80536,25.758802272501157,-80.12286,-80.13672553888198,Medium,High,0.809927931657867,0.0332,0.1042857142857142,0.0975,517.0,0.9670698642730712,99.20042753359988,-0.4461395795750516,0.5131978603324392,usa_FL_0003,0.075,0.0673,0.0851,0.0178,507.0,0.352006710870941,0.001260686434747,25.87874561009928,-80.10146642988995,POINT (-80.10146642988995 25.87874561009928)
6,1,0.5155406670764764,0.424360322687438,93.52148094965868,5.777091633571591,25.80536,25.758802272501157,-80.12286,-80.13672553888198,Medium,Medium,0.809927931657867,0.0332,0.1042857142857142,0.0975,517.0,0.9670698642730712,99.20042753359988,-0.4461395795750516,0.5131978603324392,usa_FL_0003,0.09,0.0748,0.1074,0.0326,531.0,0.5951379922760749,0.0007333020651647,25.74602872695553,-80.13461626851428,POINT (-80.13461626851428 25.74602872695553)
7,0,0.5862837014217532,0.4834932137293584,95.51347134013028,5.683103628109475,25.80536,25.758802272501157,-80.12286,-80.13672553888198,Medium,Medium,0.809927931657867,0.0332,0.1042857142857142,0.0975,517.0,0.9670698642730712,99.20042753359988,-0.4461395795750516,0.5131978603324392,usa_FL_0003,0.09,0.0748,0.1074,0.0326,531.0,0.5951379922760749,0.0007333020651647,25.71269590195553,-80.13461626851428,POINT (-80.13461626851428 25.71269590195553)
8,3,0.4046619407865741,0.3337394803281405,84.70841024224472,5.996292719901714,25.80536,25.758802272501157,-80.12286,-80.13672553888198,Medium,Medium,0.809927931657867,0.0332,0.1042857142857142,0.0975,517.0,0.9670698642730712,99.20042753359988,-0.4461395795750516,0.5131978603324392,usa_FL_0003,0.11,0.0941,0.139,0.0449,526.0,0.6558348435041119,0.0011530470800834,25.8129821324396,-80.13449035522092,POINT (-80.13449035522092 25.8129821324396)
9,2,0.4360994586388613,0.3626989273570316,83.69691489332388,6.142300943229996,25.80536,25.758802272501157,-80.12286,-80.13672553888198,Medium,High,0.809927931657867,0.0332,0.1042857142857142,0.0975,517.0,0.9670698642730712,99.20042753359988,-0.4461395795750516,0.5131978603324392,usa_FL_0003,0.07,0.0635,0.0827,0.0192,523.0,0.5766617223259404,0.0007237063143981,25.779159399451174,-80.13467401226904,POINT (-80.13467401226904 25.779159399451174)
10,0,0.5862837014217532,0.4834932137293584,95.51347134013028,5.683103628109475,25.80536,25.758802272501157,-80.12286,-80.13672553888198,Medium,High,0.809927931657867,0.0332,0.1042857142857142,0.0975,517.0,0.9670698642730712,99.20042753359988,-0.4461395795750516,0.5131978603324392,usa_FL_0003,0.07,0.0635,0.0827,0.0192,523.0,0.5766617223259404,0.0007237063143981,25.712492799451176,-80.13467401226904,POINT (-80.13467401226904 25.712492799451176)
12,16,0.994653199393712,0.8404930213847897,70.38163475460331,7.378286800628523,26.9413734,27.243583110251603,-80.071678,-80.18893770041674,Medium,Medium,0.53,0.0395,0.103002915451895,0.1,477.0,1.3000760078430176,98.76053200810549,-0.6246560063186728,0.6593059755368305,usa_FL_0014,0.105,0.0889,0.1288,0.0399,485.0,0.7668934986846816,0.0014859383591045,26.988376502658056,-80.09368076573297,POINT (-80.09368076573297 26.988376502658056)
13,17,1.0006992626877214,0.8474980075990654,70.705740359853,7.39976746787438,26.9413734,27.243583110251603,-80.071678,-80.18893770041674,Medium,Medium,0.53,0.0395,0.103002915451895,0.1,477.0,1.3000760078430176,98.76053200810549,-0.6246560063186728,0.6593059755368305,usa_FL_0014,0.105,0.0885,0.1292,0.0407,485.0,0.7491936726632039,0.0013317775620807,27.021917641789344,-80.0937808835241,POINT (-80.0937808835241 27.021917641789344)
14,17,1.0006992626877214,0.8474980075990654,70.705740359853,7.39976746787438,26.9413734,27.243583110251603,-80.071678,-80.18893770041674,Medium,Medium,0.45,0.0395,0.103002915451895,0.1,477.0,1.3000760078430176,98.76053200810549,-0.6246560063186728,0.6593059755368305,usa_FL_0014,0.105,0.0885,0.1292,0.0407,485.0,0.7491936726632039,0.0013317775620807,27.021917641789344,-80.0937808835241,POINT (-80.0937808835241 27.021917641789344)
16,16,0.994653199393712,0.8404930213847897,70.38163475460331,7.378286800628523,26.9413734,27.243583110251603,-80.071678,-80.18893770041674,Medium,Medium,0.45,0.0395,0.103002915451895,0.1,477.0,1.3000760078430176,98.76053200810549,-0.6246560063186728,0.6593059755368305,usa_FL_0014,0.105,0.0889,0.1288,0.0399,485.0,0.7668934986846816,0.0014859383591045,26.988376502658056,-80.09368076573297,POINT (-80.09368076573297 26.988376502658056)
17,17,1.0006992626877214,0.8474980075990654,70.705740359853,7.39976746787438,26.9413734,27.243583110251603,-80.071678,-80.18893770041674,Medium,Medium,0.45,0.0395,0.103002915451895,0.1,477.0,1.3000760078430176,98.76053200810549,-0.6246560063186728,0.6593059755368305,usa_FL_0014,0.1,0.0835,0.129,0.0455,483.0,0.8013147989965699,0.0012909874413778,27.022117588446072,-80.0938984039908,POINT (-80.0938984039908 27.022117588446072)
18,16,0.994653199393712,0.8404930213847897,70.38163475460331,7.378286800628523,26.9413734,27.243583110251603,-80.071678,-80.18893770041674,Medium,Medium,0.53,0.0395,0.103002915451895,0.1,477.0,1.3000760078430176,98.76053200810549,-0.6246560063186728,0.6593059755368305,usa_FL_0014,0.105,0.0885,0.1292,0.0407,485.0,0.7491936726632039,0.0013317775620807,26.98858386678934,-80.0937808835241,POINT (-80.0937808835241 26.98858386678934)
20,16,0.994653199393712,0.8404930213847897,70.38163475460331,7.378286800628523,26.9413734,27.243583110251603,-80.071678,-80.18893770041674,Medium,Medium,0.53,0.0395,0.103002915451895,0.1,477.0,1.3000760078430176,98.76053200810549,-0.6246560063186728,0.6593059755368305,usa_FL_0014,0.1,0.0835,0.129,0.0455,483.0,0.8013147989965699,0.0012909874413778,26.98878381344607,-80.0938984039908,POINT (-80.0938984039908 26.98878381344607)
22,17,1.0006992626877214,0.8474980075990654,70.705740359853,7.39976746787438,26.9413734,27.243583110251603,-80.071678,-80.18893770041674,Medium,Medium,0.53,0.0395,0.103002915451895,0.1,477.0,1.3000760078430176,98.76053200810549,-0.6246560063186728,0.6593059755368305,usa_FL_0014,0.095,0.0804,0.1209,0.0405,483.0,0.9091215221689084,0.0014264898645525,27.022321171806965,-80.09400739285783,POINT (-80.09400739285783 27.022321171806965)
23,17,1.0006992626877214,0.8474980075990654,70.705740359853,7.39976746787438,26.9413734,27.243583110251603,-80.071678,-80.18893770041674,Medium,Medium,0.45,0.0395,0.103002915451895,0.1,477.0,1.3000760078430176,98.76053200810549,-0.6246560063186728,0.6593059755368305,usa_FL_0014,0.095,0.0804,0.1209,0.0405,483.0,0.9091215221689084,0.0014264898645525,27.022321171806965,-80.09400739285783,POINT (-80.09400739285783 27.022321171806965)
24,27,0.6185967365072935,0.5332213720883727,81.61306003890459,7.784448472300486,26.9413734,27.243583110251603,-80.071678,-80.18893770041674,Medium,Medium,0.53,0.0395,0.103002915451895,0.1,477.0,1.3000760078430176,98.76053200810549,-0.6246560063186728,0.6593059755368305,usa_FL_0014,0.105,0.0889,0.1288,0.0399,485.0,0.7668934986846816,0.0014859383591045,27.35504520265805,-80.22701206073296,POINT (-80.22701206073296 27.35504520265805)
25,27,0.6185967365072935,0.5332213720883727,81.61306003890459,7.784448472300486,26.9413734,27.5321659121764,-80.071678,-80.31185773946027,Medium,Medium,0.53,0.0456,0.1122181818181818,0.11,471.0,1.3753461837768557,99.66162531981962,-0.6655307350084131,0.7051616255177146,usa_FL_0016,0.095,0.0825,0.1179,0.0354,462.0,0.4706596551395223,0.0007992938003556,27.499692996996515,-80.28898193856074,POINT (-80.28898193856074 27.499692996996515)
26,21,0.9127835770198274,0.7798538619120521,70.74511132778672,7.869459704153519,26.9413734,27.243583110251603,-80.071678,-80.18893770041674,Medium,Medium,0.45,0.0395,0.103002915451895,0.1,477.0,1.3000760078430176,98.76053200810549,-0.6246560063186728,0.6593059755368305,usa_FL_0014,0.095,0.0804,0.1209,0.0405,483.0,0.9091215221689084,0.0014264898645525,27.15565533180696,-80.12734021785784,POINT (-80.12734021785784 27.15565533180696)
27,24,0.5501444327334655,0.4692840592777227,79.67774352801902,8.101661241960947,26.9413734,27.243583110251603,-80.071678,-80.18893770041674,Medium,Medium,0.53,0.0395,0.103002915451895,0.1,477.0,1.3000760078430176,98.76053200810549,-0.6246560063186728,0.6593059755368305,usa_FL_0014,0.105,0.0885,0.1292,0.0407,485.0,0.7491936726632039,0.0013317775620807,27.255252186789345,-80.1937793585241,POINT (-80.1937793585241 27.255252186789345)
28,20,0.7609711349589293,0.650308588093471,70.04467282508001,8.004959507706415,26.9413734,27.5321659121764,-80.071678,-80.31185773946027,Medium,Medium,0.53,0.0456,0.1122181818181818,0.11,471.0,1.3753461837768557,99.66162531981962,-0.6655307350084131,0.7051616255177146,usa_FL_0016,0.1,0.0836,0.124,0.0404,465.0,0.4445218751026079,0.0011402223506314,27.266577325242224,-80.18904522939363,POINT (-80.18904522939363 27.266577325242224)
29,17,1.0006992626877214,0.8474980075990654,70.705740359853,7.39976746787438,26.9413734,27.5321659121764,-80.071678,-80.31185773946027,Medium,Medium,0.45,0.0456,0.1122181818181818,0.11,471.0,1.3753461837768557,99.66162531981962,-0.6655307350084131,0.7051616255177146,usa_FL_0016,0.095,0.0841,0.1115,0.0274,464.0,0.1776376729497618,0.0010722272969614,27.16570242456925,-80.15546101626364,POINT (-80.15546101626364 27.16570242456925)
30,31,0.7577145140287495,0.6576378577251097,75.43604240164012,8.299625003675542,26.9413734,27.5321659121764,-80.071678,-80.31185773946027,Medium,Medium,0.53,0.0456,0.1122181818181818,0.11,471.0,1.3753461837768557,99.66162531981962,-0.6655307350084131,0.7051616255177146,usa_FL_0016,0.09,0.0793,0.1061,0.0268,463.0,0.3326245721292678,0.0007460386906574,27.632589333293023,-80.32219545308737,POINT (-80.32219545308737 27.632589333293023)
31,22,0.6618742248024357,0.5665555924489449,73.85677224873956,8.170327182788698,26.9413734,27.243583110251603,-80.071678,-80.18893770041674,Medium,Medium,0.45,0.0395,0.103002915451895,0.1,477.0,1.3000760078430176,98.76053200810549,-0.6246560063186728,0.6593059755368305,usa_FL_0014,0.105,0.0889,0.1288,0.0399,485.0,0.7668934986846816,0.0014859383591045,27.18837726265805,-80.16034641573296,POINT (-80.16034641573296 27.18837726265805)
32,24,0.5501444327334655,0.4692840592777227,79.67774352801902,8.101661241960947,26.9413734,27.5321659121764,-80.071678,-80.31185773946027,Medium,Medium,0.53,0.0456,0.1122181818181818,0.11,471.0,1.3753461837768557,99.66162531981962,-0.6655307350084131,0.7051616255177146,usa_FL_0016,0.095,0.0825,0.1179,0.0354,462.0,0.4706596551395223,0.0007992938003556,27.399692616996514,-80.25564911856074,POINT (-80.25564911856074 27.399692616996514)
33,16,0.994653199393712,0.8404930213847897,70.38163475460331,7.378286800628523,26.9413734,27.5321659121764,-80.071678,-80.31185773946027,Medium,Medium,0.45,0.0456,0.1122181818181818,0.11,471.0,1.3753461837768557,99.66162531981962,-0.6655307350084131,0.7051616255177146,usa_FL_0016,0.1,0.0836,0.124,0.0404,465.0,0.4445218751026079,0.0011402223506314,27.133243165242224,-80.15571240439364,POINT (-80.15571240439364 27.133243165242224)
34,22,0.6618742248024357,0.5665555924489449,73.85677224873956,8.170327182788698,26.9413734,27.5321659121764,-80.071678,-80.31185773946027,Medium,Medium,0.45,0.0456,0.1122181818181818,0.11,471.0,1.3753461837768557,99.66162531981962,-0.6655307350084131,0.7051616255177146,usa_FL_0016,0.09,0.0793,0.1061,0.0268,463.0,0.3326245721292678,0.0007460386906574,27.332587233293022,-80.22219316808736,POINT (-80.22219316808736 27.332587233293022)
35,22,0.6618742248024357,0.5665555924489449,73.85677224873956,8.170327182788698,26.9413734,27.243583110251603,-80.071678,-80.18893770041674,Medium,Medium,0.53,0.0395,0.103002915451895,0.1,477.0,1.3000760078430176,98.76053200810549,-0.6246560063186728,0.6593059755368305,usa_FL_0014,0.095,0.0804,0.1209,0.0405,483.0,0.9091215221689084,0.0014264898645525,27.188988156806964,-80.16067304285784,POINT (-80.16067304285784 27.188988156806964)
36,36,0.6495381091771704,0.5618537251260445,86.18452297098833,7.704213030948553,29.01298,28.19476903218968,-80.88033,-80.59210035987316,High,High,0.493848227786005,0.0167,0.0703753753753753,0.07,863.0,1.4823716878890991,100.84954664550386,-0.7229392090745101,0.7720259177629499,usa_FL_0021,0.07,0.0638,0.081,0.0172,868.0,-0.5899738628676752,0.0001933536052033,28.130689116800617,-80.56257592582753,POINT (-80.56257592582753 28.130689116800617)
37,43,0.7658193100033989,0.6696588701189633,82.29978227540377,8.571184890126329,29.01298,28.042932866513784,-80.88033,-80.54340597144576,High,High,0.493848227786005,0.0219,0.0781147540983606,0.075,800.0,1.463911533355713,100.63408621001928,-0.7132752193530973,0.7599187751625059,usa_FL_0020,0.075,0.0674,0.0883,0.0209,804.0,0.4140939746310497,0.0010066105730006,28.287857213164592,-80.53787586761239,POINT (-80.53787586761239 28.287857213164592)
38,41,0.7112037722937261,0.620837638132984,93.71946754384535,8.463050344325309,29.01298,28.19476903218968,-80.88033,-80.59210035987316,High,High,0.493848227786005,0.0167,0.0703753753753753,0.07,863.0,1.4823716878890991,100.84954664550386,-0.7229392090745101,0.7720259177629499,usa_FL_0021,0.075,0.0683,0.0858,0.0175,880.0,-0.5272469618222773,0.0009244881797701,28.297800792800764,-80.56266933036976,POINT (-80.56266933036976 28.297800792800764)
39,41,0.7112037722937261,0.620837638132984,93.71946754384535,8.463050344325309,29.01298,28.042932866513784,-80.88033,-80.54340597144576,High,Medium,0.493848227786005,0.0219,0.0781147540983606,0.075,800.0,1.463911533355713,100.63408621001928,-0.7132752193530973,0.7599187751625059,usa_FL_0020,0.085,0.0734,0.1006,0.0272,812.0,0.5212968891279863,0.0012021943968393,28.222019830663164,-80.53827798578132,POINT (-80.53827798578132 28.222019830663164)
40,36,0.6495381091771704,0.5618537251260445,86.18452297098833,7.704213030948553,29.01298,28.338821671705198,-80.88033,-80.60311032240936,High,High,0.493848227786005,0.0142,0.0620358306188925,0.06,774.0,1.4877971410751345,100.68184679523422,-0.7242560099655684,0.773685628235573,usa_FL_0022,0.065,0.0595,0.0706,0.0111,755.0,1.915966744341573,0.0013902339900197,28.20253844599697,-80.56885260503094,POINT (-80.56885260503094 28.20253844599697)
41,36,0.6495381091771704,0.5618537251260445,86.18452297098833,7.704213030948553,29.01298,28.19476903218968,-80.88033,-80.59210035987316,High,High,0.493848227786005,0.0167,0.0703753753753753,0.07,863.0,1.4823716878890991,100.84954664550386,-0.7229392090745101,0.7720259177629499,usa_FL_0021,0.075,0.0666,0.0846,0.018,873.0,-0.48161343635091,0.0013717767674773,28.131355212837157,-80.5627128069521,POINT (-80.5627128069521 28.131355212837157)
42,34,0.648603618817448,0.5617331108328848,80.05415218183045,8.00165915514797,26.9413734,27.5321659121764,-80.071678,-80.31185773946027,Medium,Medium,0.53,0.0456,0.1122181818181818,0.11,471.0,1.3753461837768557,99.66162531981962,-0.6655307350084131,0.7051616255177146,usa_FL_0016,0.095,0.0841,0.1115,0.0274,464.0,0.1776376729497618,0.0010722272969614,27.73237188956925,-80.38879460126364,POINT (-80.38879460126364 27.73237188956925)
43,35,0.7465176890548081,0.6467845515674834,81.12939452421672,8.240016766232861,29.01298,28.042932866513784,-80.88033,-80.54340597144576,High,Medium,0.493848227786005,0.0219,0.0781147540983606,0.075,800.0,1.463911533355713,100.63408621001928,-0.7132752193530973,0.7599187751625059,usa_FL_0020,0.085,0.0734,0.1006,0.0272,812.0,0.5212968891279863,0.0012021943968393,28.02201811066317,-80.50494516078132,POINT (-80.50494516078132 28.02201811066317)
44,40,0.7077579742128594,0.6115403539849881,93.86267862932162,8.188917632072936,29.01298,28.19476903218968,-80.88033,-80.59210035987316,High,High,0.493848227786005,0.0167,0.0703753753753753,0.07,863.0,1.4823716878890991,100.84954664550386,-0.7229392090745101,0.7720259177629499,usa_FL_0021,0.075,0.0683,0.0858,0.0175,880.0,-0.5272469618222773,0.0009244881797701,28.264467012800765,-80.56266933036976,POINT (-80.56266933036976 28.264467012800765)
45,39,0.733989143066846,0.636615768402351,94.09071854033664,8.248668353623,29.01298,28.19476903218968,-80.88033,-80.59210035987316,High,High,0.493848227786005,0.0167,0.0703753753753753,0.07,863.0,1.4823716878890991,100.84954664550386,-0.7229392090745101,0.7720259177629499,usa_FL_0021,0.075,0.0666,0.0846,0.018,873.0,-0.48161343635091,0.0013717767674773,28.231355592837154,-80.5627128069521,POINT (-80.5627128069521 28.231355592837154)
46,42,0.6008872669450502,0.5236005923530661,87.42540373035646,8.484644501226455,29.01298,28.042932866513784,-80.88033,-80.54340597144576,High,Medium,0.493848227786005,0.0219,0.0781147540983606,0.075,800.0,1.463911533355713,100.63408621001928,-0.7132752193530973,0.7599187751625059,usa_FL_0020,0.085,0.0724,0.1014,0.029,810.0,0.5001264325823839,0.0008501495286936,28.25514893184694,-80.53816819015526,POINT (-80.53816819015526 28.25514893184694)
47,41,0.7112037722937261,0.620837638132984,93.71946754384535,8.463050344325309,29.01298,28.19476903218968,-80.88033,-80.59210035987316,High,High,0.493848227786005,0.0167,0.0703753753753753,0.07,863.0,1.4823716878890991,100.84954664550386,-0.7229392090745101,0.7720259177629499,usa_FL_0021,0.07,0.0638,0.0813,0.0175,868.0,-0.4923329418144744,0.0013728763530149,28.29668984330157,-80.56244636991187,POINT (-80.56244636991187 28.29668984330157)
48,50,0.7981693003330973,0.696518294382807,76.3168667674311,8.372687121518624,29.01298,28.338821671705198,-80.88033,-80.60311032240936,High,High,0.493848227786005,0.0142,0.0620358306188925,0.06,774.0,1.4877971410751345,100.68184679523422,-0.7242560099655684,0.773685628235573,usa_FL_0022,0.075,0.0655,0.0816,0.0161,762.0,1.927969793684148,0.0014731799702137,28.669880634347194,-80.7353707347483,POINT (-80.7353707347483 28.669880634347194)
49,46,0.8120940063301232,0.7024809796568475,63.33874022904703,8.423077710653875,29.01298,28.19476903218968,-80.88033,-80.59210035987316,High,High,0.493848227786005,0.0167,0.0703753753753753,0.07,863.0,1.4823716878890991,100.84954664550386,-0.7229392090745101,0.7720259177629499,usa_FL_0021,0.075,0.0683,0.0858,0.0175,880.0,-0.5272469618222773,0.0009244881797701,28.464467772800763,-80.62933498036975,POINT (-80.62933498036975 28.464467772800763)
50,42,0.6008872669450502,0.5236005923530661,87.42540373035646,8.484644501226455,29.01298,29.31091818261572,-80.88033,-81.04748790013858,High,High,0.493848227786005,0.0131,0.0632058823529411,0.065,488.0,1.7158149480819702,100.20897177398754,-0.8070692804586043,0.912331236558716,usa_FL_0030,0.065,0.0557,0.0713,0.0156,497.0,0.2643399377488657,0.0014112919664706,28.88909399970653,-80.78975074586735,POINT (-80.78975074586735 28.88909399970653)
51,48,0.9191498183750176,0.8003129997231271,74.5980602625529,8.330412869982014,29.01298,29.12146386411891,-80.88033,-80.94939944412026,High,High,0.493848227786005,0.0116,0.0478054298642534,0.05,448.0,1.6591230630874634,99.18135333604528,-0.7791446208832211,0.8663960865973734,usa_FL_0028,0.05,0.0444,0.0587,0.0143,461.0,0.2186863215704836,0.000419024125342,28.994152497030697,-80.84115993887995,POINT (-80.84115993887995 28.994152497030697)
52,40,0.7077579742128594,0.6115403539849881,93.86267862932162,8.188917632072936,29.01298,29.31091818261572,-80.88033,-81.04748790013858,High,High,0.493848227786005,0.0131,0.0632058823529411,0.065,488.0,1.7158149480819702,100.20897177398754,-0.8070692804586043,0.912331236558716,usa_FL_0030,0.065,0.0557,0.0713,0.0156,497.0,0.2643399377488657,0.0014112919664706,28.82242739470653,-80.78975074586735,POINT (-80.78975074586735 28.82242739470653)
53,47,0.8104875802662512,0.703102726733324,68.80369078625775,8.3949121137295,29.01298,28.042932866513784,-80.88033,-80.54340597144576,High,High,0.493848227786005,0.0219,0.0781147540983606,0.075,800.0,1.463911533355713,100.63408621001928,-0.7132752193530973,0.7599187751625059,usa_FL_0020,0.08,0.0681,0.0913,0.0232,809.0,0.468915367006517,0.0006175999947736,28.421606203495408,-80.63807864244849,POINT (-80.63807864244849 28.421606203495408)
54,48,0.9191498183750176,0.8003129997231271,74.5980602625529,8.330412869982014,29.01298,29.12146386411891,-80.88033,-80.94939944412026,High,High,0.493848227786005,0.0116,0.0478054298642534,0.05,448.0,1.6591230630874634,99.18135333604528,-0.7791446208832211,0.8663960865973734,usa_FL_0028,0.05,0.045,0.0609,0.0159,465.0,0.2009637971018217,0.0005945543841816,28.99395656905093,-80.84103232713315,POINT (-80.84103232713315 28.99395656905093)
55,43,0.7658193100033989,0.6696588701189633,82.29978227540377,8.571184890126329,29.01298,28.338821671705198,-80.88033,-80.60311032240936,High,High,0.493848227786005,0.0142,0.0620358306188925,0.06,774.0,1.4877971410751345,100.68184679523422,-0.7242560099655684,0.773685628235573,usa_FL_0022,0.065,0.0618,0.0748,0.013,748.0,1.9237778098919336,0.001491842922573,28.435639611546776,-80.56881049700888,POINT (-80.56881049700888 28.435639611546776)
56,40,0.7077579742128594,0.6115403539849881,93.86267862932162,8.188917632072936,29.01298,29.20304833229949,-80.88033,-80.99464667766327,High,High,0.493848227786005,0.00895,0.0424722222222222,0.04,458.0,1.6763266324996948,99.9674345617162,-0.7873976441280641,0.888383085256689,usa_FL_0029,0.045,0.0395,0.0501,0.0106,465.0,0.0317962711727931,0.0014887585802193,28.76871164679296,-80.76346194105554,POINT (-80.76346194105554 28.76871164679296)
57,38,0.7315154981635745,0.6340878586850304,90.26576211977935,8.168198982439456,29.01298,29.12146386411891,-80.88033,-80.94939944412026,High,High,0.493848227786005,0.0116,0.0478054298642534,0.05,448.0,1.6591230630874634,99.18135333604528,-0.7791446208832211,0.8663960865973734,usa_FL_0028,0.05,0.045,0.0609,0.0159,465.0,0.2009637971018217,0.0005945543841816,28.660621644050927,-80.74103003713316,POINT (-80.74103003713316 28.660621644050927)
58,40,0.7077579742128594,0.6115403539849881,93.86267862932162,8.188917632072936,29.01298,29.002698291720574,-80.88033,-80.87185967133094,High,High,0.493848227786005,0.0157,0.0533618233618233,0.055,423.0,1.6167385578155518,99.2225233667954,-0.7547073807148954,0.8494614125936313,usa_FL_0027,0.05,0.0447,0.0622,0.0175,406.0,-0.3132042499306912,0.0010699780770933,28.668503761624905,-80.70252455070019,POINT (-80.70252455070019 28.668503761624905)
59,40,0.7077579742128594,0.6115403539849881,93.86267862932162,8.188917632072936,29.01298,29.12146386411891,-80.88033,-80.94939944412026,High,High,0.493848227786005,0.0116,0.0478054298642534,0.05,448.0,1.6591230630874634,99.18135333604528,-0.7791446208832211,0.8663960865973734,usa_FL_0028,0.055,0.0468,0.0626,0.0158,452.0,0.2013649091906358,0.0010701168335169,28.72788087342981,-80.74140268707373,POINT (-80.74140268707373 28.72788087342981)
60,55,0.7219658150557995,0.6132855781678233,97.88936686173332,7.372420663244346,29.01298,29.12146386411891,-80.88033,-80.94939944412026,High,High,0.493848227786005,0.0116,0.0478054298642534,0.05,448.0,1.6591230630874634,99.18135333604528,-0.7791446208832211,0.8663960865973734,usa_FL_0028,0.055,0.0468,0.0626,0.0158,452.0,0.2013649091906358,0.0010701168335169,29.227883733429813,-80.97473627707373,POINT (-80.97473627707373 29.227883733429813)
61,53,0.7617589345206062,0.6615152130106217,90.24949890563336,8.169431057131568,29.01298,29.12146386411891,-80.88033,-80.94939944412026,High,High,0.493848227786005,0.0116,0.0478054298642534,0.05,448.0,1.6591230630874634,99.18135333604528,-0.7791446208832211,0.8663960865973734,usa_FL_0028,0.05,0.0447,0.0588,0.0141,476.0,0.2067077628559223,0.0014112985368606,29.160226218937183,-80.94078711082739,POINT (-80.94078711082739 29.160226218937183)
62,55,0.7219658150557995,0.6132855781678233,97.88936686173332,7.372420663244346,29.01298,29.31091818261572,-80.88033,-81.04748790013858,High,High,0.493848227786005,0.0131,0.0632058823529411,0.065,488.0,1.7158149480819702,100.20897177398754,-0.8070692804586043,0.912331236558716,usa_FL_0030,0.065,0.0566,0.0707,0.0141,490.0,0.2251471178027676,0.0014878103486948,29.322227254021744,-81.02296854771981,POINT (-81.02296854771981 29.322227254021744)
63,58,0.6497780494247274,0.5548905345749893,79.0045951356975,7.832670544681065,29.8541,29.76181717166658,-81.2647,-81.2472253961789,High,High,0.559148072074133,0.0094,0.0470883534136546,0.045,464.0,1.8807613849639893,100.16863073977244,-0.8774461487490562,1.006486778051752,usa_FL_0033,0.04,0.039,0.0459,0.0069,450.0,0.3152736931641026,0.0010265092167147,29.64708497588578,-81.1899843415483,POINT (-81.1899843415483 29.64708497588578)
64,56,0.6613983276258321,0.5563005826251239,87.67312733338112,7.239679460567085,29.01298,29.20304833229949,-80.88033,-80.99464667766327,High,High,0.493848227786005,0.00895,0.0424722222222222,0.04,458.0,1.6763266324996948,99.9674345617162,-0.7873976441280641,0.888383085256689,usa_FL_0029,0.04,0.0374,0.0467,0.0093,458.0,0.0272964792802833,0.0013719085470877,29.301840134304,-81.0300265112815,POINT (-81.0300265112815 29.301840134304)
65,59,0.7414926834235944,0.6384861268041353,79.80630223589236,7.98359860273998,29.8541,29.76181717166658,-81.2647,-81.2472253961789,High,High,0.559148072074133,0.0094,0.0470883534136546,0.045,464.0,1.8807613849639893,100.16863073977244,-0.8774461487490562,1.006486778051752,usa_FL_0033,0.045,0.0408,0.0475,0.0067,455.0,0.2948973190355963,0.0014824939358156,29.680199914254302,-81.1899089231794,POINT (-81.1899089231794 29.680199914254302)
66,51,0.8668794031596091,0.7578580783598641,82.37769752406768,8.281070118671293,29.01298,29.12146386411891,-80.88033,-80.94939944412026,High,High,0.493848227786005,0.0116,0.0478054298642534,0.05,448.0,1.6591230630874634,99.18135333604528,-0.7791446208832211,0.8663960865973734,usa_FL_0028,0.055,0.0468,0.0626,0.0158,452.0,0.2013649091906358,0.0010701168335169,29.094549573429816,-80.90807062707373,POINT (-80.90807062707373 29.094549573429816)
67,56,0.6613983276258321,0.5563005826251239,87.67312733338112,7.239679460567085,29.01298,29.002698291720574,-80.88033,-80.87185967133094,High,High,0.493848227786005,0.0157,0.0533618233618233,0.055,423.0,1.6167385578155518,99.2225233667954,-0.7547073807148954,0.8494614125936313,usa_FL_0027,0.055,0.0473,0.0649,0.0176,414.0,-0.3454414766216233,0.0006048490056126,29.201438237163444,-80.96894535056578,POINT (-80.96894535056578 29.201438237163444)
68,54,0.6739062274788273,0.5738834126483501,91.5109855581262,7.604686119354624,29.01298,29.12146386411891,-80.88033,-80.94939944412026,High,High,0.493848227786005,0.0116,0.0478054298642534,0.05,448.0,1.6591230630874634,99.18135333604528,-0.7791446208832211,0.8663960865973734,usa_FL_0028,0.05,0.0431,0.0556,0.0125,453.0,0.1638795600463655,0.0006643317904392,29.194351116480203,-80.97461478660074,POINT (-80.97461478660074 29.194351116480203)
69,54,0.6739062274788273,0.5738834126483501,91.5109855581262,7.604686119354624,29.01298,29.20304833229949,-80.88033,-80.99464667766327,High,High,0.493848227786005,0.00895,0.0424722222222222,0.04,458.0,1.6763266324996948,99.9674345617162,-0.7873976441280641,0.888383085256689,usa_FL_0029,0.04,0.038,0.0489,0.0109,466.0,0.044513174064291,0.0014131377785192,29.234967755216324,-80.99658803843093,POINT (-80.99658803843093 29.234967755216324)
70,49,0.8673829167850163,0.7559868789692679,74.08138436550546,8.373579310218382,29.01298,29.20304833229949,-80.88033,-80.99464667766327,High,High,0.493848227786005,0.00895,0.0424722222222222,0.04,458.0,1.6763266324996948,99.9674345617162,-0.7873976441280641,0.888383085256689,usa_FL_0029,0.04,0.038,0.0489,0.0109,466.0,0.044513174064291,0.0014131377785192,29.068299820216325,-80.89658956343092,POINT (-80.89658956343092 29.068299820216325)
71,58,0.6497780494247274,0.5548905345749893,79.0045951356975,7.832670544681065,29.8541,29.76181717166658,-81.2647,-81.2472253961789,High,High,0.559148072074133,0.0094,0.0470883534136546,0.045,464.0,1.8807613849639893,100.16863073977244,-0.8774461487490562,1.006486778051752,usa_FL_0033,0.04,0.0385,0.0427,0.0042,459.0,0.2934352590581404,0.000571239007524,29.64730171867348,-81.19006753378463,POINT (-81.19006753378463 29.64730171867348)
72,67,0.6906576830084974,0.5903670628954822,89.68577404253645,7.946585579645518,29.8542,30.321097783196056,-81.2655,-81.39132715572033,High,High,0.571030468730941,0.0109,0.0574773413897281,0.055,571.0,2.124904155731201,99.91413630777004,-0.966878665530373,1.1562009690363697,usa_FL_0037,0.06,0.0547,0.0643,0.0096,558.0,0.3171321142583825,0.0009473070070063,30.227562018323532,-81.36255670964005,POINT (-81.36255670964005 30.227562018323532)
73,72,0.570780142654015,0.488442049625832,92.2970438017717,7.9217245611869425,29.8542,29.99280232821163,-81.2655,-81.31420095492341,High,High,0.571030468730941,0.0173,0.0819263456090651,0.08,485.0,1.9793429374694824,99.20708761364932,-0.912419738996736,1.0512287431531933,usa_FL_0035,0.09,0.0797,0.097,0.0173,496.0,-0.1946516788628544,0.0011218850446431,30.229635296986235,-81.35649757318276,POINT (-81.35649757318276 30.229635296986235)
74,67,0.6906576830084974,0.5903670628954822,89.68577404253645,7.946585579645518,29.8542,30.56485457069571,-81.2655,-81.44085137146949,High,High,0.571030468730941,0.0183,0.0810643564356435,0.08,800.0,2.235518455505371,99.82654639712992,-1.0107397541232377,1.2209011140782338,usa_FL_0040,0.07,0.0632,0.0752,0.012,796.0,0.8523710539111073,0.0002639131799224,30.349001516467077,-81.3871697944386,POINT (-81.3871697944386 30.349001516467077)
75,73,0.6131647640803002,0.5244721299141765,95.9211683684379,7.807738731394278,29.8542,29.99280232821163,-81.2655,-81.31420095492341,High,High,0.571030468730941,0.0173,0.0819263456090651,0.08,485.0,1.9793429374694824,99.20708761364932,-0.912419738996736,1.0512287431531933,usa_FL_0035,0.08,0.0734,0.0887,0.0153,493.0,-0.1878607782468353,0.0013498911962693,30.262748006520265,-81.35644068246336,POINT (-81.35644068246336 30.262748006520265)
76,61,0.7251872731794364,0.6246768912265968,83.87817206947658,8.031119308909645,29.8541,29.76181717166658,-81.2647,-81.2472253961789,High,High,0.559148072074133,0.0094,0.0470883534136546,0.045,464.0,1.8807613849639893,100.16863073977244,-0.8774461487490562,1.006486778051752,usa_FL_0033,0.04,0.039,0.0459,0.0069,450.0,0.3152736931641026,0.0010265092167147,29.74708536088578,-81.2233171615483,POINT (-81.2233171615483 29.74708536088578)
77,71,0.4729160391031015,0.404746859501487,91.13334352360148,7.951358770410706,29.8542,29.99280232821163,-81.2655,-81.31420095492341,High,High,0.571030468730941,0.0173,0.0819263456090651,0.08,485.0,1.9793429374694824,99.20708761364932,-0.912419738996736,1.0512287431531933,usa_FL_0035,0.08,0.071,0.0871,0.0161,486.0,-0.2752131068837781,0.0011487839988572,30.196739312675355,-81.35662416113803,POINT (-81.35662416113803 30.196739312675355)
78,65,0.7645868361892082,0.6549201924560262,82.85339038307322,7.908433412115281,29.8542,29.99280232821163,-81.2655,-81.31420095492341,High,High,0.571030468730941,0.0173,0.0819263456090651,0.08,485.0,1.9793429374694824,99.20708761364932,-0.912419738996736,1.0512287431531933,usa_FL_0035,0.08,0.0734,0.0887,0.0153,493.0,-0.1878607782468353,0.0013498911962693,29.996080641520265,-81.28977503246335,POINT (-81.28977503246335 29.996080641520265)
79,66,0.8081957219807392,0.6942821752536468,87.13115602874196,7.882044391517773,29.8542,30.321097783196056,-81.2655,-81.39132715572033,High,High,0.571030468730941,0.0109,0.0574773413897281,0.055,571.0,2.124904155731201,99.91413630777004,-0.966878665530373,1.1562009690363697,usa_FL_0037,0.06,0.0561,0.069,0.0129,568.0,0.307381763890292,0.0006727381816393,30.19355132014116,-81.32912596942782,POINT (-81.32912596942782 30.19355132014116)
80,64,0.6423084762352359,0.5493627456156351,81.87528021503327,7.946237935711938,29.8542,29.99280232821163,-81.2655,-81.31420095492341,High,High,0.571030468730941,0.0173,0.0819263456090651,0.08,485.0,1.9793429374694824,99.20708761364932,-0.912419738996736,1.0512287431531933,usa_FL_0035,0.075,0.07,0.086,0.016,496.0,-0.2659326500245333,0.0010576581104407,29.96318754258188,-81.28988644602524,POINT (-81.28988644602524 29.96318754258188)
81,64,0.6423084762352359,0.5493627456156351,81.87528021503327,7.946237935711938,29.8542,30.56485457069571,-81.2655,-81.44085137146949,High,High,0.571030468730941,0.0183,0.0810643564356435,0.08,800.0,2.235518455505371,99.82654639712992,-1.0107397541232377,1.2209011140782338,usa_FL_0040,0.07,0.0632,0.0752,0.012,796.0,0.8523710539111073,0.0002639131799224,30.249001136467072,-81.3538369694386,POINT (-81.3538369694386 30.249001136467072)
82,76,0.3104162384953972,0.2627838821342586,104.494908382409,7.714877469215976,29.8542,29.99280232821163,-81.2655,-81.31420095492341,High,High,0.571030468730941,0.0173,0.0819263456090651,0.08,485.0,1.9793429374694824,99.20708761364932,-0.912419738996736,1.0512287431531933,usa_FL_0035,0.075,0.07,0.086,0.016,496.0,-0.2659326500245333,0.0010576581104407,30.36318906758188,-81.38988873602523,POINT (-81.38988873602523 30.36318906758188)
83,66,0.8081957219807392,0.6942821752536468,87.13115602874196,7.882044391517773,29.8542,30.56485457069571,-81.2655,-81.44085137146949,High,High,0.571030468730941,0.0183,0.0810643564356435,0.08,800.0,2.235518455505371,99.82654639712992,-1.0107397541232377,1.2209011140782338,usa_FL_0040,0.07,0.0661,0.0765,0.0104,807.0,0.7812641173656067,0.000862122939879,30.316125492749865,-81.35385603902574,POINT (-81.35385603902574 30.316125492749865)
84,80,0.4248162878607845,0.3539550184536185,115.65550623595668,7.283453469695511,29.8542,30.56485457069571,-81.2655,-81.44085137146949,High,High,0.571030468730941,0.0183,0.0810643564356435,0.08,800.0,2.235518455505371,99.82654639712992,-1.0107397541232377,1.2209011140782338,usa_FL_0040,0.07,0.0671,0.077,0.0099,811.0,0.7764386596182613,0.0013052742643515,30.749690926785195,-81.42052480846783,POINT (-81.42052480846783 30.749690926785195)
85,77,0.6873779817561251,0.5857566312312703,103.69338398416797,7.6962031430855395,29.8542,30.321097783196056,-81.2655,-81.39132715572033,High,High,0.571030468730941,0.0109,0.0574773413897281,0.055,571.0,2.124904155731201,99.91413630777004,-0.966878665530373,1.1562009690363697,usa_FL_0037,0.06,0.0558,0.0663,0.0105,569.0,0.2964199894469284,0.0005777940208303,30.52733725142627,-81.39585737430849,POINT (-81.39585737430849 30.52733725142627)
86,76,0.3104162384953972,0.2627838821342586,104.494908382409,7.714877469215976,29.8542,30.321097783196056,-81.2655,-81.39132715572033,High,High,0.571030468730941,0.0109,0.0574773413897281,0.055,571.0,2.124904155731201,99.91413630777004,-0.966878665530373,1.1562009690363697,usa_FL_0037,0.06,0.0562,0.0694,0.0132,560.0,0.2864252369764065,0.0004327596519722,30.527111320248355,-81.42916209945764,POINT (-81.42916209945764 30.527111320248355)
87,80,0.4248162878607845,0.3539550184536185,115.65550623595668,7.283453469695511,29.8542,30.56485457069571,-81.2655,-81.44085137146949,High,High,0.571030468730941,0.0183,0.0810643564356435,0.08,800.0,2.235518455505371,99.82654639712992,-1.0107397541232377,1.2209011140782338,usa_FL_0040,0.07,0.0648,0.0767,0.0119,795.0,0.9022648099523088,0.0005993254859239,30.74877521109324,-81.42048952075866,POINT (-81.42048952075866 30.74877521109324)
88,79,0.5255790604247274,0.4435951796428267,110.9503624022858,7.599678853066138,29.8542,30.56485457069571,-81.2655,-81.44085137146949,High,High,0.571030468730941,0.0183,0.0810643564356435,0.08,800.0,2.235518455505371,99.82654639712992,-1.0107397541232377,1.2209011140782338,usa_FL_0040,0.075,0.0686,0.082,0.0134,794.0,0.9231724256487052,0.0010321167274503,30.715212762032344,-81.42047224588896,POINT (-81.42047224588896 30.715212762032344)
89,79,0.5255790604247274,0.4435951796428267,110.9503624022858,7.599678853066138,29.8542,29.99280232821163,-81.2655,-81.31420095492341,High,High,0.571030468730941,0.0173,0.0819263456090651,0.08,485.0,1.9793429374694824,99.20708761364932,-0.912419738996736,1.0512287431531933,usa_FL_0035,0.075,0.07,0.086,0.016,496.0,-0.2659326500245333,0.0010576581104407,30.42985662758188,-81.35655209602524,POINT (-81.35655209602524 30.42985662758188)
90,73,0.6131647640803002,0.5244721299141765,95.9211683684379,7.807738731394278,29.8542,30.321097783196056,-81.2655,-81.39132715572033,High,High,0.571030468730941,0.0109,0.0574773413897281,0.055,571.0,2.124904155731201,99.91413630777004,-0.966878665530373,1.1562009690363697,usa_FL_0037,0.06,0.0562,0.0694,0.0132,560.0,0.2864252369764065,0.0004327596519722,30.427110940248355,-81.39582545945765,POINT (-81.39582545945765 30.427110940248355)
91,77,0.6873779817561251,0.5857566312312703,103.69338398416797,7.6962031430855395,29.8542,30.321097783196056,-81.2655,-81.39132715572033,High,High,0.571030468730941,0.0109,0.0574773413897281,0.055,571.0,2.124904155731201,99.91413630777004,-0.966878665530373,1.1562009690363697,usa_FL_0037,0.06,0.0562,0.0694,0.0132,560.0,0.2864252369764065,0.0004327596519722,30.527111320248355,-81.39582545945765,POINT (-81.39582545945765 30.527111320248355)
92,80,0.4248162878607845,0.3539550184536185,115.65550623595668,7.283453469695511,29.8542,30.56485457069571,-81.2655,-81.44085137146949,High,High,0.571030468730941,0.0183,0.0810643564356435,0.08,800.0,2.235518455505371,99.82654639712992,-1.0107397541232377,1.2209011140782338,usa_FL_0040,0.07,0.0635,0.0751,0.0116,806.0,0.8324487336823171,0.0004461136087253,30.749232751174347,-81.42051463753714,POINT (-81.42051463753714 30.749232751174347)
93,78,0.603202360672426,0.5122321326640702,107.35308051159184,7.630788646501488,29.8542,30.321097783196056,-81.2655,-81.39132715572033,High,High,0.571030468730941,0.0109,0.0574773413897281,0.055,571.0,2.124904155731201,99.91413630777004,-0.966878665530373,1.1562009690363697,usa_FL_0037,0.06,0.0561,0.069,0.0129,568.0,0.307381763890292,0.0006727381816393,30.56022002014116,-81.39579161942783,POINT (-81.39579161942783 30.56022002014116)
94,80,0.4248162878607845,0.3539550184536185,115.65550623595668,7.283453469695511,29.8542,30.321097783196056,-81.2655,-81.39132715572033,High,High,0.571030468730941,0.0109,0.0574773413897281,0.055,571.0,2.124904155731201,99.91413630777004,-0.966878665530373,1.1562009690363697,usa_FL_0037,0.06,0.0571,0.0673,0.0102,563.0,0.2719263688014594,0.0013696547971558,30.62779049271977,-81.39592088969798,POINT (-81.39592088969798 30.62779049271977)
95,72,0.570780142654015,0.488442049625832,92.2970438017717,7.9217245611869425,29.8542,30.321097783196056,-81.2655,-81.39132715572033,High,High,0.571030468730941,0.0109,0.0574773413897281,0.055,571.0,2.124904155731201,99.91413630777004,-0.966878665530373,1.1562009690363697,usa_FL_0037,0.06,0.0562,0.0694,0.0132,560.0,0.2864252369764065,0.0004327596519722,30.39377811524836,-81.39582545945765,POINT (-81.39582545945765 30.39377811524836)
96,83,0.2259288699715337,0.1774213522945758,137.96500239405918,4.980350860068815,32.00237,32.127782712513344,-80.84147,-80.77768816396342,High,High,0.687677810326219,0.0037,0.0329285714285714,0.035,453.0,2.510958671569824,97.64004746795894,-1.2000877040982072,1.2516135347234008,usa_SC_0002,0.03,0.0278,0.0305,0.0027,437.0,1.1299879905043857,0.0014351016442238,31.63055287192557,-81.08808232287355,POINT (-81.08808232287355 31.63055287192557)
97,84,0.4039112507430958,0.3326687884680641,120.56013899812184,7.115335058073514,32.00237,31.59250054658946,-80.84147,-81.15161797516075,High,High,0.687677810326219,0.00585,0.0347135416666666,0.035,694.0,2.556210517883301,98.39997995918937,-1.21041120557671,1.3048994317351486,usa_GA_0011,0.035,0.0294,0.0369,0.0075,699.0,-3.114491514001154,0.0010718715865886,31.36267483575362,-81.2419351198302,POINT (-81.2419351198302 31.36267483575362)
98,81,0.3501441455174904,0.2837437016707265,125.87809319328844,6.969213190209072,32.00237,31.671649684101023,-80.84147,-81.13507088998506,High,High,0.687677810326219,0.01305,0.0435416666666666,0.045,723.0,2.5919134616851807,98.6856311567076,-1.237902837545236,1.3199433211544538,usa_GA_0012,0.05,0.0435,0.0546,0.0111,787.0,-4.915293971183405,0.001432587626171,31.335127839717003,-81.26777590683513,POINT (-81.26777590683513 31.335127839717003)
99,100,0.3573683569728083,0.291608306130718,132.64679245122363,6.869399501273757,32.00237,31.411354097256545,-80.84147,-81.25287919715413,High,High,0.687677810326219,0.00575,0.0291304347826086,0.03,651.0,2.5368857383728027,98.8195165231138,-1.1978738414474703,1.3090643799563588,usa_GA_0009,0.04,0.0345,0.0466,0.0121,595.0,0.0982507940030434,0.001463088741643,31.67158167406116,-81.09316295537982,POINT (-81.09316295537982 31.67158167406116)
100,92,0.3316534926714346,0.2713298952367936,125.64365311917577,6.740568198950857,32.00237,31.671649684101023,-80.84147,-81.13507088998506,High,High,0.687677810326219,0.01305,0.0435416666666666,0.045,723.0,2.5919134616851807,98.6856311567076,-1.237902837545236,1.3199433211544538,usa_GA_0012,0.05,0.0447,0.054,0.0093,781.0,-4.255605648147606,0.0007666499613976,31.635811541957885,-81.13454166626755,POINT (-81.13454166626755 31.635811541957885)
101,97,0.191100057187792,0.1355702896792239,161.77805784721147,2.498943077085155,32.00237,31.411354097256545,-80.84147,-81.25287919715413,High,High,0.687677810326219,0.00575,0.0291304347826086,0.03,651.0,2.5368857383728027,98.8195165231138,-1.1978738414474703,1.3090643799563588,usa_GA_0009,0.02,0.0194,0.0252,0.0058,527.0,0.1469771490185556,0.0014612800656285,31.639600016806043,-81.15935114521284,POINT (-81.15935114521284 31.639600016806043)
102,92,0.3316534926714346,0.2713298952367936,125.64365311917577,6.740568198950857,32.00237,31.671649684101023,-80.84147,-81.13507088998506,High,High,0.687677810326219,0.01305,0.0435416666666666,0.045,723.0,2.5919134616851807,98.6856311567076,-1.237902837545236,1.3199433211544538,usa_GA_0012,0.045,0.0432,0.0504,0.0072,777.0,-3.821271652838073,0.0013016633944884,31.636264976890416,-81.13460073662648,POINT (-81.13460073662648 31.636264976890416)
103,89,0.3460293554567342,0.2803719290808668,125.47161169053392,6.697699292131993,32.00237,31.671649684101023,-80.84147,-81.13507088998506,High,High,0.687677810326219,0.01305,0.0435416666666666,0.045,723.0,2.5919134616851807,98.6856311567076,-1.237902837545236,1.3199433211544538,usa_GA_0012,0.045,0.0431,0.0531,0.01,784.0,-4.042862650347587,0.0009664523203731,31.569371233522887,-81.16790432697395,POINT (-81.16790432697395 31.569371233522887)
104,100,0.3573683569728083,0.291608306130718,132.64679245122363,6.869399501273757,32.00237,31.188190863583387,-80.84147,-81.33782335643565,High,High,0.687677810326219,0.015,0.0608396946564885,0.06,839.0,2.4999654293060303,98.43888607128852,-1.1574001479908234,1.303537972785339,usa_GA_0006,0.06,0.0523,0.0673,0.015,855.0,0.043151060325443,0.0006333100957975,31.56078832244112,-81.13522292948446,POINT (-81.13522292948446 31.56078832244112)
105,88,0.2640926170182693,0.2109170754170797,130.43604974445876,6.057700258130349,32.00237,31.88138316424621,-80.84147,-80.96597981550957,High,High,0.687677810326219,0.0031,0.0310059171597633,0.03,548.0,2.5413951873779297,98.25882025231677,-1.2153955844937314,1.2817493445729773,usa_GA_0015,0.03,0.0265,0.0305,0.004,545.0,1.5920616734898356,0.0006911047900437,31.64030782545628,-81.11626955854173,POINT (-81.11626955854173 31.64030782545628)
106,101,0.5534454874189209,0.4626136378997308,126.31599749481236,7.420603980528679,32.00237,31.411354097256545,-80.84147,-81.25287919715413,High,High,0.687677810326219,0.00575,0.0291304347826086,0.03,651.0,2.5368857383728027,98.8195165231138,-1.1978738414474703,1.3090643799563588,usa_GA_0009,0.025,0.0235,0.0288,0.0053,562.0,0.408324564247416,0.0004304270479717,31.67223654535341,-81.05952450231106,POINT (-81.05952450231106 31.67223654535341)
107,100,0.3573683569728083,0.291608306130718,132.64679245122363,6.869399501273757,32.00237,31.141609186494563,-80.84147,-81.3748824726537,High,High,0.687677810326219,0.0169,0.0488571428571428,0.045,846.5,2.4822428226470947,98.94649174284322,-1.1589831126997732,1.297109076848053,usa_GA_0005,0.045,0.0343,0.0586,0.0243,869.0,0.4170312659915388,0.0014364081718032,31.53678035621146,-81.15376420829713,POINT (-81.15376420829713 31.53678035621146)
108,103,0.2746371574979465,0.2183794430471604,137.13584408713143,5.6549658842414665,32.00237,31.411354097256545,-80.84147,-81.25287919715413,High,High,0.687677810326219,0.00575,0.0291304347826086,0.03,651.0,2.5368857383728027,98.8195165231138,-1.1978738414474703,1.3090643799563588,usa_GA_0009,0.02,0.0194,0.0235,0.0041,541.0,0.2466986398510149,0.0010197094365249,31.739367658121232,-81.05940460514121,POINT (-81.05940460514121 31.739367658121232)
109,95,0.3899714092903272,0.3168692409713922,130.54304113186288,6.879325101306842,32.00237,31.88138316424621,-80.84147,-80.96597981550957,High,High,0.687677810326219,0.0031,0.0310059171597633,0.03,548.0,2.5413951873779297,98.25882025231677,-1.2153955844937314,1.2817493445729773,usa_GA_0015,0.025,0.0249,0.0304,0.0055,538.0,1.5320995751247677,0.0010590823783198,31.80682168098958,-81.01645546720485,POINT (-81.01645546720485 31.80682168098958)
110,101,0.5534454874189209,0.4626136378997308,126.31599749481236,7.420603980528679,32.00237,31.671649684101023,-80.84147,-81.13507088998506,High,High,0.687677810326219,0.01305,0.0435416666666666,0.045,723.0,2.5919134616851807,98.6856311567076,-1.237902837545236,1.3199433211544538,usa_GA_0012,0.045,0.0432,0.0504,0.0072,777.0,-3.821271652838073,0.0013016633944884,31.80293196189042,-81.00126562162649,POINT (-81.00126562162649 31.80293196189042)
111,95,0.3899714092903272,0.3168692409713922,130.54304113186288,6.879325101306842,32.00237,32.127782712513344,-80.84147,-80.77768816396342,High,High,0.687677810326219,0.0037,0.0329285714285714,0.035,453.0,2.510958671569824,97.64004746795894,-1.2000877040982072,1.2516135347234008,usa_SC_0002,0.03,0.0284,0.0306,0.0022,439.0,1.0174467835788332,0.0005296137161492,31.93025519443588,-80.92213099146173,POINT (-80.92213099146173 31.93025519443588)
112,108,0.3137181517975751,0.2457140661837989,148.60799929749956,6.3386658376622735,32.00237,31.671649684101023,-80.84147,-81.13507088998506,High,High,0.687677810326219,0.01305,0.0435416666666666,0.045,723.0,2.5919134616851807,98.6856311567076,-1.237902837545236,1.3199433211544538,usa_GA_0012,0.05,0.0435,0.0546,0.0111,787.0,-4.915293971183405,0.001432587626171,31.968464859717,-80.86777438183512,POINT (-80.86777438183512 31.968464859717)
113,88,0.2640926170182693,0.2109170754170797,130.43604974445876,6.057700258130349,32.00237,32.09829011603141,-80.84147,-80.85873415949891,High,Medium,0.687677810326219,0.02295,0.0881,0.09,554.0,2.553478479385376,98.9536316385642,-1.24857980857017,1.2781798798908452,usa_SC_0001,0.1,0.0874,0.1146,0.0272,552.0,-0.2439423278414292,0.0011653403826554,31.748670963515803,-81.06304322551415,POINT (-81.06304322551415 31.748670963515803)
114,101,0.5534454874189209,0.4626136378997308,126.31599749481236,7.420603980528679,32.00237,32.127782712513344,-80.84147,-80.77768816396342,High,High,0.687677810326219,0.0037,0.0329285714285714,0.035,453.0,2.510958671569824,97.64004746795894,-1.2000877040982072,1.2516135347234008,usa_SC_0002,0.025,0.0249,0.0293,0.0044,440.0,1.0818099629887126,0.0005766650309634,32.03035547902877,-80.82189613796415,POINT (-80.82189613796415 32.03035547902877)
115,109,0.4785696065451069,0.3946498725594108,137.2075085053066,7.208890948174196,32.00237,32.127782712513344,-80.84147,-80.77768816396342,High,High,0.687677810326219,0.0037,0.0329285714285714,0.035,453.0,2.510958671569824,97.64004746795894,-1.2000877040982072,1.2516135347234008,usa_SC_0002,0.025,0.0249,0.0293,0.0044,440.0,1.0818099629887126,0.0005766650309634,32.19702341402876,-80.65522819796415,POINT (-80.65522819796415 32.19702341402876)
116,94,0.2486964712461407,0.1934307762234811,144.6057301309825,4.379129805081832,32.00237,31.88138316424621,-80.84147,-80.96597981550957,High,High,0.687677810326219,0.0031,0.0310059171597633,0.03,548.0,2.5413951873779297,98.25882025231677,-1.2153955844937314,1.2817493445729773,usa_GA_0015,0.025,0.0249,0.0269,0.002,541.0,1.6780627644078314,0.0007062725964808,31.80731916642861,-81.04926046304952,POINT (-81.04926046304952 31.80731916642861)
117,99,0.5304679302362272,0.44432019238918,125.78855357105368,7.319504935790256,32.00237,31.88138316424621,-80.84147,-80.96597981550957,High,High,0.687677810326219,0.0031,0.0310059171597633,0.03,548.0,2.5413951873779297,98.25882025231677,-1.2153955844937314,1.2817493445729773,usa_GA_0015,0.03,0.0265,0.0305,0.004,545.0,1.5920616734898356,0.0006911047900437,31.873642370456277,-80.94960162354172,POINT (-80.94960162354172 31.873642370456277)
118,104,0.4885011632115847,0.4027118255550206,128.7223633912746,7.046645193854695,32.00237,31.671649684101023,-80.84147,-81.13507088998506,High,High,0.687677810326219,0.01305,0.0435416666666666,0.045,723.0,2.5919134616851807,98.6856311567076,-1.237902837545236,1.3199433211544538,usa_GA_0012,0.05,0.0447,0.054,0.0093,781.0,-4.255605648147606,0.0007666499613976,31.869146081957883,-80.96787372626756,POINT (-80.96787372626756 31.869146081957883)
119,97,0.191100057187792,0.1355702896792239,161.77805784721147,2.498943077085155,32.00237,31.88138316424621,-80.84147,-80.96597981550957,High,High,0.687677810326219,0.0031,0.0310059171597633,0.03,548.0,2.5413951873779297,98.25882025231677,-1.2153955844937314,1.2817493445729773,usa_GA_0015,0.03,0.0265,0.0305,0.004,545.0,1.5920616734898356,0.0006911047900437,31.873642370456277,-81.01626727354173,POINT (-81.01626727354173 31.873642370456277)
120,112,0.3225340779593542,0.2634454497013171,130.95977073735872,7.155428155875513,32.65302,32.6064480646222,-79.94277,-80.04451741378453,High,High,1.06082628750927,0.0025,0.0328804347826087,0.03,446.5,2.153021812438965,95.83565028398164,-1.0048835330649175,1.058478921641932,usa_SC_0010,0.025,0.0249,0.0275,0.0026,461.0,-0.1731260086432885,0.0008954458506606,32.50362110613712,-80.22209811797231,POINT (-80.22209811797231 32.50362110613712)
121,113,0.2319066441438889,0.1751270568262286,155.8003563892749,3.689200245078176,32.65302,32.6064480646222,-79.94277,-80.04451741378453,High,High,1.06082628750927,0.0025,0.0328804347826087,0.03,446.5,2.153021812438965,95.83565028398164,-1.0048835330649175,1.058478921641932,usa_SC_0010,0.025,0.0249,0.0275,0.0026,461.0,-0.1731260086432885,0.0008954458506606,32.53695393113712,-80.22209811797231,POINT (-80.22209811797231 32.53695393113712)
122,116,0.412883465652882,0.3373976551445971,145.50782712331255,7.06109174495199,32.65302,32.52018869478529,-79.94277,-80.26768130885652,High,High,1.06082628750927,0.01855,0.0779058441558441,0.065,544.0,2.249189853668213,96.49924364803256,-1.0610926226989126,1.1093585742992027,usa_SC_0008,0.06,0.0523,0.0698,0.0175,542.0,-4.1728139399261375,0.0014642952653359,32.527360401350165,-80.2334304520896,POINT (-80.2334304520896 32.527360401350165)
123,119,0.5312925077807675,0.4349976176449511,145.18893835842374,7.136657783997592,32.65302,32.52018869478529,-79.94277,-80.26768130885652,High,High,1.06082628750927,0.01855,0.0779058441558441,0.065,544.0,2.249189853668213,96.49924364803256,-1.0610926226989126,1.1093585742992027,usa_SC_0008,0.06,0.0537,0.0707,0.017,539.0,-4.077044246303304,0.0008052951172488,32.56045091637248,-80.13388828383589,POINT (-80.13388828383589 32.56045091637248)
124,116,0.412883465652882,0.3373976551445971,145.50782712331255,7.06109174495199,32.65302,32.52018869478529,-79.94277,-80.26768130885652,High,High,1.06082628750927,0.01855,0.0779058441558441,0.065,544.0,2.249189853668213,96.49924364803256,-1.0610926226989126,1.1093585742992027,usa_SC_0008,0.06,0.0499,0.0676,0.0177,539.0,-4.113517601418777,0.0010421404477509,32.52722516994517,-80.23364890303036,POINT (-80.23364890303036 32.52722516994517)
125,115,0.5954546085950998,0.494114741998867,135.9155702531497,7.211110223551622,32.65302,32.6064480646222,-79.94277,-80.04451741378453,High,High,1.06082628750927,0.0025,0.0328804347826087,0.03,446.5,2.153021812438965,95.83565028398164,-1.0048835330649175,1.058478921641932,usa_SC_0010,0.03,0.0283,0.0303,0.002,452.0,0.1002519021125811,0.0014936293652396,32.536809286319254,-80.15623331574885,POINT (-80.15623331574885 32.536809286319254)
126,112,0.3225340779593542,0.2634454497013171,130.95977073735872,7.155428155875513,32.65302,32.52018869478529,-79.94277,-80.26768130885652,High,High,1.06082628750927,0.01855,0.0779058441558441,0.065,544.0,2.249189853668213,96.49924364803256,-1.0610926226989126,1.1093585742992027,usa_SC_0008,0.07,0.0597,0.0808,0.0211,539.0,-3.962161550617578,0.000896008414161,32.46035185242225,-80.33413456489473,POINT (-80.33413456489473 32.46035185242225)
127,117,0.5871915263864892,0.4854455777874238,140.71832891979182,7.217884769631073,32.65302,32.6064480646222,-79.94277,-80.04451741378453,High,High,1.06082628750927,0.0025,0.0328804347826087,0.03,446.5,2.153021812438965,95.83565028398164,-1.0048835330649175,1.058478921641932,usa_SC_0010,0.03,0.0288,0.0303,0.0015,465.0,-0.1089029584589191,0.0008295527492878,32.570239801680444,-80.08903140997639,POINT (-80.08903140997639 32.570239801680444)
128,113,0.2319066441438889,0.1751270568262286,155.8003563892749,3.689200245078176,32.65302,32.52018869478529,-79.94277,-80.26768130885652,High,High,1.06082628750927,0.01855,0.0779058441558441,0.065,544.0,2.249189853668213,96.49924364803256,-1.0610926226989126,1.1093585742992027,usa_SC_0008,0.07,0.0597,0.0808,0.0211,539.0,-3.962161550617578,0.000896008414161,32.49368467742225,-80.33413456489473,POINT (-80.33413456489473 32.49368467742225)
129,115,0.5954546085950998,0.494114741998867,135.9155702531497,7.211110223551622,32.65302,32.58305704123454,-79.94277,-80.13000404538502,High,High,1.06082628750927,0.005,0.0305142857142857,0.025,437.0,2.1835639476776123,96.06438769961062,-1.0223219628409843,1.0753053735249596,usa_SC_0009,0.03,0.0249,0.0304,0.0055,442.0,2.1312861287851668,0.0014105390990675,32.52525156987751,-80.19884984623806,POINT (-80.19884984623806 32.52525156987751)
130,118,0.4008731936963603,0.3216158934616909,148.36976322814192,6.851339330823255,32.65302,32.58305704123454,-79.94277,-80.13000404538502,High,High,1.06082628750927,0.005,0.0305142857142857,0.025,437.0,2.1835639476776123,96.06438769961062,-1.0223219628409843,1.0753053735249596,usa_SC_0009,0.025,0.0249,0.0263,0.0014,440.0,2.1402931402937684,0.0012384371663201,32.59202266625803,-80.09861053186238,POINT (-80.09861053186238 32.59202266625803)
131,119,0.5312925077807675,0.4349976176449511,145.18893835842374,7.136657783997592,32.65302,32.58305704123454,-79.94277,-80.13000404538502,High,High,1.06082628750927,0.005,0.0305142857142857,0.025,437.0,2.1835639476776123,96.06438769961062,-1.0223219628409843,1.0753053735249596,usa_SC_0009,0.025,0.0249,0.0263,0.0014,440.0,2.1402931402937684,0.0012384371663201,32.59202266625803,-80.06527770686239,POINT (-80.06527770686239 32.59202266625803)
132,139,0.5143274446038805,0.4167212195873105,131.6802512348761,6.95554025860983,33.64748,33.701592715574485,-78.9294,-78.8642232242852,High,High,0.715489602487852,0.01085,0.0672183098591549,0.07,500.0,2.0457913875579834,96.44198232900844,-0.9853019229116704,0.987699845565376,usa_SC_0026,0.07,0.0646,0.0763,0.0117,511.0,1.029269317261832,0.0009103210114605,33.617747168001536,-78.9323888139258,POINT (-78.9323888139258 33.617747168001536)
133,131,0.3547147401580512,0.283061739849738,136.04013055441013,6.833600057541,33.39867,33.419431413351724,-79.13822,-79.12647852077072,High,High,0.828347630600884,0.00765,0.0561475409836065,0.06,849.5,1.985640406608581,97.35710197362802,-0.9583076550521764,0.9748543004393024,usa_SC_0023,0.07,0.065,0.0754,0.0104,864.0,-0.3275691882003813,0.0013268863564257,33.24314138305056,-79.22920646755294,POINT (-79.22920646755294 33.24314138305056)
134,140,0.5635238448069678,0.455588188428976,134.40909268408583,6.7375883663621305,33.64748,33.701592715574485,-78.9294,-78.8642232242852,High,High,0.715489602487852,0.01085,0.0672183098591549,0.07,500.0,2.0457913875579834,96.44198232900844,-0.9853019229116704,0.987699845565376,usa_SC_0026,0.065,0.062,0.07,0.008,513.0,1.111499215217658,0.0014070180777401,33.65075750143697,-78.89943268336154,POINT (-78.89943268336154 33.65075750143697)
135,129,0.3747762354619742,0.3008040894438465,152.05749348626685,7.069901497074351,33.39867,33.419431413351724,-79.13822,-79.12647852077072,High,High,0.828347630600884,0.00765,0.0561475409836065,0.06,849.5,1.985640406608581,97.35710197362802,-0.9583076550521764,0.9748543004393024,usa_SC_0023,0.07,0.065,0.0754,0.0104,864.0,-0.3275691882003813,0.0013268863564257,33.20980856305056,-79.26253929255293,POINT (-79.26253929255293 33.20980856305056)
136,142,0.508726498442147,0.4084481654166548,137.958508997067,6.713001507895482,33.64748,33.58381774836329,-78.9294,-78.98960664791514,High,High,0.715489602487852,0.0064,0.0570036764705882,0.055,755.0,2.0390050411224365,97.1242812555457,-0.9824354881271742,0.9979335028273362,usa_SC_0025,0.055,0.0519,0.0571,0.0052,743.0,0.1443277211850815,0.0002732755820076,33.65845947445786,-78.89485939079313,POINT (-78.89485939079313 33.65845947445786)
137,132,0.6696811037446537,0.5499692956945192,136.72515502839684,7.268552939097011,33.39867,33.419431413351724,-79.13822,-79.12647852077072,High,High,0.828347630600884,0.00765,0.0561475409836065,0.06,849.5,1.985640406608581,97.35710197362802,-0.9583076550521764,0.9748543004393024,usa_SC_0023,0.065,0.0593,0.0681,0.0088,785.0,-0.3120467642231137,0.0011604154472867,33.24252583246128,-79.19621150511266,POINT (-79.19621150511266 33.24252583246128)
138,129,0.3747762354619742,0.3008040894438465,152.05749348626685,7.069901497074351,33.39867,33.419431413351724,-79.13822,-79.12647852077072,High,High,0.828347630600884,0.00765,0.0561475409836065,0.06,849.5,1.985640406608581,97.35710197362802,-0.9583076550521764,0.9748543004393024,usa_SC_0023,0.065,0.0593,0.0681,0.0088,785.0,-0.3120467642231137,0.0011604154472867,33.20919301246128,-79.26287715511265,POINT (-79.26287715511265 33.20919301246128)
140,134,0.6638995883457018,0.5460287241911911,123.23021275438325,7.252969851125761,33.39867,33.419431413351724,-79.13822,-79.12647852077072,High,High,0.828347630600884,0.00765,0.0561475409836065,0.06,849.5,1.985640406608581,97.35710197362802,-0.9583076550521764,0.9748543004393024,usa_SC_0023,0.065,0.0624,0.0717,0.0093,882.0,-0.2889186226353519,0.0014496968738074,33.30898639471671,-79.12965068167387,POINT (-79.12965068167387 33.30898639471671)
141,142,0.508726498442147,0.4084481654166548,137.958508997067,6.713001507895482,33.64748,33.58381774836329,-78.9294,-78.98960664791514,High,High,0.715489602487852,0.0064,0.0570036764705882,0.055,755.0,2.0390050411224365,97.1242812555457,-0.9824354881271742,0.9979335028273362,usa_SC_0025,0.05,0.0489,0.0541,0.0052,748.0,0.1083851825804006,0.0002218404097292,33.65863367414014,-78.8946872122329,POINT (-78.8946872122329 33.65863367414014)
142,140,0.5635238448069678,0.455588188428976,134.40909268408583,6.7375883663621305,33.64748,33.701592715574485,-78.9294,-78.8642232242852,High,High,0.715489602487852,0.01085,0.0672183098591549,0.07,500.0,2.0457913875579834,96.44198232900844,-0.9853019229116704,0.987699845565376,usa_SC_0026,0.07,0.066,0.077,0.011,509.0,1.1151820616440318,0.0010765716913453,33.650918913225155,-78.89924445922176,POINT (-78.89924445922176 33.650918913225155)
143,141,0.5203181640749186,0.4194031220977198,137.1092243061082,6.743471237385782,33.64748,33.58381774836329,-78.9294,-78.98960664791514,High,High,0.715489602487852,0.0064,0.0570036764705882,0.055,755.0,2.0390050411224365,97.1242812555457,-0.9824354881271742,0.9979335028273362,usa_SC_0025,0.05,0.0489,0.0541,0.0052,748.0,0.1083851825804006,0.0002218404097292,33.62529893914014,-78.92802385223291,POINT (-78.92802385223291 33.62529893914014)
144,160,0.602168334688104,0.4849472843331577,129.39672628848533,7.694714010177122,34.63162,34.43151349969336,-77.14279,-77.53318808591484,High,High,0.597254149530125,0.0075,0.0576875,0.055,908.0,1.6912624835968018,100.62763040541964,-0.8114103063455396,0.890467054833771,usa_NC_0015,0.055,0.0528,0.0583,0.0055,927.0,-0.4719030891694334,0.0014078903459727,34.31506855352954,-77.66679712227885,POINT (-77.66679712227885 34.31506855352954)
145,160,0.602168334688104,0.4849472843331577,129.39672628848533,7.694714010177122,34.63162,34.49495391792198,-77.14279,-77.4125493333743,High,High,0.597254149530125,0.008,0.0549649122807017,0.055,893.0,1.6814781427383425,100.70218338038627,-0.8104395812457956,0.8828456215556829,usa_NC_0016,0.07,0.0633,0.0754,0.0121,893.0,-1.0739010913089806,0.0012990887371855,34.34739830689671,-77.60557491658571,POINT (-77.60557491658571 34.34739830689671)
146,163,0.7572831391757542,0.6163104544958221,137.46086643385922,7.537271761375726,34.63162,34.3188354616574,-77.14279,-77.68945443393493,High,High,0.597254149530125,0.0149,0.0459633027522935,0.045,818.0,1.6988941431045532,96.27688579800504,-0.8110304487404919,0.8246119252452754,usa_NC_0013,0.05,0.0471,0.0552,0.0081,898.0,-2.2358569610202603,0.0008282767774082,34.32627965283131,-77.64501981846884,POINT (-77.64501981846884 34.32627965283131)
147,162,0.8238556632435916,0.670783190922957,133.99751950969411,7.56982077409064,34.63162,34.43151349969336,-77.14279,-77.53318808591484,High,High,0.597254149530125,0.0075,0.0576875,0.055,908.0,1.6912624835968018,100.62763040541964,-0.8114103063455396,0.890467054833771,usa_NC_0015,0.055,0.0536,0.06,0.0064,917.0,-0.9430306341094372,0.001324414226783,34.348907908861726,-77.59922761515507,POINT (-77.59922761515507 34.348907908861726)
148,150,0.73020311737261,0.5743719067368646,162.28076422064294,6.53158328343889,33.84377,33.91315344971092,-78.5865,-78.180318767459,High,High,0.621131370602788,0.0135,0.0654975124378109,0.065,514.0,1.898556113243103,95.19644594002392,-0.8967721000428756,0.9105858439416148,usa_NC_0004,0.065,0.0604,0.0726,0.0122,507.0,0.0208275383208737,0.0005871781040164,33.88985876455532,-78.22373413167972,POINT (-78.22373413167972 33.88985876455532)
149,160,0.602168334688104,0.4849472843331577,129.39672628848533,7.694714010177122,34.63162,34.49495391792198,-77.14279,-77.4125493333743,High,High,0.597254149530125,0.008,0.0549649122807017,0.055,893.0,1.6814781427383425,100.70218338038627,-0.8104395812457956,0.8828456215556829,usa_NC_0016,0.065,0.06,0.0704,0.0104,893.0,-1.0612689831585045,0.0009179715427796,34.34698604575917,-77.60623317474256,POINT (-77.60623317474256 34.34698604575917)
150,143,0.6657741459528395,0.5362931803597224,141.71658851429686,6.719318178000566,33.84377,33.96320580506285,-78.5865,-77.92069581676877,Medium,High,0.621131370602788,0.0289,0.0880864197530864,0.09,442.0,1.7293413877487185,95.09621573989284,-0.8122857182371515,0.8322524987356265,usa_NC_0008,0.08,0.0719,0.0939,0.022,455.0,0.9303077840251028,0.0014262909429004,33.84817772362914,-78.32625254848102,POINT (-78.32625254848102 33.84817772362914)
151,159,0.7914426505932588,0.6445672660970118,127.54985925831186,7.56946678368673,34.63162,34.49495391792198,-77.14279,-77.4125493333743,High,High,0.597254149530125,0.008,0.0549649122807017,0.055,893.0,1.6814781427383425,100.70218338038627,-0.8104395812457956,0.8828456215556829,usa_NC_0016,0.065,0.06,0.0704,0.0104,893.0,-1.0612689831585045,0.0009179715427796,34.31365322075917,-77.60623317474256,POINT (-77.60623317474256 34.31365322075917)
152,148,0.6438315207137799,0.5098618366766747,157.36563925254356,6.647003655203795,33.84377,33.84663305661862,-78.5865,-78.5723698650178,High,High,0.621131370602788,0.00245,0.0323571428571428,0.03,521.0,2.0169217586517334,95.78240521031,-0.9642269241959994,0.9676292474507144,usa_SC_0028,0.03,0.0299,0.0314,0.0015,537.0,1.2494344362603125,0.0008930474934745,33.85626486808671,-78.48585714304244,POINT (-78.48585714304244 33.85626486808671)
153,159,0.7914426505932588,0.6445672660970118,127.54985925831186,7.56946678368673,34.63162,34.26923893577092,-77.14279,-77.74158175486775,High,High,0.597254149530125,0.00485,0.0418309859154929,0.04,755.0,1.6995309591293335,96.07124743459887,-0.8078191800722869,0.8249414129004669,usa_NC_0012,0.04,0.0389,0.0428,0.0039,750.0,0.8846048292277051,0.0011417971282438,34.2015697382496,-77.77026295991286,POINT (-77.77026295991286 34.2015697382496)
154,165,0.8361319206966435,0.6803207254078744,142.79481544229003,7.491352190947458,34.63162,34.3188354616574,-77.14279,-77.68945443393493,High,High,0.597254149530125,0.0149,0.0459633027522935,0.045,818.0,1.6988941431045532,96.27688579800504,-0.8110304487404919,0.8246119252452754,usa_NC_0013,0.05,0.0456,0.0559,0.0103,886.0,-2.361324198314953,0.0014908794947371,34.36006222128897,-77.57769354832237,POINT (-77.57769354832237 34.36006222128897)
155,147,0.600969474919983,0.4766085295643676,154.92607836651752,6.717245365718594,33.84377,33.91315344971092,-78.5865,-78.180318767459,High,High,0.621131370602788,0.0135,0.0654975124378109,0.065,514.0,1.898556113243103,95.19644594002392,-0.8967721000428756,0.9105858439416148,usa_NC_0004,0.065,0.0595,0.0697,0.0102,513.0,-0.0242741689706818,0.0004991654971521,33.88984978017295,-78.3231952568758,POINT (-78.3231952568758 33.88984978017295)
156,161,0.6043949811411982,0.4929073949750743,132.75623135332955,7.731062007513809,34.63162,34.49495391792198,-77.14279,-77.4125493333743,High,High,0.597254149530125,0.008,0.0549649122807017,0.055,893.0,1.6814781427383425,100.70218338038627,-0.8104395812457956,0.8828456215556829,usa_NC_0016,0.07,0.0636,0.0754,0.0118,886.0,-1.0585805092169975,0.000875040816485,34.38062248346475,-77.57248091421006,POINT (-77.57248091421006 34.38062248346475)
157,169,0.8617819041896333,0.697826680823821,147.47842548542272,7.455170681520323,34.63162,34.49495391792198,-77.14279,-77.4125493333743,High,High,0.597254149530125,0.008,0.0549649122807017,0.055,893.0,1.6814781427383425,100.70218338038627,-0.8104395812457956,0.8828456215556829,usa_NC_0016,0.07,0.0636,0.0754,0.0118,886.0,-1.0585805092169975,0.000875040816485,34.51395759846475,-77.30581068921006,POINT (-77.30581068921006 34.51395759846475)
158,168,0.7345467171310014,0.597359842181844,144.68986532448238,7.592237696830477,34.63162,34.49495391792198,-77.14279,-77.4125493333743,High,High,0.597254149530125,0.008,0.0549649122807017,0.055,893.0,1.6814781427383425,100.70218338038627,-0.8104395812457956,0.8828456215556829,usa_NC_0016,0.07,0.0648,0.0767,0.0119,895.0,-1.0526148613353152,0.0008309565167135,34.51376480113684,-77.33932566652464,POINT (-77.33932566652464 34.51376480113684)
159,171,0.8405057036334797,0.6730769358409574,153.7893482988826,7.330767466314545,34.63162,34.49495391792198,-77.14279,-77.4125493333743,High,High,0.597254149530125,0.008,0.0549649122807017,0.055,893.0,1.6814781427383425,100.70218338038627,-0.8104395812457956,0.8828456215556829,usa_NC_0016,0.065,0.0617,0.0707,0.009,891.0,-1.0567581650329576,0.0012471064966917,34.54687236913256,-77.23979931004277,POINT (-77.23979931004277 34.54687236913256)
160,182,0.9851914331723554,0.8071831037496106,133.05663886352076,8.244320174277583,34.7920252,34.78218057913062,-76.382003,-76.38898171109177,High,High,0.23699231,0.02065,0.0648920863309352,0.065,509.0,1.3966169357299805,93.82837863586224,-0.6192732233306228,0.69114980321868,usa_NC_0024,0.065,0.0573,0.0804,0.0231,504.0,-2.404819463294267,0.0003135203817954,34.79091995936824,-76.36117322034747,POINT (-76.36117322034747 34.79091995936824)
161,169,0.8617819041896333,0.697826680823821,147.47842548542272,7.455170681520323,34.63162,34.56323937407871,-77.14279,-77.28017131695188,High,High,0.597254149530125,0.0151,0.0539041095890411,0.055,877.0,1.6678824424743652,100.71909022411586,-0.8103100502335064,0.8695659718344366,usa_NC_0017,0.05,0.0465,0.0594,0.0129,891.0,-1.7099598499701798,0.0014852610965861,34.54775524788525,-77.23948194266572,POINT (-77.23948194266572 34.54775524788525)
162,170,0.7408851428338762,0.5953240447289335,150.69225645704432,7.437079338641836,34.63162,34.49495391792198,-77.14279,-77.4125493333743,High,High,0.597254149530125,0.008,0.0549649122807017,0.055,893.0,1.6814781427383425,100.70218338038627,-0.8104395812457956,0.8828456215556829,usa_NC_0016,0.07,0.0633,0.0754,0.0121,893.0,-1.0739010913089806,0.0012990887371855,34.547399071896706,-77.27223904158572,POINT (-77.27223904158572 34.547399071896706)
163,166,0.721499299819714,0.5883980907908228,144.7614314272851,7.584594398365246,34.63162,34.37099065238953,-77.14279,-77.62072834544465,High,High,0.597254149530125,0.0108,0.0516201117318435,0.05,929.0,1.6964056491851809,100.47337998695618,-0.8108275331230953,0.8936085609029223,usa_NC_0014,0.055,0.051,0.0655,0.0145,945.0,0.621364173735585,0.0011909501729138,34.41820862980577,-77.51039378454574,POINT (-77.51039378454574 34.41820862980577)
164,168,0.7345467171310014,0.597359842181844,144.68986532448238,7.592237696830477,34.63162,34.3188354616574,-77.14279,-77.68945443393493,High,High,0.597254149530125,0.0149,0.0459633027522935,0.045,818.0,1.6988941431045532,96.27688579800504,-0.8110304487404919,0.8246119252452754,usa_NC_0013,0.05,0.0471,0.0552,0.0081,898.0,-2.2358569610202603,0.0008282767774082,34.426280032831315,-77.47835188346883,POINT (-77.47835188346883 34.426280032831315)
165,175,0.6920393480641551,0.5468857923104377,159.2661592808894,7.278068359103951,34.6660885,34.66781381202215,-77.008725,-76.98873763746532,High,High,0.26002304,0.017,0.0632201405152224,0.065,495.0,1.6565672159194946,96.1130079033018,-0.7366091994879624,0.8555673796722477,usa_NC_0019,0.065,0.0571,0.0715,0.0144,498.0,0.223315029401284,0.0014180886680152,34.667521735063154,-76.96161578782474,POINT (-76.96161578782474 34.667521735063154)
166,167,0.8452984918255204,0.6878842428657415,145.29260617758106,7.516673587127603,34.63162,34.43151349969336,-77.14279,-77.53318808591484,High,High,0.597254149530125,0.0075,0.0576875,0.055,908.0,1.6912624835968018,100.62763040541964,-0.8114103063455396,0.890467054833771,usa_NC_0015,0.055,0.0536,0.0583,0.0047,924.0,-0.6831960109797772,0.0010184658786135,34.448778484990186,-77.43278410990249,POINT (-77.43278410990249 34.448778484990186)
167,168,0.7345467171310014,0.597359842181844,144.68986532448238,7.592237696830477,34.63162,34.37099065238953,-77.14279,-77.62072834544465,High,High,0.597254149530125,0.0108,0.0516201117318435,0.05,929.0,1.6964056491851809,100.47337998695618,-0.8108275331230953,0.8936085609029223,usa_NC_0014,0.06,0.0524,0.0651,0.0127,957.0,0.6247223526300226,0.0008712084127905,34.45170764763102,-77.44354039933626,POINT (-77.44354039933626 34.45170764763102)
168,189,0.9170830078011614,0.7372914289410848,146.83004982319218,7.771111615138365,35.0530517,35.102276047992966,-76.04479,-75.9576335617355,High,High,0.16635598,0.0011,0.0113583815028901,0.01,544.0,0.2812045216560364,108.48720103772594,-0.1622675401526612,0.1428033745834986,usa_NC_0028,0.01,0.01,0.0108,0.0008,536.0,-0.5817994889026551,0.0011031681861628,35.118113038845706,-75.91165800031152,POINT (-75.91165800031152 35.118113038845706)
169,200,0.54329470302705,0.4492550264288344,101.45987044380826,8.447767028063305,35.224,35.210144655193446,-75.643,-75.68580414858448,High,High,0.263,0.01915,0.0686046511627907,0.065,541.0,1.3458420038223269,92.57939363879896,-0.5756260178486452,0.6703463486263262,usa_NC_0030,0.065,0.0581,0.0748,0.0167,548.0,-0.5988692430752333,0.0014586708845979,35.4044041490207,-75.57582999087296,POINT (-75.57582999087296 35.4044041490207)
170,188,1.1257992847262428,0.9092582874512108,142.98476675722137,7.898359318148279,35.0530517,35.102276047992966,-76.04479,-75.9576335617355,High,High,0.16635598,0.0011,0.0113583815028901,0.01,544.0,0.2812045216560364,108.48720103772594,-0.1622675401526612,0.1428033745834986,usa_NC_0028,0.01,0.01,0.0111,0.0011,538.0,-0.661892950168972,0.0005332842719003,35.08442328906095,-75.94569270377673,POINT (-75.94569270377673 35.08442328906095)
171,192,0.9307670649903697,0.7491107948371335,153.42697539203652,7.742272068428127,35.224,35.210144655193446,-75.643,-75.68580414858448,High,High,0.263,0.01915,0.0686046511627907,0.065,541.0,1.3458420038223269,92.57939363879896,-0.5756260178486452,0.6703463486263262,usa_NC_0030,0.065,0.0581,0.0748,0.0167,548.0,-0.5988692430752333,0.0014586708845979,35.2044014790207,-75.67582846587297,POINT (-75.67582846587297 35.2044014790207)
172,200,0.54329470302705,0.4492550264288344,101.45987044380826,8.447767028063305,35.224,35.210144655193446,-75.643,-75.68580414858448,High,High,0.284,0.01915,0.0686046511627907,0.065,541.0,1.3458420038223269,92.57939363879896,-0.5756260178486452,0.6703463486263262,usa_NC_0030,0.065,0.0581,0.0748,0.0167,548.0,-0.5988692430752333,0.0014586708845979,35.4044041490207,-75.57582999087296,POINT (-75.57582999087296 35.4044041490207)
173,199,0.6947499459777652,0.578760488058632,110.65825628944484,8.565344889439313,35.224,35.210144655193446,-75.643,-75.68580414858448,High,High,0.263,0.01915,0.0686046511627907,0.065,541.0,1.3458420038223269,92.57939363879896,-0.5756260178486452,0.6703463486263262,usa_NC_0030,0.065,0.058,0.0765,0.0185,547.0,-0.616391352146568,0.0014761068401884,35.370978811056325,-75.57607894573138,POINT (-75.57607894573138 35.370978811056325)
174,189,0.9170830078011614,0.7372914289410848,146.83004982319218,7.771111615138365,35.0530517,35.102276047992966,-76.04479,-75.9576335617355,High,High,0.16635598,0.0011,0.0113583815028901,0.01,544.0,0.2812045216560364,108.48720103772594,-0.1622675401526612,0.1428033745834986,usa_NC_0028,0.01,0.01,0.011,0.001,544.0,-0.704895336855209,0.0011012596888597,35.1176858343844,-75.91263726278126,POINT (-75.91263726278126 35.1176858343844)
175,195,1.3255009238157485,1.1052172025054523,117.6553069296785,8.232203269755843,35.224,35.210144655193446,-75.643,-75.68580414858448,High,High,0.284,0.01915,0.0686046511627907,0.065,541.0,1.3458420038223269,92.57939363879896,-0.5756260178486452,0.6703463486263262,usa_NC_0030,0.065,0.0581,0.0748,0.0167,548.0,-0.5988692430752333,0.0014586708845979,35.237736209020696,-75.57582999087296,POINT (-75.57582999087296 35.237736209020696)
176,190,1.1178926713034982,0.898288120178445,149.5724793910452,7.64642684898343,35.224,35.210144655193446,-75.643,-75.68580414858448,High,High,0.263,0.01915,0.0686046511627907,0.065,541.0,1.3458420038223269,92.57939363879896,-0.5756260178486452,0.6703463486263262,usa_NC_0030,0.065,0.058,0.0765,0.0185,547.0,-0.616391352146568,0.0014761068401884,35.17097805105632,-75.7427430707314,POINT (-75.7427430707314 35.17097805105632)
177,201,0.8809529445217391,0.7255852700628806,88.937432281623,8.380413590182977,35.224,35.210144655193446,-75.643,-75.68580414858448,High,High,0.263,0.01915,0.0686046511627907,0.065,541.0,1.3458420038223269,92.57939363879896,-0.5756260178486452,0.6703463486263262,usa_NC_0030,0.065,0.0581,0.0748,0.0167,548.0,-0.5988692430752333,0.0014586708845979,35.4377369740207,-75.57582999087296,POINT (-75.57582999087296 35.4377369740207)
178,197,1.0271039412471323,0.8531993759402351,109.8629579774763,8.485909853519049,35.224,35.210144655193446,-75.643,-75.68580414858448,High,High,0.263,0.01915,0.0686046511627907,0.065,541.0,1.3458420038223269,92.57939363879896,-0.5756260178486452,0.6703463486263262,usa_NC_0030,0.065,0.058,0.0765,0.0185,547.0,-0.616391352146568,0.0014761068401884,35.30431125605632,-75.57607894573138,POINT (-75.57607894573138 35.30431125605632)
179,190,1.1178926713034982,0.898288120178445,149.5724793910452,7.64642684898343,35.224,35.210144655193446,-75.643,-75.68580414858448,High,High,0.263,0.01915,0.0686046511627907,0.065,541.0,1.3458420038223269,92.57939363879896,-0.5756260178486452,0.6703463486263262,usa_NC_0030,0.065,0.0581,0.0748,0.0167,548.0,-0.5988692430752333,0.0014586708845979,35.1710686540207,-75.74249411587297,POINT (-75.74249411587297 35.1710686540207)
180,210,0.8390839417462116,0.6882516466443847,92.78981709182553,8.074729305775387,36.27861,36.23482460391028,-75.79254,-75.77395066370372,Medium,High,0.219969783,0.0256,0.0788079470198675,0.08,478.0,1.4022364616394043,86.10970768754824,-0.549265935492916,0.6581957827129946,usa_NC_0046,0.075,0.0684,0.0886,0.0202,483.0,0.5012368851787374,0.0014447297826308,36.2506777551034,-75.75286179938814,POINT (-75.75286179938814 36.2506777551034)
181,208,1.0427926495696076,0.8494386132105933,85.68636323989152,8.071005032770712,36.102,36.13101130249169,-75.711,-75.72665860304024,High,High,0.39578605,0.0176,0.0586071428571428,0.06,492.0,0.8258429169654846,92.6017820479747,-0.368528487665037,0.3962167703619776,usa_NC_0044,0.06,0.0532,0.0705,0.0173,479.0,-0.2567715606439249,0.0014866839350322,36.13202344022845,-75.69587073951567,POINT (-75.69587073951567 36.13202344022845)
182,203,0.8156571740936127,0.6659133567889818,81.00353449260162,8.288417706869142,36.10122,36.07570082832616,-75.71153,-75.69511231481094,Medium,Medium,0.645084085683909,0.04415,0.0916538461538461,0.09,572.0,1.3962838649749756,87.89191078698431,-0.56509671687069,0.662123852066172,usa_NC_0043,0.09,0.0746,0.115,0.0404,598.0,0.4289056764616734,0.0014870920334058,35.93820681803267,-75.61352832545462,POINT (-75.61352832545462 35.93820681803267)
183,208,1.0427926495696076,0.8494386132105933,85.68636323989152,8.071005032770712,36.102,36.13101130249169,-75.711,-75.72665860304024,High,High,0.39578605,0.0176,0.0586071428571428,0.06,492.0,0.8258429169654846,92.6017820479747,-0.368528487665037,0.3962167703619776,usa_NC_0044,0.055,0.0476,0.0618,0.0142,480.0,-0.2123126842808125,0.0012192226381439,36.13222426266192,-75.69599975817944,POINT (-75.69599975817944 36.13222426266192)
184,208,1.0427926495696076,0.8494386132105933,85.68636323989152,8.071005032770712,36.102,36.13101130249169,-75.711,-75.72665860304024,High,High,0.376,0.0176,0.0586071428571428,0.06,492.0,0.8258429169654846,92.6017820479747,-0.368528487665037,0.3962167703619776,usa_NC_0044,0.06,0.0532,0.0705,0.0173,479.0,-0.2567715606439249,0.0014866839350322,36.13202344022845,-75.69587073951567,POINT (-75.69587073951567 36.13202344022845)
187,211,0.399555281066846,0.3275310958728225,102.57584201313468,7.66925408156451,36.32843,36.310666598168304,-75.81131,-75.80319124294134,High,High,0.23134549,0.0144,0.0560199004975124,0.055,470.0,1.408286452293396,85.53382956766252,-0.5463996984481926,0.6581616354809218,usa_NC_0047,0.06,0.0539,0.0676,0.0137,473.0,0.3195832671480509,0.0012025910703932,36.32187088122973,-75.80094348705776,POINT (-75.80094348705776 36.32187088122973)
188,208,1.0427926495696076,0.8494386132105933,85.68636323989152,8.071005032770712,36.102,36.13101130249169,-75.711,-75.72665860304024,High,High,0.403,0.0176,0.0586071428571428,0.06,492.0,0.8258429169654846,92.6017820479747,-0.368528487665037,0.3962167703619776,usa_NC_0044,0.055,0.0482,0.0622,0.014,483.0,-0.1973610869322246,0.0011682362184246,36.13243648034452,-75.6960981794282,POINT (-75.6960981794282 36.13243648034452)
189,209,0.6974545911924657,0.5698819957828919,92.16063526816316,8.19293923529854,36.1814,36.18174213899711,-75.7501,-75.75024231868835,High,High,0.355,0.01615,0.05365,0.05,493.0,0.8258429169654846,92.6017820479747,-0.368528487665037,0.3962167703619776,usa_NC_0045,0.045,0.0414,0.0543,0.0129,497.0,-0.2698332031773793,0.0014945964439539,36.1909227896906,-75.74098561215308,POINT (-75.74098561215308 36.1909227896906)
190,208,1.0427926495696076,0.8494386132105933,85.68636323989152,8.071005032770712,36.102,36.13101130249169,-75.711,-75.72665860304024,High,High,0.357153695,0.0176,0.0586071428571428,0.06,492.0,0.8258429169654846,92.6017820479747,-0.368528487665037,0.3962167703619776,usa_NC_0044,0.055,0.0485,0.0647,0.0162,481.0,-0.2431757018887204,0.0013295586807788,36.13265512576202,-75.69617835849495,POINT (-75.69617835849495 36.13265512576202)
191,208,1.0427926495696076,0.8494386132105933,85.68636323989152,8.071005032770712,36.102,36.13101130249169,-75.711,-75.72665860304024,High,High,0.403,0.0176,0.0586071428571428,0.06,492.0,0.8258429169654846,92.6017820479747,-0.368528487665037,0.3962167703619776,usa_NC_0044,0.055,0.0476,0.0618,0.0142,480.0,-0.2123126842808125,0.0012192226381439,36.13222426266192,-75.69599975817944,POINT (-75.69599975817944 36.13222426266192)
192,220,0.7787313889674268,0.6160968803849313,116.7220578928268,7.280725832516923,36.88386,36.875407370157184,-75.98381,-75.98112002694323,Medium,High,1.00996914622761,0.02935,0.0732281553398058,0.07,507.0,1.361758589744568,92.8136063379304,-0.5822269439651673,0.6816703127933086,usa_VA_0004,0.06,0.0483,0.0717,0.0234,513.0,2.637942247174234,0.0008272051067056,36.90452618041592,-75.95679764396611,POINT (-75.95679764396611 36.90452618041592)
193,221,0.5534237130444696,0.4271015491992635,140.29691598066051,6.788817663821839,36.88386,36.875407370157184,-75.98381,-75.98112002694323,Medium,High,1.00996914622761,0.02935,0.0732281553398058,0.07,507.0,1.361758589744568,92.8136063379304,-0.5822269439651673,0.6816703127933086,usa_VA_0004,0.055,0.0467,0.0681,0.0214,512.0,2.5758901181151947,0.0011356968422103,36.97075396021382,-75.95666398995525,POINT (-75.95666398995525 36.97075396021382)
194,212,0.5889353040913468,0.4823048197368645,89.85907447045462,7.803683008422461,36.32843,36.48401827132967,-75.81131,-75.85196280568151,High,High,0.23134549,0.0128,0.0400217391304347,0.04,460.0,0.8207416534423828,96.53270127412092,-0.4027935781776626,0.3894905103721534,usa_NC_0049,0.035,0.0314,0.04,0.0086,467.0,-0.4461769870152738,0.0008323935373529,36.4415675133277,-75.82594257966863,POINT (-75.82594257966863 36.4415675133277)
195,222,0.2876172906244948,0.1908621068179582,172.61823894275184,3.2476088953402757,36.88386,36.875407370157184,-75.98381,-75.98112002694323,Medium,High,1.00996914622761,0.02935,0.0732281553398058,0.07,507.0,1.361758589744568,92.8136063379304,-0.5822269439651673,0.6816703127933086,usa_VA_0004,0.055,0.0473,0.0689,0.0216,512.0,2.546645800419424,0.0014944921562157,37.0038702957955,-75.95659407042382,POINT (-75.95659407042382 37.0038702957955)
196,214,0.5279307765393003,0.4298289095217391,96.32491563282288,7.652060974360222,36.32843,36.310666598168304,-75.81131,-75.80319124294134,High,High,0.23134549,0.0144,0.0560199004975124,0.055,470.0,1.408286452293396,85.53382956766252,-0.5463996984481926,0.6581616354809218,usa_NC_0047,0.06,0.0533,0.0695,0.0162,471.0,0.3072431426282244,0.0010364041106738,36.42208596261474,-75.83436700957,POINT (-75.83436700957 36.42208596261474)
197,213,0.8272227276635038,0.6705542235359016,87.37504511446963,7.745887916245858,36.32843,36.310666598168304,-75.81131,-75.80319124294134,High,High,0.23134549,0.0144,0.0560199004975124,0.055,470.0,1.408286452293396,85.53382956766252,-0.5463996984481926,0.6581616354809218,usa_NC_0047,0.06,0.0539,0.0676,0.0137,473.0,0.3195832671480509,0.0012025910703932,36.38853843622974,-75.80094348705776,POINT (-75.80094348705776 36.38853843622974)
198,213,0.8272227276635038,0.6705542235359016,87.37504511446963,7.745887916245858,36.32843,36.310666598168304,-75.81131,-75.80319124294134,High,High,0.23134549,0.0144,0.0560199004975124,0.055,470.0,1.408286452293396,85.53382956766252,-0.5463996984481926,0.6581616354809218,usa_NC_0047,0.055,0.0492,0.0619,0.0127,462.0,0.2742974316738681,0.0010960235808302,36.38897153368963,-75.80109962050697,POINT (-75.80109962050697 36.38897153368963)
199,223,0.4402652102305622,0.3365558472577538,142.6420094309051,6.658452065198017,36.88386,36.875407370157184,-75.98381,-75.98112002694323,Medium,High,1.00996914622761,0.02935,0.0732281553398058,0.07,507.0,1.361758589744568,92.8136063379304,-0.5822269439651673,0.6816703127933086,usa_VA_0004,0.055,0.0476,0.0686,0.021,514.0,2.578329300321023,0.0008970839099054,37.00430899277166,-75.92339016784581,POINT (-75.92339016784581 37.00430899277166)
200,220,0.7787313889674268,0.6160968803849313,116.7220578928268,7.280725832516923,36.88386,36.875407370157184,-75.98381,-75.98112002694323,Medium,High,1.00996914622761,0.02935,0.0732281553398058,0.07,507.0,1.361758589744568,92.8136063379304,-0.5822269439651673,0.6816703127933086,usa_VA_0004,0.055,0.0476,0.0686,0.021,514.0,2.578329300321023,0.0008970839099054,36.90430861277166,-75.95672299284581,POINT (-75.95672299284581 36.90430861277166)
201,220,0.7787313889674268,0.6160968803849313,116.7220578928268,7.280725832516923,36.88386,36.875407370157184,-75.98381,-75.98112002694323,Medium,High,1.00996914622761,0.02935,0.0732281553398058,0.07,507.0,1.361758589744568,92.8136063379304,-0.5822269439651673,0.6816703127933086,usa_VA_0004,0.055,0.0467,0.0681,0.0214,512.0,2.5758901181151947,0.0011356968422103,36.90408831021382,-75.95666398995525,POINT (-75.95666398995525 36.90408831021382)
202,219,0.7791769924316669,0.6185917105190482,103.17003380237502,7.392489539209603,36.88386,36.875407370157184,-75.98381,-75.98112002694323,Medium,High,1.00996914622761,0.02935,0.0732281553398058,0.07,507.0,1.361758589744568,92.8136063379304,-0.5822269439651673,0.6816703127933086,usa_VA_0004,0.055,0.0467,0.0681,0.0214,512.0,2.5758901181151947,0.0011356968422103,36.870753580213815,-75.95666398995525,POINT (-75.95666398995525 36.870753580213815)
203,224,0.461845147428976,0.3704929332780059,133.3011558328055,7.0409505711100415,36.88386,36.875407370157184,-75.98381,-75.98112002694323,Medium,Medium,1.00996914622761,0.02935,0.0732281553398058,0.07,507.0,1.361758589744568,92.8136063379304,-0.5822269439651673,0.6816703127933086,usa_VA_0004,0.06,0.0508,0.0777,0.0269,513.0,2.6203011140814465,0.001326238345551,37.038297471484384,-75.89026059920076,POINT (-75.89026059920076 37.038297471484384)
204,225,0.3612395109502903,0.2824306133216258,133.85672925374325,6.6735136645120265,36.88386,36.875407370157184,-75.98381,-75.98112002694323,Medium,High,1.00996914622761,0.02935,0.0732281553398058,0.07,507.0,1.361758589744568,92.8136063379304,-0.5822269439651673,0.6816703127933086,usa_VA_0004,0.055,0.0467,0.0681,0.0214,512.0,2.5758901181151947,0.0011356968422103,37.070754340213824,-75.88999452495523,POINT (-75.88999452495523 37.070754340213824)
205,225,0.3612395109502903,0.2824306133216258,133.85672925374325,6.6735136645120265,36.88386,36.875407370157184,-75.98381,-75.98112002694323,Medium,Medium,1.00996914622761,0.02935,0.0732281553398058,0.07,507.0,1.361758589744568,92.8136063379304,-0.5822269439651673,0.6816703127933086,usa_VA_0004,0.06,0.0509,0.0784,0.0275,512.0,2.623369127398944,0.0010024987926834,37.07141083773689,-75.89019676797848,POINT (-75.89019676797848 37.07141083773689)
206,225,0.3612395109502903,0.2824306133216258,133.85672925374325,6.6735136645120265,36.88386,36.875407370157184,-75.98381,-75.98112002694323,Medium,High,1.00996914622761,0.02935,0.0732281553398058,0.07,507.0,1.361758589744568,92.8136063379304,-0.5822269439651673,0.6816703127933086,usa_VA_0004,0.055,0.0473,0.0689,0.0216,512.0,2.546645800419424,0.0014944921562157,37.0705359457955,-75.88992460542381,POINT (-75.88992460542381 37.0705359457955)
209,225,0.3612395109502903,0.2824306133216258,133.85672925374325,6.6735136645120265,36.88386,36.875407370157184,-75.98381,-75.98112002694323,Medium,Medium,1.00996914622761,0.02935,0.0732281553398058,0.07,507.0,1.361758589744568,92.8136063379304,-0.5822269439651673,0.6816703127933086,usa_VA_0004,0.06,0.0508,0.0777,0.0269,513.0,2.6203011140814465,0.001326238345551,37.07163029648439,-75.89026059920076,POINT (-75.89026059920076 37.07163029648439)
211,225,0.3612395109502903,0.2824306133216258,133.85672925374325,6.6735136645120265,36.88386,36.875407370157184,-75.98381,-75.98112002694323,Medium,High,1.00996914622761,0.02935,0.0732281553398058,0.07,507.0,1.361758589744568,92.8136063379304,-0.5822269439651673,0.6816703127933086,usa_VA_0004,0.055,0.0476,0.0686,0.021,514.0,2.578329300321023,0.0008970839099054,37.07097464277166,-75.89005352784582,POINT (-75.89005352784582 37.07097464277166)
212,225,0.3612395109502903,0.2824306133216258,133.85672925374325,6.6735136645120265,36.88386,36.875407370157184,-75.98381,-75.98112002694323,Medium,High,1.00996914622761,0.02935,0.0732281553398058,0.07,507.0,1.361758589744568,92.8136063379304,-0.5822269439651673,0.6816703127933086,usa_VA_0004,0.06,0.0483,0.0717,0.0234,513.0,2.637942247174234,0.0008272051067056,37.07119221041592,-75.89012817896611,POINT (-75.89012817896611 37.07119221041592)
216,245,0.935735996002974,0.7534224709002975,120.92963533203796,7.605045519158759,37.949323,37.96234217853523,-75.283756,-75.29166378020899,Medium,Medium,0.12,0.0278,0.074,0.075,418.0,1.4797189235687256,97.88391859806964,-0.6851610306785377,0.7632458359477057,usa_VA_0020,0.07,0.0599,0.086,0.0261,428.0,1.6640791485503623,0.0014019631394021,38.24713614886205,-75.14560212077988,POINT (-75.14560212077988 38.24713614886205)
217,239,0.953775889441722,0.7749956343020817,124.29478245203651,7.806971636642544,37.949323,37.96234217853523,-75.283756,-75.29166378020899,Medium,Medium,0.12,0.0278,0.074,0.075,418.0,1.4797189235687256,97.88391859806964,-0.6851610306785377,0.7632458359477057,usa_VA_0020,0.07,0.0594,0.0862,0.0268,424.0,1.7523408947538088,0.0011738666453547,38.04732700744343,-75.21211533952103,POINT (-75.21211533952103 38.04732700744343)
218,238,0.7581262385553038,0.613447548342586,129.71151312608555,8.007914660463532,37.949323,37.96234217853523,-75.283756,-75.29166378020899,Medium,Medium,0.12,0.0278,0.074,0.075,418.0,1.4797189235687256,97.88391859806964,-0.6851610306785377,0.7632458359477057,usa_VA_0020,0.07,0.0563,0.0938,0.0375,421.0,2.0439512475029065,0.0012857106268167,38.01437532821578,-75.24513935973737,POINT (-75.24513935973737 38.01437532821578)
219,244,0.973558741894066,0.7867942492557711,121.1600967857938,7.670129554962754,37.949323,37.96234217853523,-75.283756,-75.29166378020899,Medium,Medium,0.12,0.0278,0.074,0.075,418.0,1.4797189235687256,97.88391859806964,-0.6851610306785377,0.7632458359477057,usa_VA_0020,0.07,0.0599,0.086,0.0261,428.0,1.6640791485503623,0.0014019631394021,38.21380332386205,-75.14560212077988,POINT (-75.14560212077988 38.21380332386205)
220,236,0.9185804883824028,0.7470600064594786,131.06207511199773,7.758894347695806,37.949323,37.96234217853523,-75.283756,-75.29166378020899,Medium,Medium,0.12,0.0278,0.074,0.075,418.0,1.4797189235687256,97.88391859806964,-0.6851610306785377,0.7632458359477057,usa_VA_0020,0.07,0.0599,0.086,0.0261,428.0,1.6640791485503623,0.0014019631394021,37.94713500386206,-75.27893723577989,POINT (-75.27893723577989 37.94713500386206)
221,241,0.9763576107913892,0.7922707911699475,125.6077746139442,7.77203460665274,37.949323,37.96234217853523,-75.283756,-75.29166378020899,Medium,Medium,0.12,0.0278,0.074,0.075,418.0,1.4797189235687256,97.88391859806964,-0.6851610306785377,0.7632458359477057,usa_VA_0020,0.07,0.0594,0.0862,0.0268,424.0,1.7523408947538088,0.0011738666453547,38.11399456244343,-75.17878251452103,POINT (-75.17878251452103 38.11399456244343)
222,237,0.561874335595383,0.4571616062638436,134.15997542430677,7.902900652347259,37.949323,37.96234217853523,-75.283756,-75.29166378020899,Medium,Medium,0.12,0.0278,0.074,0.075,418.0,1.4797189235687256,97.88391859806964,-0.6851610306785377,0.7632458359477057,usa_VA_0020,0.07,0.0599,0.086,0.0261,428.0,1.6640791485503623,0.0014019631394021,37.98046782886206,-75.27893723577989,POINT (-75.27893723577989 37.98046782886206)
223,240,0.7617994739661521,0.6121665186453761,125.9335392544243,7.892468083914034,37.949323,37.96234217853523,-75.283756,-75.29166378020899,Medium,Medium,0.12,0.0278,0.074,0.075,418.0,1.4797189235687256,97.88391859806964,-0.6851610306785377,0.7632458359477057,usa_VA_0020,0.065,0.0554,0.0825,0.0271,422.0,1.8616620367189287,0.0011295159809818,38.08085086058685,-75.2119604115739,POINT (-75.2119604115739 38.08085086058685)
224,249,0.6765771923605722,0.5319042504823679,130.8890762128013,7.502858927156635,37.949323,37.96234217853523,-75.283756,-75.29166378020899,Medium,Medium,0.12,0.0278,0.074,0.075,418.0,1.4797189235687256,97.88391859806964,-0.6851610306785377,0.7632458359477057,usa_VA_0020,0.065,0.0554,0.0825,0.0271,422.0,1.8616620367189287,0.0011295159809818,38.38085391058685,-75.1786275865739,POINT (-75.1786275865739 38.38085391058685)
225,241,0.9763576107913892,0.7922707911699475,125.6077746139442,7.77203460665274,37.949323,37.96234217853523,-75.283756,-75.29166378020899,Medium,Medium,0.12,0.0278,0.074,0.075,418.0,1.4797189235687256,97.88391859806964,-0.6851610306785377,0.7632458359477057,usa_VA_0020,0.065,0.0554,0.0825,0.0271,422.0,1.8616620367189287,0.0011295159809818,38.11418559058686,-75.1786275865739,POINT (-75.1786275865739 38.11418559058686)
226,241,0.9763576107913892,0.7922707911699475,125.6077746139442,7.77203460665274,37.949323,37.96234217853523,-75.283756,-75.29166378020899,Medium,Medium,0.12,0.0278,0.074,0.075,418.0,1.4797189235687256,97.88391859806964,-0.6851610306785377,0.7632458359477057,usa_VA_0020,0.07,0.0563,0.0938,0.0375,421.0,2.0439512475029065,0.0012857106268167,38.11437570821578,-75.17847370973737,POINT (-75.17847370973737 38.11437570821578)
227,240,0.7617994739661521,0.6121665186453761,125.9335392544243,7.892468083914034,37.949323,37.96234217853523,-75.283756,-75.29166378020899,Medium,Medium,0.12,0.0278,0.074,0.075,418.0,1.4797189235687256,97.88391859806964,-0.6851610306785377,0.7632458359477057,usa_VA_0020,0.07,0.0599,0.086,0.0261,428.0,1.6640791485503623,0.0014019631394021,38.08046821386206,-75.21227158577989,POINT (-75.21227158577989 38.08046821386206)
