,hs_max,hs_mean,dir,tp,beach_slope,lower_conf_bound,upper_conf_bound,width_ci,distance,quality_flag,sl_points,trend,points,latitude_right,longitude_right
0,0.5862837014217532,0.48349321372935844,95.51347134013028,5.683103628109475,0.13,0.1046,0.1776,0.073,0.019512883179218593,Low,494.0,0.7234404744829976,"[(-80.15334486630101, 25.67055378954654), (-80.15141628407216, 25.67015303929883)]",25.66656113,-80.13323975
1,0.5155406670764764,0.42436032268743806,93.52148094965868,5.777091633571591,0.085,0.0716,0.1016,0.03,0.011777147469171124,Medium,482.0,-0.4397097367470653,"[(-80.14614861916593, 25.740839791960497), (-80.1408414155324, 25.737194906862214)]",25.73322678,-80.13323975
2,0.43609945863886135,0.3626989273570316,83.69691489332388,6.142300943229996,0.125,0.0992,0.1655,0.0663,0.008921638425212732,Low,420.0,-0.37912517215343355,"[(-80.12594171761367, 25.79760375927548), (-80.1234166999327, 25.797159857005603)]",25.79989433,-80.13323975
3,0.40466194078657414,0.3337394803281405,84.70841024224472,5.996292719901714,0.105,0.086,0.1392,0.0532,0.0152110045060138,Low,422.0,-0.9179481569914796,"[(-80.11946429595963, 25.8680999322618), (-80.11676688681617, 25.868270066681962)]",25.86656189,-80.13323975
5,0.8717541330152951,0.720257415774253,73.71198139341736,6.658795205991078,0.11,0.0844,0.1653,0.0809,0.04822988112943007,Low,383.0,-0.11838403086495447,"[(-80.11605912896889, 26.00315510032326), (-80.11333865496601, 26.002999322126758)]",25.9998951,-80.0665741
6,0.8502010373764339,0.7024638522451494,75.47178010016144,6.655644251449794,0.125,0.1009,0.1719,0.071,0.04279955574894272,Low,395.0,-0.1458603040086051,"[(-80.11045770545378, 26.07304618594375), (-80.10734913281311, 26.072733080075793)]",26.06656265,-80.0665741
7,0.8390192151928905,0.6938655546227165,77.56454811968561,6.651345453916159,0.18,0.131,0.2,0.069,0.03531786085525209,Low,398.0,0.2526322608414835,"[(-80.102835510306, 26.13736453711328), (-80.10048652801908, 26.137160471920883)]",26.13323021,-80.0665741
8,0.8361122710033989,0.6948416940822829,74.17154162678091,6.858538180833452,0.125,0.099,0.1672,0.0682,0.025595320787691337,Low,402.0,0.2707414419507157,"[(-80.09274529361643, 26.20457349914175), (-80.09078102976588, 26.204302628894936)]",26.19989586,-80.0665741
9,0.8169551042938676,0.6800988337830336,71.26726427798752,7.0919312120651465,0.115,0.0904,0.1497,0.0593,0.01222349378177046,Low,456.0,0.007248756007924237,"[(-80.07985490441853, 26.26757587368848), (-80.07766433597139, 26.267476476956695)]",26.26656342,-80.0665741
10,0.724963398375301,0.5944918549713921,81.01065921065289,6.844035967258744,0.105,0.0841,0.1426,0.0585,0.004855134609588588,Low,385.0,-0.07657395574100563,"[(-80.07073205496893, 26.336700838844628), (-80.06934102612297, 26.336568108586842)]",26.33323097,-80.0665741
11,0.9930310411069253,0.8315069703170939,66.09605197019204,7.237247179344003,0.11,0.0944,0.1266,0.0322,0.06360446983298339,Medium,376.0,0.017054112660996917,"[(-80.06439494050765, 26.406424412593605), (-80.06198021449329, 26.40622264437368)]",26.39989853,-79.99990845
12,1.0012824836082708,0.8398578700059481,66.1788651519088,7.309106356889817,0.08,0.0656,0.0972,0.0316,0.05494330817842247,Medium,379.0,0.33443761564704194,"[(-80.0554558638845, 26.47464050480169), (-80.05309467088001, 26.474364414185022)]",26.46656418,-79.99990845
13,1.0051008614336496,0.8449705460794505,66.43271438219855,7.356746820338904,0.125,0.0947,0.1776,0.0829,0.04318158339255052,Low,398.0,0.3609973235453826,"[(-80.04226316502908, 26.545923087562848), (-80.04021135864123, 26.54556665516909)]",26.53323174,-79.99990845
14,1.004451940049993,0.8460101333744513,67.13921842239485,7.381619050040928,0.1,0.0821,0.1253,0.0432,0.03583163543139699,Medium,407.0,0.041510789902698866,"[(-80.03687087330584, 26.59990869014408), (-80.03460929368602, 26.59991344420196)]",26.59989929,-79.99990845
15,0.9983221644951139,0.8425809509238068,68.6559924479493,7.379679295654722,0.1,0.0875,0.1168,0.0293,0.03509290493655948,Medium,442.0,0.21368182202798888,"[(-80.03612991131644, 26.66812345262086), (-80.03380620001647, 26.668063241014043)]",26.66656494,-79.99990845
16,0.9946531993937119,0.8404930213847897,70.38163475460331,7.378286800628523,0.105,0.0928,0.1274,0.0346,0.03396621911945937,Medium,463.0,0.03235745529617123,"[(-80.03499377224082, 26.73321050873514), (-80.03275555271902, 26.733296966702465)]",26.7332325,-79.99990845
17,1.0006992626877214,0.8474980075990654,70.705740359853,7.39976746787438,0.18,0.1179,0.2,0.0821,0.030624903404645295,Low,351.0,-0.9767653246107275,"[(-80.03163012712396, 26.796435656113257), (-80.02907597843978, 26.79672791768733)]",26.79990005,-79.99990845
18,1.0182675515534627,0.8639401446882877,70.221284673623,7.463964732881321,0.08,0.0672,0.0967,0.0295,0.045042715748603544,Medium,371.0,-0.5359814970965238,"[(-80.04597127506332, 26.857631470929643), (-80.04228084889496, 26.85833612612671)]",26.8665657,-79.99990845
19,1.048334047353491,0.8910086978532785,69.04470787859582,7.591386221397252,0.085,0.0667,0.1126,0.0459,0.0641678425818923,Medium,376.0,-0.3470192634057777,"[(-80.0631535188064, 26.913113705235872), (-80.05886375728954, 26.914146741657184)]",26.93323326,-79.99990845
20,0.7609711349589293,0.650308588093471,70.04467282508001,8.004959507706415,0.12,0.0829,0.2,0.1171,0.020149912884966686,Low,450.0,3.059261829486024,"[(-80.08745505898953, 26.993317328202522), (-80.08403471294314, 26.9940746454515)]",26.99990082,-80.0665741
21,0.9127835770198274,0.7798538619120521,70.74511132778672,7.8694597041535195,0.1,0.0807,0.1326,0.0519,0.041912913666188496,Low,433.0,0.6463245697704416,"[(-80.10707861904342, 27.050141908128413), (-80.103685585484, 27.05133215401336)]",27.06656837,-80.0665741
22,0.6618742248024357,0.5665555924489449,73.85677224873956,8.170327182788698,0.14,0.1108,0.1993,0.0885,0.008460729619873987,Low,424.0,1.2376321310046248,"[(-80.1450532665062, 27.130083005704286), (-80.13756547526884, 27.13129969677203)]",27.13323402,-80.13323975
23,0.7223644836972101,0.6204012681383656,75.0685407072079,8.036664212342586,0.14,0.1166,0.1801,0.0635,0.027359601588076637,Low,478.0,0.18968320239549502,"[(-80.16063958210147, 27.19003251655428), (-80.15722666276972, 27.190966557512716)]",27.19990158,-80.13323975
24,0.5501444327334655,0.4692840592777227,79.67774352801902,8.101661241960947,0.085,0.0726,0.0985,0.0259,0.000701690562936532,Medium,482.0,0.455918514643571,"[(-80.20136107178547, 27.266297835531894), (-80.19740298522025, 27.267775221280182)]",27.26656914,-80.1999054
25,0.6662104106854553,0.5696098528949157,76.62325935145181,8.023123480519143,0.12,0.1002,0.15,0.0498,0.026703787779840095,Medium,459.0,-0.8746708802015793,"[(-80.22674617579078, 27.322033808332364), (-80.2222216340985, 27.323556176223505)]",27.33323479,-80.1999054
26,0.7412527652605863,0.638685497390313,77.39470214607806,8.136738738384048,0.12,0.1004,0.1474,0.047,0.054783490342501816,Medium,467.0,-0.7038305315589797,"[(-80.25121116267776, 27.374214153641333), (-80.24637658041979, 27.376147704281742)]",27.39990234,-80.1999054
27,0.6185967365072935,0.5332213720883727,81.61306003890459,7.784448472300486,0.13,0.0902,0.2,0.1098,0.019306263302091696,Low,460.0,0.8369498970117653,"[(-80.2872820420697, 27.45905818308777), (-80.2820133427124, 27.46052190584997)]",27.4665699,-80.26657104
28,0.707502433572865,0.60849789932984,79.00368608240791,8.046924623584301,0.115,0.0965,0.1389,0.0424,0.042245447485215776,Medium,478.0,0.046841287911892876,"[(-80.30740050980981, 27.515631148580535), (-80.30316777586373, 27.517022269266185)]",27.53323746,-80.26657104
29,0.497322505803144,0.4310674577879904,83.57146134466214,7.809133800526067,0.085,0.07,0.1003,0.0303,0.0030978571401509315,Medium,450.0,-0.7957526295203751,"[(-80.33273007112248, 27.600137262337306), (-80.32790887848164, 27.601710525127952)]",27.59990311,-80.33324432
30,0.6697946680317235,0.5805970176697353,79.63237983980144,8.087227052077719,0.095,0.0837,0.1093,0.0256,0.022839593011825175,Medium,459.0,0.1538606002968935,"[(-80.35698425368597, 27.658203621424818), (-80.35241355911927, 27.659272740070463)]",27.66657066,-80.33324432
31,0.7577145140287495,0.6576378577251097,75.43604240164012,8.299625003675542,0.085,0.0745,0.0976,0.0231,0.04368589612771459,High,446.0,-0.3522415056157477,"[(-80.37670281727273, 27.718768357402592), (-80.37259354053477, 27.719838530153215)]",27.73323822,-80.33324432
32,0.6902174349075203,0.6009565684992211,75.0840594117278,8.466280994110042,0.1,0.084,0.1181,0.0341,0.011824809758798184,Medium,448.0,0.06943697839515721,"[(-80.41218414378791, 27.792761892734294), (-80.40773215435766, 27.794578253568005)]",27.79990387,-80.39990997
33,0.7349665188107917,0.6389616039705425,78.06478746736119,8.258643203232012,0.145,0.1155,0.1975,0.082,0.0425310032399815,Low,465.0,1.1017649326761132,"[(-80.4399923138468, 27.845972322272477), (-80.43528119996532, 27.847898370160976)]",27.86657143,-80.39990997
34,0.648603618817448,0.5617331108328848,80.05415218183045,8.00165915514797,0.085,0.077,0.1007,0.0237,0.016269213484760472,High,551.0,-0.624072575731946,"[(-80.4831905806294, 27.923924262671267), (-80.47810667726971, 27.926227310524716)]",27.93323898,-80.46657562
35,0.7465176890548081,0.6467845515674834,81.12939452421672,8.240016766232861,0.09,0.0775,0.1046,0.0271,0.04903788601224019,Medium,678.0,0.31701849096903617,"[(-80.51193842974705, 27.975814541409438), (-80.50766958127173, 27.97769046605143)]",27.99990463,-80.46657562
36,0.6495381091771704,0.5618537251260445,86.18452297098833,7.704213030948553,0.07,0.0637,0.0836,0.0199,0.01861737736340832,High,805.0,1.1870534469457106,"[(-80.55207800904286, 28.058461556477187), (-80.54854941387201, 28.059831765301364)]",28.06657219,-80.53324127
37,0.7070549709039797,0.6078152818925082,87.64787125636957,7.904643339887156,0.09,0.0788,0.111,0.0322,0.04149890215217418,Medium,840.0,-0.3601003803513095,"[(-80.57542235355832, 28.12218851739789), (-80.57127508192146, 28.122978871901566)]",28.13323975,-80.53324127
38,0.7315154981635745,0.6340878586850304,90.26576211977937,8.168198982439456,0.06,0.0547,0.0663,0.0116,0.05843766113870808,High,874.0,-0.4380322935573219,"[(-80.59241277418141, 28.187401643921092), (-80.58837087020197, 28.18801831539307)]",28.1999073,-80.53324127
39,0.733989143066846,0.636615768402351,94.09071854033664,8.248668353623,0.065,0.0569,0.0727,0.0158,0.06908232967206533,High,871.0,0.42894907779315644,"[(-80.60377562746797, 28.257210798907494), (-80.59966375474045, 28.25770610046215)]",28.26657295,-80.53324127
40,0.7077579742128594,0.6115403539849881,93.86267862932162,8.188917632072936,0.065,0.0602,0.076,0.0158,0.07114090958372309,High,777.0,1.8141225226382551,"[(-80.60581440777818, 28.34181953194915), (-80.60195471191322, 28.341460847107093)]",28.33324051,-80.53324127
41,0.7112037722937261,0.620837638132984,93.71946754384535,8.463050344325309,0.105,0.0799,0.1447,0.0648,0.043684742753351095,Low,785.0,2.4540813656854428,"[(-80.5509885294056, 28.441899326220263), (-80.54920477990437, 28.438520852327663)]",28.39990807,-80.53324127
42,0.6008872669450502,0.5236005923530661,87.42540373035646,8.484644501226455,0.085,0.0738,0.1051,0.0313,0.0056444286684425,Medium,691.0,0.6509647688918405,"[(-80.53058653929936, 28.468355987213954), (-80.52601636154226, 28.4702532318069)]",28.46657372,-80.53324127
43,0.7658193100033989,0.6696588701189633,82.29978227540377,8.571184890126329,0.065,0.06,0.072,0.012,0.02498318334979932,High,683.0,-0.8603833813380853,"[(-80.55912635173844, 28.524134644706432), (-80.55445808492054, 28.525673089978778)]",28.53324127,-80.53324127
44,0.7892838512287211,0.689179061449653,82.28026782577199,8.460179376656988,0.085,0.075,0.1023,0.0273,0.04219727676783519,Medium,681.0,1.4937365845417598,"[(-80.57435148709021, 28.58351430663098), (-80.57043330943866, 28.584820067502196)]",28.59990883,-80.53324127
45,0.7356019635029033,0.6390274835317944,60.27342813436609,8.540567375282537,0.085,0.0746,0.0958,0.0212,0.030814620375311557,High,652.0,-0.40343977501473627,"[(-80.62711880765713, 28.64840605727926), (-80.62376558628459, 28.650250899269416)]",28.66657639,-80.59990692
46,0.8120940063301232,0.7024809796568475,63.338740229047026,8.423077710653875,0.075,0.0672,0.0842,0.017,0.017674895814179754,High,672.0,-0.6993995133379625,"[(-80.68212572557613, 28.720435892382977), (-80.67789744311091, 28.723087781251216)]",28.73324203,-80.66657257
47,0.8104875802662512,0.703102726733324,68.80369078625775,8.3949121137295,0.09,0.0793,0.1044,0.0251,0.002294478906805551,Medium,465.0,-0.1425763785870401,"[(-80.73739717376911, 28.797396492419384), (-80.73280101804411, 28.799717054151312)]",28.79990959,-80.73324585
48,0.9191498183750176,0.8003129997231271,74.5980602625529,8.330412869982014,0.095,0.0794,0.111,0.0316,0.038591815054887235,Medium,473.0,0.09597672367101981,"[(-80.76730970205409, 28.844182053501093), (-80.76340911236527, 28.846168151714792)]",28.86657715,-80.73324585
49,0.8673829167850163,0.7559868789692679,74.08138436550546,8.373579310218382,0.06,0.056,0.0668,0.0108,0.019749461949420316,High,423.0,0.05189056213493438,"[(-80.81847095134059, 28.921337945268593), (-80.81436253680852, 28.92345727296154)]",28.9332428,-80.7999115
50,0.7981693003330973,0.696518294382807,76.3168667674311,8.372687121518624,0.055,0.0472,0.063,0.0158,0.002398317504644653,High,429.0,-0.19570646605495237,"[(-80.87052933095383, 28.99758214894833), (-80.86660866621943, 28.99956687288166)]",28.99991035,-80.86657715
51,0.8668794031596091,0.7578580783598641,82.37769752406768,8.281070118671293,0.045,0.0392,0.0562,0.017,0.03594848823981489,High,411.0,1.1264154439549847,"[(-80.90066805264834, 29.048803321345293), (-80.8960233548226, 29.05070415246745)]",29.06657791,-80.86657715
52,0.686475998885427,0.5959490892566208,83.78725143648039,8.289445797596091,0.05,0.0448,0.0608,0.016,0.01951584800613449,High,456.0,0.1684358659624882,"[(-80.95158678768811, 29.122073308395105), (-80.94802062740985, 29.12376772462663)]",29.13324547,-80.9332428
53,0.7617589345206062,0.6615152130106217,90.24949890563335,8.169431057131568,0.045,0.0387,0.0481,0.0094,0.051980432670426936,High,427.0,-0.11789668583122506,"[(-80.97975695260158, 29.17288661754236), (-80.97641157788763, 29.174353938371944)]",29.19991112,-80.9332428
54,0.6739062274788273,0.5738834126483501,91.5109855581262,7.604686119354624,0.04,0.0389,0.046,0.0071,0.021888860310450706,High,468.0,-0.06273670387706437,"[(-81.0215460438996, 29.256554899492702), (-81.01786775363279, 29.25793228976953)]",29.26657867,-80.99990845
55,0.7219658150557995,0.6132855781678233,97.88936686173331,7.372420663244346,0.065,0.0566,0.0707,0.0141,0.05111500517288798,High,490.0,0.22514711780276767,"[(-81.04795913531669, 29.310513050157045), (-81.04409815556252, 29.31190350592993)]",29.33324623,-80.99990845
56,0.6613983276258321,0.5563005826251239,87.67312733338112,7.239679460567085,0.08,0.0746,0.0894,0.0148,0.018754347842727514,High,461.0,-0.21969386944082153,"[(-81.08604849671322, 29.391492591264264), (-81.08138849798446, 29.393126537526665)]",29.39991188,-81.0665741
57,0.7108419695316527,0.6085382754175046,84.37925024905243,7.639996679264172,0.065,0.0605,0.0727,0.0122,0.046544373104597796,High,461.0,-0.49220428923545323,"[(-81.11124042379872, 29.446794906788355), (-81.10688281933065, 29.448354017726757)]",29.46657944,-81.0665741
58,0.6497780494247274,0.5548905345749893,79.0045951356975,7.832670544681065,0.08,0.0729,0.09,0.0171,0.01539536341931367,High,441.0,-0.4337822321139248,"[(-81.1492689062987, 29.525761401994597), (-81.14495814459929, 29.527353904648105)]",29.53324699,-81.13324738
59,0.7414926834235944,0.6384861268041353,79.80630223589236,7.98359860273998,0.055,0.0536,0.0614,0.0078,0.04348408380452944,High,488.0,-0.323475108403003,"[(-81.17559057106784, 29.581893225744153), (-81.17074235271171, 29.583445393333307)]",29.59991264,-81.13324738
60,0.5901301372763065,0.5086942905900015,80.82377991567343,8.123483298443421,0.075,0.0692,0.0819,0.0127,0.008093250929375835,High,484.0,0.0826979572385297,"[(-81.20995539650502, 29.662675249248988), (-81.20483830476495, 29.664323011631275)]",29.6665802,-81.19991302
61,0.7251872731794364,0.6246768912265968,83.87817206947658,8.031119308909645,0.055,0.0483,0.0613,0.013,0.032498568828438795,High,458.0,-0.9727443906142351,"[(-81.23145749664194, 29.71839656293707), (-81.22702197304146, 29.720091759952886)]",29.73324776,-81.19991302
62,0.5402758734266385,0.4616117548683886,94.86750843012123,8.183519536819189,0.04,0.0346,0.0434,0.0088,0.009165773023384864,High,441.0,1.234861767887625,"[(-81.26025318708463, 29.80170043778142), (-81.25508295125144, 29.802425569479137)]",29.79991531,-81.26657867
63,0.5318519634023509,0.4582191094010763,93.835715694395,7.908855821298102,0.05,0.0389,0.071,0.0321,0.0033308776255504733,Medium,448.0,3.403888419862607,"[(-81.26867632700143, 29.866717476231198), (-81.25790342921876, 29.86750008321732)]",29.86658096,-81.26657867
64,0.6423084762352359,0.5493627456156351,81.87528021503327,7.946237935711938,0.09,0.0834,0.1042,0.0208,0.025581379788630582,High,484.0,-0.49522363514029305,"[(-81.2906481992993, 29.91858500811066), (-81.28616780208066, 29.921237151307174)]",29.93324852,-81.26657867
65,0.7645868361892082,0.6549201924560262,82.85339038307322,7.908433412115281,0.085,0.0764,0.0922,0.0158,0.04682950953008506,High,485.0,-0.16256557049088527,"[(-81.31439020897152, 29.988742370200153), (-81.30992538737841, 29.989591321236848)]",29.99991608,-81.26657867
66,0.8081957219807392,0.6942821752536468,87.13115602874196,7.882044391517773,0.095,0.0864,0.1112,0.0248,0.06277664739299338,High,467.0,0.6256586444192123,"[(-81.33015530349908, 30.053765268993054), (-81.32604408270348, 30.05441250114445)]",30.06658173,-81.26657867
67,0.6906576830084974,0.5903670628954822,89.68577404253645,7.946585579645518,0.075,0.0712,0.0839,0.0127,0.012499889514315958,High,469.0,0.08983359044917134,"[(-81.34790691081115, 30.130177979591423), (-81.34302139832889, 30.13105830677379)]",30.13324928,-81.33324432
68,0.7064472976302224,0.606250557944767,93.03562650209035,7.841520746107492,0.075,0.0698,0.0818,0.012,0.028928411290207703,High,457.0,0.415549616530889,"[(-81.36356077405568, 30.191243065284763), (-81.3584509627399, 30.192324157162037)]",30.19991684,-81.33324432
69,0.7263213855425577,0.6235189848926497,92.73776458866874,7.790013168104234,0.055,0.0495,0.0604,0.0109,0.046505108254600226,High,490.0,0.9292047324620355,"[(-81.38082584062549, 30.254050609845468), (-81.37552361480682, 30.255119560507612)]",30.2665844,-81.33324432
70,0.7275866765486475,0.6246205102542133,93.6602453700255,7.800481776370628,0.06,0.053,0.0653,0.0123,0.05958912498205219,High,583.0,0.17780379242600258,"[(-81.39490776330233, 30.328047682357138), (-81.39033262284397, 30.32837878613725)]",30.33325005,-81.33324432
71,0.4729160391031015,0.40474685950148703,91.13334352360147,7.951358770410706,0.035,0.0266,0.0471,0.0205,0.0060806694551847635,High,339.0,-2.060819469988231,"[(-81.40360756212215, 30.40521148459342), (-81.39680047359568, 30.406770826483687)]",30.3999176,-81.39990997
72,0.570780142654015,0.488442049625832,92.2970438017717,7.9217245611869425,0.045,0.0391,0.0512,0.0121,0.009490099810086083,High,636.0,-1.5692535149295483,"[(-81.41218571487143, 30.466183115409294), (-81.40658517632738, 30.465933911525568)]",30.46658516,-81.39990997
73,0.6131647640803002,0.5244721299141765,95.9211683684379,7.807738731394278,0.09,0.0735,0.1213,0.0478,0.03422316653736373,Medium,663.0,0.690196589105827,"[(-81.43610429300296, 30.525628360525204), (-81.43080921553495, 30.527332448117026)]",30.53325081,-81.39990997
74,0.6193804647184534,0.5292038400471605,96.84043042622575,7.727019857289903,0.08,0.073,0.0883,0.0153,0.040192514733052,High,819.0,1.3429822384429828,"[(-81.44183059135742, 30.604332120173158), (-81.43791884547652, 30.604050291136762)]",30.59991837,-81.39990997
75,0.6624069705592692,0.5646474381574847,100.38679808609261,7.645422234631497,0.09,0.0792,0.1006,0.0214,0.028159280013681266,High,832.0,1.3102439220619364,"[(-81.42997046934764, 30.67123617996497), (-81.42546907814577, 30.67078096759522)]",30.66658592,-81.39990997
76,0.31041623849539723,0.26278388213425863,104.494908382409,7.714877469215976,0.025,0.0243,0.0255,0.0012,0.012365646869336592,High,605.0,2.617576407331366,"[(-81.45638306543545, 30.736765861351454), (-81.45321620121894, 30.737235438584232)]",30.73325157,-81.46658325
77,0.6873779817561251,0.5857566312312703,103.69338398416797,7.6962031430855395,0.04,0.0384,0.047,0.0086,0.04079487523859403,High,693.0,0.6262049574085845,"[(-81.42667674254672, 30.700716908412012), (-81.42121753970225, 30.699863966758436)]",30.73325157,-81.39990997
78,0.603202360672426,0.5122321326640702,107.35308051159184,7.630788646501488,0.03,0.025,0.0307,0.0057,0.04330131984105724,High,641.0,0.25039310598275316,"[(-81.4352027218054, 30.827842012318378), (-81.43222581791291, 30.826117356724573)]",30.79991913,-81.39990997
79,0.5255790604247274,0.44359517964282674,110.95036240228579,7.5996788530661386,0.035,0.0334,0.0359,0.0025,0.017328189109897564,High,670.0,-0.22610351039981033,"[(-81.4186010089293, 30.871696624950626), (-81.4146011587461, 30.870787578146277)]",30.86658669,-81.39990997
80,0.42481628786078457,0.3539550184536185,115.65550623595668,7.283453469695511,0.045,0.04,0.0486,0.0086,0.0025560686693008637,High,708.0,-1.0272960509333091,"[(-81.40429360035797, 30.932984653084333), (-81.4006141027205, 30.93302521381315)]",30.93325424,-81.39990997
81,0.3501441455174904,0.28374370167072654,125.87809319328845,6.969213190209072,0.04,0.0242,0.0884,0.0642,0.02416917742357119,Low,453.0,2.669960986742428,"[(-81.40802643569478, 30.976008660379996), (-81.40448396650696, 30.977188341846432)]",30.99991989,-81.39990997
82,0.2492911988259453,0.2011831327877071,134.40723417723947,5.906535278232668,0.04,0.0388,0.0422,0.0034,0.0022592882020834072,High,761.0,0.07738010924594149,"[(-81.40353997670607, 31.067575260488294), (-81.40057631686784, 31.066999238985897)]",31.06658745,-81.39990997
83,0.22592886997153377,0.17742135229457584,137.96500239405918,4.980350860068815,0.07,0.0649,0.08,0.0151,0.010220705030683942,High,884.0,-1.461233757272542,"[(-81.39006466382439, 31.134018663825973), (-81.38947834255364, 31.12990343969458)]",31.133255,-81.39990997
84,0.40391125074309586,0.3326687884680641,120.56013899812183,7.115335058073514,0.02,0.0163,0.0361,0.0198,0.03393452882099223,High,664.0,1.0371466613117488,"[(-81.3666193887255, 31.147575713596463), (-81.36236031432865, 31.145412126639716)]",31.133255,-81.33324432
85,0.5141410552527971,0.42894909858447816,118.6984240264042,7.234874900844356,0.035,0.0327,0.0394,0.0067,0.028731942757170326,High,695.0,1.3462450740083969,"[(-81.2907398202965, 31.218735773919317), (-81.28749022414819, 31.216750293613188)]",31.19992065,-81.26657867
86,0.31574841100269085,0.26097053516314966,120.05372245826771,7.09124382164915,0.045,0.0386,0.0563,0.0177,0.006260214244091321,High,729.0,4.306140303138575,"[(-81.27524997980055, 31.26736712450629), (-81.27024455512122, 31.267943481753143)]",31.26658821,-81.26657867
87,0.2842626087844498,0.2322326256792239,121.85297720474944,6.772126090446175,0.055,0.0449,0.0772,0.0323,0.015937640180398307,Medium,729.0,-5.377751989981912,"[(-81.28521820002639, 31.330391108539867), (-81.2792189065796, 31.329987756745613)]",31.33325577,-81.26657867
88,0.2640926170182693,0.2109170754170797,130.43604974445876,6.057700258130349,0.03,0.0283,0.0309,0.0026,0.007614450190760116,High,677.0,-0.3680967098501042,"[(-81.2611210482613, 31.397770361805453), (-81.25778889234982, 31.39669752206655)]",31.39992332,-81.26657867
89,0.34602935545673424,0.2803719290808668,125.47161169053392,6.697699292131993,0.035,0.0341,0.0359,0.0018,0.007350731824983978,High,712.0,0.11736500631486496,"[(-81.20733203922869, 31.47132400774364), (-81.2048521596598, 31.469816905466026)]",31.46658897,-81.19991302
90,0.31318222446976346,0.24680440159793232,129.7698148618043,5.973015177588445,0.035,0.0338,0.0423,0.0085,0.004965698882425762,High,716.0,0.5512379020220299,"[(-81.19905929667335, 31.53646307087569), (-81.1985622879276, 31.539733637091746)]",31.53325653,-81.19991302
91,0.5377636167980456,0.4456469095251381,120.80599763306742,7.074915685804844,0.03,0.0294,0.0355,0.0061,0.04261276922925337,High,710.0,-3.4289155347219737,"[(-81.17146895448923, 31.56133048663934), (-81.16347171129398, 31.555962002139026)]",31.53325653,-81.13324738
92,0.3316534926714346,0.27132989523679363,125.64365311917577,6.740568198950857,0.03,0.0295,0.0348,0.0053,0.012170418654653263,High,680.0,-3.6382256026959157,"[(-81.1454624028879, 31.605910957555714), (-81.14275376597308, 31.604921609455527)]",31.59992409,-81.13324738
93,0.2608936634735873,0.20874863111783035,129.3316440833348,6.0652982792846,0.045,0.0384,0.0568,0.0184,0.0017389548896724523,High,728.0,-7.443988114511556,"[(-81.13839421788583, 31.665658762980204), (-81.13151916223015, 31.666881269652233)]",31.66658974,-81.13324738
94,0.24869647124614078,0.1934307762234811,144.60573013098247,4.379129805081832,0.035,0.029,0.047,0.018,0.009975948055364047,High,684.0,0.7742753942152611,"[(-81.12731607740017, 31.72777734848171), (-81.12454280211998, 31.725177395199495)]",31.73325729,-81.13324738
95,0.3899714092903272,0.31686924097139224,130.54304113186288,6.879325101306842,0.035,0.0299,0.039,0.0091,0.029849080533857944,High,622.0,-1.7072439801242638,"[(-81.08932559233882, 31.7552637373345), (-81.08662836460344, 31.752862591096275)]",31.73325729,-81.0665741
96,0.46396843044101393,0.38536728450304486,125.15720669432515,7.199338230063589,0.04,0.034,0.0475,0.0135,0.03789245692009891,High,646.0,-10.55374828698503,"[(-81.03787271399956, 31.812876316649966), (-81.03337578932522, 31.8122889756247)]",31.79992485,-80.99990845
97,0.19110005718779208,0.1355702896792239,161.77805784721147,2.498943077085155,0.025,0.0246,0.0258,0.0012,0.047725411180071356,High,577.0,2.264042462274546,"[(-81.0431586625841, 31.824366853115567), (-81.04036762475495, 31.827279477365078)]",31.86659241,-81.0665741
98,0.29802250020917714,0.23788758802379267,142.1131409630123,5.884165392537743,0.04,0.0355,0.0415,0.006,0.009556963216625733,High,637.0,-0.4725687906993888,"[(-81.00132314122433, 31.85862884850101), (-81.00291539937639, 31.855960507587223)]",31.86659241,-80.99990845
99,0.5304679302362272,0.44432019238918,125.78855357105368,7.319504935790256,0.03,0.0297,0.031,0.0013,0.02984267722630148,High,558.0,3.1556263727476552,"[(-80.9513084831971, 31.893268997108496), (-80.94809327559025, 31.88970405470203)]",31.86659241,-80.9332428
100,0.35736835697280833,0.29160830613071803,132.64679245122363,6.869399501273757,0.04,0.0349,0.0535,0.0186,0.016459805102483238,High,454.0,-8.53174610796331,"[(-80.91978793297757, 31.942939646031167), (-80.91855288779735, 31.94065195751744)]",31.93325806,-80.9332428
101,0.5534454874189209,0.46261363789973087,126.31599749481235,7.420603980528679,0.145,0.0509,0.2,0.1491,0.03037071057646637,Low,381.0,-6.047933563372277,"[(-80.88394893362592, 31.960077150091077), (-80.88207844927814, 31.95751617288698)]",31.93325806,-80.86657715
102,0.5826482603896049,0.486529292507152,123.489852082392,7.337040926484067,0.07,0.0615,0.0795,0.018,0.039448687218044294,High,560.0,2.6809735533190224,"[(-80.84082505575849, 32.00647434220035), (-80.83691699461384, 32.005763050815574)]",31.99992561,-80.7999115
103,0.2746371574979465,0.21837944304716045,137.13584408713143,5.6549658842414665,0.055,0.0434,0.0695,0.0261,0.014909720386072444,Medium,458.0,2.4247050491648365,"[(-80.87279110883382, 32.082252174347275), (-80.86908589668059, 32.07944930998817)]",32.06659317,-80.86657715
104,0.48850116321158477,0.4027118255550206,128.7223633912746,7.046645193854695,0.035,0.0345,0.0406,0.0061,0.04364099517354204,High,454.0,1.4834655206317506,"[(-80.81392320774165, 32.10919687495196), (-80.8133571347623, 32.10684017525361)]",32.06659317,-80.7999115
105,0.3179596551244866,0.25882541426384365,142.0514227275641,6.67009829475131,0.035,0.0339,0.0365,0.0026,0.013191056410578158,High,475.0,1.151081784578083,"[(-80.74058371595252, 32.145870296856586), (-80.7387564979742, 32.14368929546485)]",32.13325882,-80.73324585
106,0.43551869351394995,0.35584155855997734,131.30330786895763,6.849106523266252,0.04,0.034,0.0467,0.0127,0.012879463956494103,High,501.0,1.0548451544731587,"[(-80.67473511445986, 32.21164106773086), (-80.67105166105912, 32.210659008451586)]",32.19992828,-80.66657257
107,0.30319886508752303,0.23400289388032858,146.59939992381533,5.262550519494406,0.04,0.0354,0.0525,0.0171,0.034195941742801814,High,433.0,-4.669889080366952,"[(-80.63418915058182, 32.2576546073589), (-80.63363549387658, 32.255267947587626)]",32.26659393,-80.66657257
108,0.3137181517975751,0.24571406618379898,148.60799929749956,6.3386658376622735,0.04,0.03,0.0525,0.0225,0.007584818502567592,High,451.0,-11.779029282973816,"[(-80.60382880920305, 32.275324737081384), (-80.60079519858006, 32.272249928428025)]",32.26659393,-80.59990692
109,0.47856960654510694,0.3946498725594108,137.2075085053066,7.208890948174196,0.025,0.0196,0.0339,0.0143,0.02172077422071775,High,329.0,-5.378046153545812,"[(-80.54947322992369, 32.2853007460525), (-80.54586951008599, 32.28035643772227)]",32.26659393,-80.53324127
110,0.6715104747854411,0.5615023784400227,133.41807682802295,7.445296870736299,0.03,0.023,0.0476,0.0246,0.04730609725367809,High,330.0,7.284863635251665,"[(-80.47648579627942, 32.31445907537531), (-80.47465628744281, 32.3116147194677)]",32.26659393,-80.46657562
111,0.5268367827494689,0.44028548031029596,132.98418303751592,7.527116716447953,0.04,0.0357,0.0425,0.0068,0.04867175976889942,High,493.0,-2.86954119381914,"[(-80.44520921701577, 32.356516740062574), (-80.44089611827368, 32.355064503286336)]",32.33325958,-80.39990997
112,0.3225340779593542,0.2634454497013171,130.95977073735872,7.155428155875513,0.01,0.01,0.0125,0.0025,0.021100877019216,High,236.0,10.87068573929696,"[(-80.42832683368462, 32.40460680083142), (-80.41274162827949, 32.40417023855036)]",32.39992905,-80.39990997
113,0.23190664414388892,0.1751270568262286,155.8003563892749,3.6892002450781756,0.05,0.045,0.0537,0.0087,0.0047802471722005755,High,533.0,-1.0947416166367814,"[(-80.401411538966, 32.47326253036887), (-80.4002356790128, 32.46931111745914)]",32.4665947,-80.39990997
114,0.36753485251848184,0.29963350066775246,139.9618267065161,6.8910256193554735,0.085,0.0787,0.0953,0.0166,0.010056778598343096,High,555.0,-1.8491466723924372,"[(-80.33439011270036, 32.478005928925924), (-80.33256335160291, 32.47529165650866)]",32.4665947,-80.33324432
115,0.5954546085950998,0.49411474199886707,135.9155702531497,7.211110223551622,0.115,0.1026,0.135,0.0324,0.04504531237640392,Medium,552.0,0.4753184960249339,"[(-80.29326448195322, 32.50558139903574), (-80.29040480244767, 32.502195682814445)]",32.4665947,-80.26657104
116,0.41288346565288203,0.3373976551445971,145.50782712331255,7.06109174495199,0.045,0.04,0.0469,0.0069,0.019002586849170573,High,485.0,0.10083311083013773,"[(-80.20957316161073, 32.554342200535125), (-80.20526057560917, 32.54708844912293)]",32.53326035,-80.1999054
117,0.5871915263864892,0.48544557778742387,140.71832891979182,7.217884769631073,0.03,0.0292,0.037,0.0078,0.03969395862740162,High,384.0,0.6995473783941779,"[(-80.1548144389588, 32.568295897419475), (-80.15322987848545, 32.56586212479898)]",32.53326035,-80.13323975
118,0.4008731936963603,0.32161589346169095,148.36976322814192,6.851339330823255,0.03,0.0292,0.0305,0.0013,0.003346629823502386,High,463.0,1.4376564700690062,"[(-80.0670009765994, 32.604636338893236), (-80.06644344142767, 32.60190998280361)]",32.59992981,-80.0665741
119,0.5312925077807675,0.4349976176449511,145.18893835842374,7.136657783997592,0.04,0.0345,0.0537,0.0192,0.00538280353269483,High,316.0,4.764769767316936,"[(-80.00263908547367, 32.607893039680974), (-79.99968382183943, 32.60243645246882)]",32.59992981,-79.99990845
120,0.7155895050429116,0.5942796801778785,136.7944385591021,7.369948178030591,0.04,0.0384,0.0413,0.0029,0.050284943164350705,High,500.0,0.7826161150595747,"[(-79.95320534921785, 32.648555622436454), (-79.95028739194787, 32.64481145099958)]",32.59992981,-79.93323517
121,0.5867452145507719,0.48861041741792943,135.18744657503044,7.4293728011243445,0.05,0.0442,0.052,0.0078,0.02419314499727315,High,486.0,-2.1143740013504124,"[(-79.88682266877254, 32.6838824205818), (-79.88272731002522, 32.681175042928636)]",32.66659546,-79.86656952
122,0.3460740111617335,0.2810409483595808,138.66148540706982,6.930423704299249,0.025,0.0245,0.0254,0.0009,0.002088637873117023,High,400.0,-0.18593509390896149,"[(-79.86978693542483, 32.73293275921093), (-79.86726192530848, 32.73211876894727)]",32.73326111,-79.86656952
123,0.5868013768340178,0.4871992188602181,138.88623531941084,7.311991825247415,0.03,0.0241,0.0405,0.0164,0.03624153773493567,High,383.0,2.068659879375875,"[(-79.82225065375727, 32.76360585940617), (-79.82071070226061, 32.76115347637192)]",32.73326111,-79.79990387
124,0.44353922422461406,0.36523391556196005,137.8114998929939,7.3335575336718595,0.035,0.0292,0.0373,0.0081,0.0012746650804465313,High,458.0,-0.7698032006736456,"[(-79.73469750224871, 32.80251447261869), (-79.73263795808873, 32.79974691077087)]",32.79993057,-79.73323822
125,0.4503354910475853,0.36673975258929337,138.53419595576548,7.13074468129585,0.04,0.0344,0.0466,0.0122,0.0003502437713933235,High,719.0,-7.325605771791701,"[(-79.66945221934743, 32.869419905222244), (-79.66434801836901, 32.86402058674712)]",32.86659622,-79.66657257
126,0.608859225495114,0.5024028851394987,138.7239226343804,7.341154933879338,0.025,0.025,0.0255,0.0005,0.03054687822507588,High,796.0,-0.0514707806005327,"[(-79.61133272570468, 32.89650059389092), (-79.60985619214578, 32.89392429428383)]",32.86659622,-79.59990692
127,0.5098747955071519,0.4189663231222207,142.49467004104065,7.2632469967913895,0.02,0.0194,0.0229,0.0035,0.03581405568376465,High,632.0,1.1496073789216181,"[(-79.57342811884425, 32.92993224027636), (-79.56381535128908, 32.92557708878661)]",32.93326187,-79.53323364
128,0.3236397998546948,0.2522137640320068,152.305565690626,6.572125177570741,0.06,0.0423,0.1198,0.0775,0.005822316586320971,Low,800.0,-13.630844414339453,"[(-79.47015294487015, 33.01170653687918), (-79.46663897667149, 32.99921198199309)]",32.99993134,-79.46656799
129,0.3747762354619742,0.3008040894438465,152.05749348626685,7.069901497074351,0.085,0.0561,0.164,0.1079,0.007990566744303467,Low,862.0,-7.435921714284738,"[(-79.4004430672674, 33.009161256004376), (-79.40063444185128, 33.00663178913945)]",32.99993134,-79.39990234
130,0.572958149131143,0.4752003210354057,139.25311374021243,7.405004902461408,0.195,0.1647,0.2,0.0353,0.023688288798860303,Medium,853.0,-15.802336993005847,"[(-79.36135692046084, 33.01844202922757), (-79.34533764085914, 33.006456558547065)]",32.99993134,-79.33323669
131,0.3547147401580512,0.283061739849738,136.04013055441013,6.833600057541,0.145,0.1006,0.2,0.0994,0.002912706941725882,Low,804.0,-5.823222244284554,"[(-79.33783658184545, 33.06757116876977), (-79.33434996716657, 33.066760836375956)]",33.06659698,-79.33323669
132,0.6696811037446537,0.5499692956945192,136.72515502839684,7.268552939097011,0.015,0.01,0.0241,0.0141,0.04668378100892065,High,295.0,3.43493726880286,"[(-79.29499343945608, 33.1059024318972), (-79.29313035343644, 33.10275352439603)]",33.06659698,-79.26657104
133,0.5259412385340604,0.43147437514233117,135.03231928318795,7.364971724752019,0.04,0.0395,0.0444,0.0049,0.02598507797588732,High,843.0,-0.74494328017087,"[(-79.21603075184565, 33.15553948532767), (-79.21390837975875, 33.15333173958503)]",33.13326263,-79.1999054
134,0.6638995883457018,0.5460287241911911,123.23021275438323,7.252969851125761,0.135,0.0943,0.2,0.1057,0.04272760655822034,Low,850.0,-6.7286666846760665,"[(-79.17654565070326, 33.21272073738802), (-79.17129782179025, 33.21322054004685)]",33.1999321,-79.13323212
135,0.6030892168343011,0.49082410401727794,119.55982881034274,7.133093576840674,0.055,0.0536,0.062,0.0084,0.041580503318352086,High,847.0,-0.00817643726947344,"[(-79.17636717040087, 33.276252038662136), (-79.1712005582777, 33.275327616172824)]",33.26659775,-79.13323212
136,0.5528716487569749,0.4476489469464665,120.43472506873815,7.0538130844580085,0.065,0.0606,0.0721,0.0115,0.023037070732522442,High,769.0,-0.94747467911096,"[(-79.15771227149347, 33.33931581998738), (-79.15336685899074, 33.33872242802009)]",33.33326721,-79.13323212
137,0.4947460896385521,0.396273281944298,122.81421820550166,7.071208393773853,0.06,0.0544,0.062,0.0076,0.003001283799119909,High,835.0,-0.3446048293647021,"[(-79.13719885929821, 33.40187870718089), (-79.13448850040866, 33.4009450253781)]",33.39993286,-79.13323212
138,0.5366181300175613,0.43496918532983997,132.44962554241044,7.00587995556975,0.05,0.0459,0.0517,0.0058,0.02310403545860912,High,840.0,0.829388967701277,"[(-79.08542427966418, 33.48245546434149), (-79.08279842188384, 33.48080639313343)]",33.46659851,-79.06656647
139,0.5143274446038805,0.4167212195873105,131.6802512348761,6.95554025860983,0.05,0.0493,0.0551,0.0058,0.023181730373755583,High,831.0,0.23414052345413652,"[(-79.02125916977195, 33.54587850964704), (-79.01835942874553, 33.544409910368785)]",33.53326797,-78.99990082
140,0.5635238448069678,0.455588188428976,134.40909268408583,6.7375883663621305,0.065,0.0613,0.069,0.0077,0.03023760755577705,High,709.0,0.16409248081573202,"[(-78.95677473692922, 33.62102862062774), (-78.95448122748049, 33.619477264637865)]",33.59993362,-78.93323517
141,0.5203181640749186,0.41940312209771985,137.1092243061082,6.743471237385782,0.055,0.0509,0.0601,0.0092,0.02470530452449137,High,512.0,0.2811109744539924,"[(-78.88586795700455, 33.68414396472322), (-78.88372252325868, 33.68241174526057)]",33.66659927,-78.86656952
142,0.508726498442147,0.40844816541665485,137.95850899706699,6.713001507895482,0.05,0.044,0.0519,0.0079,0.014450470094896268,High,463.0,1.0182928281932069,"[(-78.80941641006163, 33.745886722439785), (-78.80750162052854, 33.74393121848429)]",33.73326874,-78.79989624
143,0.6657741459528395,0.5362931803597224,141.71658851429686,6.719318178000566,0.04,0.0395,0.0452,0.0057,0.04941678971638756,High,476.0,-0.05788535822253283,"[(-78.75806921956585, 33.777616098348474), (-78.75627707004581, 33.775380000082386)]",33.73326874,-78.73323059
144,0.5861416575121088,0.46882694307137796,147.38029921763348,6.604736574882169,0.045,0.0436,0.0473,0.0037,0.01737841355431805,High,490.0,0.8733451628731803,"[(-78.67308309230698, 33.817454924995374), (-78.67184979983467, 33.81510522902046)]",33.79993439,-78.66656494
145,0.6704350028944908,0.5360025267244016,150.7922518730109,6.6397864493302645,0.035,0.0343,0.0403,0.006,0.03742253469043642,High,467.0,1.1153852275921905,"[(-78.61082627832084, 33.83731592800111), (-78.60967954108135, 33.83447638533094)]",33.79993439,-78.59989929
146,0.7259854959019969,0.5816457220722278,151.36455252791956,6.709620330571165,0.05,0.0465,0.0552,0.0087,0.050654331299428826,High,532.0,-1.6190483911442273,"[(-78.54257937031063, 33.85096567804627), (-78.54112300983623, 33.84873494276866)]",33.79993439,-78.53323364
147,0.600969474919983,0.4766085295643676,154.92607836651752,6.717245365718594,0.04,0.0389,0.0424,0.0035,0.009878417215196849,High,523.0,-0.7758344830025187,"[(-78.46938658760847, 33.87771124815931), (-78.4680392243028, 33.87477431469395)]",33.86660004,-78.46656799
148,0.6438315207137799,0.5098618366766747,157.36563925254356,6.647003655203795,0.08,0.0665,0.0964,0.0299,0.027167215873447406,Medium,570.0,0.9797195944133306,"[(-78.40736528801854, 33.89416548120923), (-78.40654371239461, 33.89150237863912)]",33.86660004,-78.39989471
149,0.7096488409951848,0.5600430946884294,158.21487933360572,6.622928293969268,0.065,0.0594,0.0717,0.0123,0.039075978427195984,High,545.0,0.5507423704314695,"[(-78.33775187839666, 33.90694503834768), (-78.33731555570935, 33.90393134480067)]",33.86660004,-78.33322906
150,0.73020311737261,0.5743719067368646,162.28076422064294,6.53158328343889,0.065,0.0572,0.0699,0.0127,0.045296223581092865,High,522.0,0.4429651060064063,"[(-78.27105384103426, 33.91316940299461), (-78.27077914829279, 33.91020381295357)]",33.86660004,-78.26656342
151,0.7320539530747769,0.5742189180283246,166.86133094690837,6.509958166415805,0.065,0.0595,0.0678,0.0083,0.04610439469074568,High,532.0,0.1656185645522444,"[(-78.20044268926961, 33.91403514029647), (-78.20031501233241, 33.91136870906386)]",33.86660004,-78.19989777
152,0.7175866325271207,0.5578441349041212,169.6148340494222,6.433781305636878,0.06,0.0485,0.0808,0.0323,0.0433922719981143,Medium,495.0,1.3320237152750765,"[(-78.12671104075761, 33.91106465768689), (-78.1272526264064, 33.90801494697065)]",33.86660004,-78.13323212
153,0.6622158682486899,0.5094468095806542,177.73437886502154,6.247415063982156,0.085,0.0673,0.1194,0.0521,0.03039419288743711,Low,509.0,2.47517772180669,"[(-78.05807781957739, 33.89753480967685), (-78.05918311982752, 33.89434909793192)]",33.86660004,-78.06655884
154,0.505503646240051,0.39044528236326304,173.00315687535632,6.088408955100411,0.075,0.0625,0.0955,0.033,0.010351587227591653,Medium,527.0,0.3428749060995636,"[(-78.00396530101902, 33.85935193105244), (-78.00723343399255, 33.85657448154279)]",33.86660004,-77.99989319
155,0.7040515007202947,0.5717068298830195,136.48339856616627,7.08668588747288,0.085,0.0791,0.0959,0.0168,0.02123120986696569,High,499.0,0.05036873045538716,"[(-77.95793321967736, 33.87138179199298), (-77.95012536980845, 33.870315645721455)]",33.86660004,-77.93322754
156,0.5198384385611103,0.4178210163258746,123.36607385389179,7.498667238692535,0.09,0.0781,0.105,0.0269,0.00044844717138107804,Medium,418.0,0.10687374862778411,"[(-77.93525824397369, 33.93396364106852), (-77.93207321714792, 33.932766082794124)]",33.9332695,-77.93322754
157,0.7915422741310013,0.6455546550849738,124.35112204690128,7.513449641963178,0.08,0.0691,0.0926,0.0235,0.03390729493271123,High,437.0,1.189978765607113,"[(-77.89994691175251, 34.0122361190607), (-77.89670921375256, 34.01135041321253)]",33.99993515,-77.86656189
158,0.5997999567823254,0.48533454212703586,123.73511645161452,7.73342210080881,0.06,0.0534,0.076,0.0226,0.00785769654695361,High,526.0,-1.735634463083283,"[(-77.8761425917114, 34.07036904764644), (-77.87149206281151, 34.0688664649048)]",34.0666008,-77.86656189
159,0.7914426505932588,0.6445672660970118,127.54985925831186,7.56946678368673,0.06,0.054,0.0666,0.0126,0.03891646339536275,High,530.0,0.23989278515127085,"[(-77.83578275376472, 34.15333269853846), (-77.83170591413997, 34.15161603198977)]",34.13327026,-77.79989624
160,0.602168334688104,0.4849472843331577,129.39672628848533,7.694714010177122,0.07,0.0613,0.077,0.0157,0.0015787649454170143,High,600.0,-0.16997461157408233,"[(-77.80019387771188, 34.19969727429165), (-77.79712471874716, 34.19821243071748)]",34.19993591,-77.79989624
161,0.6043949811411982,0.4929073949750743,132.75623135332955,7.731062007513809,0.04,0.0392,0.0423,0.0031,0.00744092177451615,High,779.0,0.9787209032664476,"[(-77.73901788222884, 34.27359962877252), (-77.73633204963511, 34.27153912517458)]",34.26660156,-77.73323059
162,0.8238556632435916,0.670783190922957,133.99751950969411,7.56982077409064,0.035,0.0274,0.0462,0.0188,0.05209323014774282,High,768.0,-3.5925203341108327,"[(-77.70711623876691, 34.302379650662736), (-77.70366809109416, 34.30026578121552)]",34.26660156,-77.66655731
163,0.7572831391757542,0.6163104544958221,137.46086643385922,7.537271761375726,0.05,0.0447,0.0552,0.0105,0.041360102126079816,High,926.0,0.4819394779342998,"[(-77.62578214469636, 34.36750285144007), (-77.62332719597805, 34.36544384601806)]",34.33327103,-77.59989166
164,0.7083787032213567,0.5767549182925931,141.2030529422589,7.545740710483783,0.06,0.0546,0.0632,0.0086,0.026173498150927954,High,927.0,-0.2236965552914652,"[(-77.54695953991096, 34.42383429424821), (-77.54507230017806, 34.42171051006923)]",34.39993668,-77.53322601
165,0.8361319206966435,0.6803207254078744,142.79481544229003,7.491352190947458,0.055,0.0493,0.0571,0.0078,0.060231439346526604,High,911.0,-0.17667665678586272,"[(-77.49702492856096, 34.45359265632755), (-77.49509108103324, 34.451308609243846)]",34.39993668,-77.46656036
166,0.721499299819714,0.5883980907908228,144.7614314272851,7.584594398365246,0.065,0.0617,0.0707,0.009,0.030210856964297598,High,891.0,-1.0567581650329576,"[(-77.4139387938451, 34.49513782336474), (-77.41214076632598, 34.49247677316547)]",34.46660614,-77.39989471
167,0.8452984918255204,0.6878842428657415,145.29260617758106,7.516673587127603,0.045,0.0426,0.0492,0.0066,0.057472323651783924,High,893.0,-0.7149093172390428,"[(-77.356354794448, 34.52092209674922), (-77.35476126524155, 34.51820496204216)]",34.46660614,-77.33322906
168,0.7345467171310014,0.597359842181844,144.68986532448238,7.592237696830477,0.055,0.0488,0.0618,0.013,0.0310688618730127,High,893.0,-1.9431877123815087,"[(-77.28322785600396, 34.561477568651334), (-77.28079078984518, 34.55897194787641)]",34.53327179,-77.26655579
169,0.8617819041896333,0.697826680823821,147.47842548542272,7.455170681520323,0.04,0.038,0.0476,0.0096,0.06598682055807056,High,816.0,0.9778219086618141,"[(-77.23762514330737, 34.589431597115784), (-77.23549235416014, 34.58683296758438)]",34.53327179,-77.19989014
170,0.7408851428338762,0.5953240447289335,150.69225645704432,7.437079338641836,0.04,0.0373,0.042,0.0047,0.03213945276142982,High,785.0,-1.7532392744839653,"[(-77.14261459014253, 34.63240061981999), (-77.14131509691445, 34.629330566050996)]",34.59993744,-77.13322449
171,0.8405057036334797,0.6730769358409574,153.7893482988826,7.330767466314545,0.06,0.0539,0.067,0.0131,0.049009706967210305,High,484.0,1.1056618537441483,"[(-77.08307550814261, 34.64785286042877), (-77.08162036693479, 34.644815462786255)]",34.59993744,-77.06655884
172,0.9015764178178728,0.7205808662967002,155.53173003053675,7.31047871025223,0.07,0.0605,0.0783,0.0178,0.0653047754096439,High,494.0,0.2845785856362727,"[(-77.01484105709778, 34.664899352727666), (-77.01404040996357, 34.66230317813461)]",34.59993744,-76.99989319
173,0.9685957853692113,0.7568836736086956,171.8031600256791,7.026352868666194,0.045,0.0378,0.0616,0.0238,0.04768510863082627,High,543.0,-1.9950378548576353,"[(-76.55286925172702, 34.61631752739318), (-76.55711539426198, 34.615677073751385)]",34.59993744,-76.59989166
174,0.9440697789851296,0.7636471729093612,153.08392216334653,7.52520434593811,0.045,0.0356,0.0596,0.024,0.0030096143131682464,High,558.0,1.3776120709199287,"[(-76.53243698967854, 34.5997351666821), (-76.52814612403581, 34.59873759405804)]",34.59993744,-76.53321838
175,0.6920393480641551,0.5468857923104377,159.2661592808894,7.278068359103951,0.065,0.0544,0.0782,0.0238,0.01109014833012768,High,497.0,0.6230320485704045,"[(-76.93515944742471, 34.678919727695515), (-76.9345787895955, 34.676227745163764)]",34.6666069,-76.93321991
176,0.7765970637055659,0.6101760901376576,163.5223787540306,7.151850842068404,0.07,0.0645,0.0804,0.0159,0.020510736024509903,High,514.0,0.4587932594887391,"[(-76.86949711812038, 34.68832269048914), (-76.868996245256, 34.68555761453503)]",34.6666069,-76.86655426
177,0.7913898076132275,0.618250501446254,166.48400501242034,7.113350188770287,0.06,0.0563,0.069,0.0127,0.027588434892982454,High,513.0,0.6435949023042717,"[(-76.80114672632415, 34.69552218639477), (-76.80083012124327, 34.69282462184841)]",34.6666069,-76.79988861
178,0.806282683418496,0.6251854285020535,171.29299658663138,6.952754892320494,0.055,0.05,0.0665,0.0165,0.02933876627356897,High,513.0,0.819219134638754,"[(-76.733153227528, 34.69726823286447), (-76.73330898138674, 34.69462309742176)]",34.6666069,-76.73322296
179,0.7325749486738423,0.5582202491165558,181.46232600229445,6.505971524687297,0.05,0.0344,0.0941,0.0597,0.020488474710514005,Low,433.0,-6.8434282524244034,"[(-76.65110239621771, 34.684717937379865), (-76.65440279661281, 34.67877506200233)]",34.6666069,-76.66655731
180,0.8247521809923524,0.6750207695159327,128.36077181279137,8.112014304952556,0.075,0.063,0.0861,0.0231,0.017493161709213917,High,522.0,-0.4302665473556868,"[(-76.48280261090419, 34.67789326631805), (-76.4787164335863, 34.67573403516358)]",34.6666069,-76.46655273
181,0.9433760484721712,0.7745403744172215,130.2490811345914,8.225443946333522,0.055,0.0496,0.0662,0.0166,0.024532691938597636,High,510.0,-1.0722197341426467,"[(-76.41900296049936, 34.751372211696506), (-76.41588666102918, 34.74944118643245)]",34.73327255,-76.39988708
182,0.9851914331723554,0.8071831037496106,133.05663886352076,8.244320174277583,0.085,0.0547,0.1733,0.1186,0.026629712017889905,Low,497.0,-5.691358073150007,"[(-76.35685567797023, 34.81689507714308), (-76.35288180961354, 34.813999756131196)]",34.7999382,-76.33322144
183,0.9291258088588018,0.7581354188580938,136.9218451714913,8.209207392282114,0.055,0.0445,0.0728,0.0283,0.018464314106631484,Medium,463.0,-3.2197125662130537,"[(-76.27507402281567, 34.88518705999128), (-76.2718589855965, 34.88227286641826)]",34.86660767,-76.26655579
184,0.8515270042743237,0.6974708335976489,138.1984457860813,8.31393508561082,0.065,0.0537,0.0759,0.0222,0.006311244958883075,High,500.0,-1.4499564974567536,"[(-76.20570086376007, 34.93923646949147), (-76.20259482112095, 34.93662763429629)]",34.93327332,-76.19989014
185,1.125372179968843,0.9157404550341312,138.09004406574138,8.033775078380542,0.06,0.0524,0.0686,0.0162,0.04791889958310355,High,476.0,-0.6804917904993766,"[(-76.1610473980168, 34.9745553374473), (-76.15810958196244, 34.972023431139796)]",34.93327332,-76.13321686
186,1.051541808955672,0.8526102243931455,139.79798412370062,8.080426555822122,0.05,0.0436,0.0547,0.0111,0.03480590820709105,High,479.0,-0.05821019996257563,"[(-76.0908592139067, 35.0279761928771), (-76.08757005015975, 35.02473431357728)]",34.99993896,-76.06655121
187,0.8729374148525704,0.7043080019114857,143.2165083059143,7.986052449775811,0.025,0.01,0.2,0.19,0.011981222287445139,Low,431.0,4.154623230625263,"[(-75.99622671042006, 35.07872793215267), (-75.99204671711075, 35.075512767123016)]",35.06660843,-75.99988556
188,1.1257992847262428,0.9092582874512108,142.98476675722137,7.898359318148279,0.01,0.01,0.0109,0.0009,0.043188634753200256,High,558.0,-0.6015827482938365,"[(-75.95599778248639, 35.10514606577728), (-75.9538565895718, 35.10274481485218)]",35.06660843,-75.93321991
191,1.2147296318634753,0.9772789979777653,150.93457811605015,7.590826471271209,0.065,0.036,0.2,0.164,0.06153164100255352,Low,446.0,-3.7062750683884613,"[(-75.73323123606545, 35.19695567936917), (-75.73139829113606, 35.19264258139678)]",35.13327408,-75.73321533
192,0.9307670649903697,0.7491107948371335,153.42697539203652,7.742272068428127,0.085,0.0694,0.1018,0.0324,0.01456708411134803,Medium,547.0,-0.8065846260722627,"[(-75.67251859481895, 35.21551632719525), (-75.67058099546428, 35.211727254429796)]",35.19993973,-75.66654968
194,1.241230990655431,1.0265665349110606,145.03447835123637,8.058186198269084,0.01,0.01,0.033,0.023,0.019487639004511812,High,254.0,2.8130617689891375,"[(-75.53012749305302, 35.221023769851364), (-75.53089049242566, 35.2174524410296)]",35.19993973,-75.53321838
195,1.3255009238157485,1.1052172025054525,117.6553069296785,8.232203269755843,0.06,0.0488,0.081,0.0322,0.04765254593788676,Medium,481.0,-1.2853727880160926,"[(-75.51855212680955, 35.266510895820524), (-75.509857173745, 35.26621910624941)]",35.26660919,-75.46655273
196,1.1924312233574563,0.9941091297945052,112.50284365340605,8.42342919432361,0.05,0.0394,0.0648,0.0254,0.03488533249112586,Medium,547.0,-2.865797627047724,"[(-75.50310792541087, 35.341106904048594), (-75.49815643211524, 35.34035285241305)]",35.33327484,-75.46655273
197,1.0271039412471323,0.8531993759402351,109.8629579774763,8.485909853519049,0.1,0.0753,0.1397,0.0644,0.017532470903268513,Low,559.0,-0.9067932362039657,"[(-75.48642930326663, 35.40289606251891), (-75.48131537215014, 35.402432384709634)]",35.39994049,-75.46655273
200,0.54329470302705,0.44925502642883447,101.45987044380826,8.447767028063305,0.07,0.0583,0.0867,0.0284,0.004648216953025659,Medium,583.0,-3.070268192200495,"[(-75.46403617106732, 35.600182059322634), (-75.45978686815121, 35.60021832356558)]",35.59994507,-75.46655273
201,0.8809529445217391,0.7255852700628806,88.937432281623,8.380413590182977,0.055,0.049,0.068,0.019,0.008031712077475757,High,553.0,-1.5190394456131877,"[(-75.47629606703786, 35.66454698840757), (-75.47249820163363, 35.66522555639955)]",35.66661072,-75.46655273
202,1.1430326340179862,0.9399434299771987,85.19671576891277,8.303804793857102,0.045,0.0395,0.0526,0.0131,0.02866399967485988,High,565.0,-2.979630862142587,"[(-75.49593184156775, 35.72205311614946), (-75.49042450808412, 35.72326657741991)]",35.73327637,-75.46655273
203,0.8156571740936127,0.6659133567889818,81.00353449260162,8.288417706869142,0.035,0.0295,0.0476,0.0181,0.0042277080794567035,High,471.0,-5.457596345364685,"[(-75.54062367551857, 35.796248920843944), (-75.53313870119518, 35.79942025147897)]",35.79994583,-75.53321838
204,1.1357772215247133,0.9244797225183402,82.32853247404914,8.154208392433508,0.05,0.0431,0.0613,0.0182,0.03324325294122181,High,534.0,-1.0450978517997074,"[(-75.56528761145337, 35.850516980301194), (-75.56028868510572, 35.852325547179966)]",35.86661148,-75.53321838
205,0.8990692700539583,0.7323941718243875,81.75798945769014,8.182744283337204,0.085,0.074,0.1069,0.0329,0.006139984487135525,Medium,552.0,0.5755469349257165,"[(-75.60745722657474, 35.929902254697026), (-75.60341643938106, 35.93141147533326)]",35.93327713,-75.59988403
206,1.0646916811431808,0.8660929386603881,85.94646523143875,8.114289694979039,0.11,0.0845,0.1685,0.084,0.03881601800664703,Low,579.0,1.0002476180675053,"[(-75.63624863018265, 35.98060541372522), (-75.63177744922261, 35.98230701719585)]",35.99994659,-75.59988403
207,0.806360442792664,0.6560754044945475,81.40669688534031,8.230202454344427,0.085,0.0715,0.1112,0.0397,0.01726230929094324,Medium,584.0,-0.31615585743644925,"[(-75.68327924653632, 36.05651703965083), (-75.67905393205572, 36.0583408092277)]",36.06661224,-75.66654968
208,1.0427926495696076,0.8494386132105933,85.68636323989152,8.071005032770712,0.05,0.0452,0.0567,0.0115,0.052501527860789855,High,518.0,-0.5055628089513095,"[(-75.71517967428193, 36.108270756950645), (-75.71104919380225, 36.109782070202485)]",36.13327789,-75.66654968
209,0.6974545911924657,0.5698819957828919,92.16063526816315,8.19293923529854,0.045,0.0395,0.0518,0.0123,0.021356581582939033,High,487.0,-1.3515518981306869,"[(-75.75471695804264, 36.19125528441362), (-75.75112491888353, 36.19217218663486)]",36.19994736,-75.73321533
210,0.8390839417462116,0.6882516466443847,92.78981709182553,8.074729305775387,0.09,0.075,0.1071,0.0321,0.048903646694861476,Medium,471.0,0.5531839172901842,"[(-75.77890950884998, 36.24437182612997), (-75.7751990122928, 36.24550838316532)]",36.26661301,-75.73321533
211,0.399555281066846,0.32753109587282253,102.57584201313469,7.66925408156451,0.055,0.0512,0.0656,0.0144,0.009133170560129732,High,468.0,0.16411196264754563,"[(-75.81088187220429, 36.32997908842325), (-75.80627282831237, 36.33099685224529)]",36.33327866,-75.79988098
212,0.5889353040913468,0.4823048197368645,89.85907447045462,7.803683008422461,0.045,0.0376,0.0521,0.0145,0.026771884370633534,High,482.0,-0.5525003571371729,"[(-75.82848698075964, 36.39352914025634), (-75.82344094652078, 36.39429866866431)]",36.39994812,-75.79988098
213,0.8272227276635038,0.6705542235359016,87.37504511446963,7.745887916245858,0.04,0.0348,0.0491,0.0143,0.04552025601159928,High,466.0,-1.08057007123927,"[(-75.84500687133355, 36.45344125082252), (-75.84209446921217, 36.45409178713259)]",36.46661377,-75.79988098
214,0.5279307765393003,0.42982890952173913,96.32491563282288,7.652060974360222,0.045,0.0389,0.0509,0.012,0.0033392949645822683,High,454.0,0.72249951228723,"[(-75.86597681564375, 36.534974079466906), (-75.86172557026418, 36.535506147739255)]",36.53327942,-75.86655426
215,0.6829555828593684,0.5511093859306048,93.67501342664448,7.639458233134051,0.035,0.0311,0.0387,0.0076,0.01052266917419887,High,450.0,0.42413789079017933,"[(-75.87844848257315, 36.59666095684582), (-75.87480928126608, 36.5971610942321)]",36.59994888,-75.86655426
216,0.8096605248488882,0.6530541822207903,95.01228766494265,7.598278450807252,0.05,0.04,0.0598,0.0198,0.03559162598656217,High,471.0,0.7853375260735829,"[(-75.90076568144933, 36.65050765913459), (-75.89641371048253, 36.651705618893025)]",36.66661453,-75.86655426
217,0.6199693950243591,0.4933865399575131,96.01364027442997,7.605529384473304,0.13,0.0892,0.2,0.1108,0.0028412574356607334,Low,493.0,1.1843324431994378,"[(-75.9381925225619, 36.73163592634208), (-75.9335641072404, 36.73292645435477)]",36.733284,-75.93321991
218,0.7150882924201956,0.5681371700280414,97.6791951235533,7.46602433481943,0.175,0.114,0.2,0.086,0.025890828885698713,Low,497.0,0.8244385557249303,"[(-75.9597272202359, 36.791263343093426), (-75.95578023956007, 36.7920918701561)]",36.79994965,-75.93321991
219,0.7791769924316669,0.6185917105190482,103.17003380237502,7.392489539209603,0.055,0.0461,0.0665,0.0204,0.04257714695562621,High,503.0,1.7895444192798358,"[(-75.97554158591664, 36.853551011092435), (-75.97213441152198, 36.85414652707228)]",36.8666153,-75.93321991
220,0.7787313889674268,0.6160968803849313,116.7220578928268,7.280725832516923,0.08,0.0674,0.1025,0.0351,0.05977447374750313,Medium,505.0,1.0956016540851903,"[(-75.99160231015603, 36.91393270341004), (-75.98815237605228, 36.91453574123297)]",36.93328476,-75.93321991
221,0.5534237130444696,0.4271015491992635,140.29691598066051,6.788817663821839,0.025,0.0196,0.0303,0.0107,0.02134350826326294,High,478.0,4.455493587281114,"[(-75.94664395449166, 37.08674001529026), (-75.94291553832126, 37.08237611380795)]",37.06661606,-75.93321991
222,0.2876172906244948,0.1908621068179582,172.61823894275184,3.2476088953402753,0.04,0.0344,0.0503,0.0159,0.02289279063029405,High,496.0,5.201212347221377,"[(-75.9225667864629, 37.11365437702118), (-75.9282893505535, 37.10986473763238)]",37.13328552,-75.93321991
223,0.44026521023056225,0.33655584725775384,142.6420094309051,6.658452065198017,0.03,0.0249,0.037,0.0121,0.00863217418575331,High,478.0,-4.919912605948533,"[(-75.87501543483879, 37.141838114806646), (-75.86925394103986, 37.13790460013427)]",37.13328552,-75.86655426
224,0.46184514742897603,0.3704929332780059,133.30115583280553,7.0409505711100415,0.02,0.0138,0.0498,0.036,0.014168519102107537,Medium,356.0,-13.132535593600535,"[(-75.81709879476027, 37.202299497368244), (-75.81051935853723, 37.20280094124172)]",37.19995117,-75.79988098
225,0.3612395109502903,0.28243061332162583,133.85672925374325,6.6735136645120265,0.055,0.0396,0.0789,0.0393,0.007172938936555433,Medium,516.0,-1.5685997555251203,"[(-75.79629616390594, 37.26722622263492), (-75.78917696749576, 37.26728553677999)]",37.26661682,-75.79988098
226,0.47819541200099136,0.38340972251918987,136.40532073699475,7.045093840255772,0.035,0.0207,0.1685,0.1478,0.005012959342819812,Low,354.0,4.434530595028168,"[(-75.74034681563062, 37.337098799653354), (-75.7345164360236, 37.334896919980125)]",37.33328629,-75.73321533
227,0.6819522055703159,0.551836304572865,126.5484615682507,7.596196829200568,0.035,0.0299,0.0364,0.0065,0.02358596694523517,High,505.0,1.3361561447937824,"[(-75.68829825465792, 37.41529633494883), (-75.68267536865038, 37.412727473945495)]",37.39995193,-75.66654968
228,0.41251039937671713,0.3321230914204787,130.8207074993681,7.303481061272423,0.03,0.0192,0.0522,0.033,0.001083832458199679,Medium,381.0,8.356311609239109,"[(-75.66566625376916, 37.46164297927887), (-75.66676921504512, 37.46952868376612)]",37.46661758,-75.66654968
229,0.7187468785189067,0.5814631333710523,123.25585436643395,7.634608835517065,0.04,0.029,0.0677,0.0387,0.021659950203342732,Medium,509.0,-11.359637144491236,"[(-75.61968856322859, 37.54802074188134), (-75.6141393309299, 37.54532165033803)]",37.53328705,-75.59988403
230,0.5825824503457018,0.47017666015805126,120.0874529122787,7.838792322029741,0.04,0.0227,0.1301,0.1074,0.012922342758909681,Low,400.0,-14.054047466546828,"[(-75.61627090952452, 37.600707078333826), (-75.60930726262873, 37.60053468993588)]",37.5999527,-75.59988403
231,0.8662461262284379,0.6984771618755135,125.50250009821131,7.66301770067186,0.04,0.0294,0.0715,0.0421,0.05160515114783995,Medium,363.0,8.691279050686052,"[(-75.58031893087328, 37.69611454106999), (-75.57304522217282, 37.69277144351848)]",37.66662216,-75.53321838
232,0.7013595580215267,0.5615502509036964,130.85193269527545,7.736208599957655,0.04,0.0263,0.0804,0.0541,0.02226898829432045,Low,391.0,-12.133042482305946,"[(-75.55350215919799, 37.74876505475596), (-75.54768737828574, 37.745665112732325)]",37.73328781,-75.53321838
233,0.7479114360307323,0.598882817706982,134.93579009481803,7.750586716478119,0.055,0.0452,0.0725,0.0273,0.035857618946852986,Medium,429.0,-1.8843354937070171,"[(-75.49496086733814, 37.82646272758583), (-75.48987847931215, 37.82310987793453)]",37.79995346,-75.46655273
234,0.9129142911016853,0.7385209986164849,133.30194941598924,7.742832621775811,0.03,0.0132,0.2,0.1868,0.05247028797281478,Low,199.0,56.87338045142393,"[(-75.38615199289222, 37.854742151550084), (-75.39128004545732, 37.8477027362256)]",37.79995346,-75.39987946
235,0.7999634199240901,0.6495679381613086,132.42398987126188,7.884401459626823,0.07,0.0461,0.1681,0.122,0.01857065488569943,Low,450.0,-6.382838627209899,"[(-75.34912710228865, 37.881171111960654), (-75.34382048791551, 37.87807795999052)]",37.86662292,-75.33321381
236,0.9185804883824028,0.7470600064594786,131.06207511199773,7.758894347695806,0.065,0.0576,0.0791,0.0215,0.03680634172079218,High,410.0,0.9341133145148797,"[(-75.29747666007307, 37.95828084192266), (-75.29217418410076, 37.955417556113844)]",37.93328857,-75.26654816
237,0.561874335595383,0.45716160626384367,134.15997542430677,7.902900652347259,0.085,0.0725,0.1018,0.0293,0.004300217141633997,Medium,411.0,-0.695476430606576,"[(-75.2660824993213, 37.99848553540823), (-75.26049984202054, 37.99580725218961)]",37.99995422,-75.26654816
238,0.7581262385553038,0.613447548342586,129.71151312608555,8.007914660463532,0.08,0.0666,0.1027,0.0361,0.00928701570039173,Medium,430.0,-0.3923270377720644,"[(-75.21101408132438, 38.07309221470786), (-75.20430662085349, 38.07030481525941)]",38.06662369,-75.19988251
239,0.9537758894417221,0.7749956343020817,124.29478245203653,7.806971636642544,0.085,0.0708,0.1075,0.0367,0.03984840356642132,Medium,468.0,-0.8195322973656417,"[(-75.17457424253737, 38.14822290074608), (-75.16649606555313, 38.14630145486534)]",38.13328934,-75.13321686
240,0.7617994739661521,0.6121665186453761,125.9335392544243,7.892468083914034,0.06,0.053,0.0724,0.0194,0.01585703721479883,High,403.0,-0.7379275895103429,"[(-75.15131456545946, 38.20715194460865), (-75.14419234063918, 38.2054281722099)]",38.19995499,-75.13321686
241,0.9763576107913893,0.7922707911699475,125.6077746139442,7.77203460665274,0.065,0.0551,0.0838,0.0287,0.049875349333657094,Medium,381.0,-1.005950421555469,"[(-75.1163949989384, 38.2872356969757), (-75.10841931905762, 38.285244945919366)]",38.26662445,-75.06655121
242,0.7784284039910777,0.6284871364411557,126.44750225062599,7.960418044905962,0.105,0.0832,0.1461,0.0629,0.011937380970800921,Low,607.0,1.516457203259397,"[(-75.08049516226657, 38.3395209241392), (-75.07403087826613, 38.33759648332007)]",38.3332901,-75.06655121
243,1.02798167190228,0.8333507687704291,121.96659623282821,7.697310717699618,0.08,0.065,0.1015,0.0365,0.054260875231094886,Medium,645.0,1.3310185874220026,"[(-75.05618998802181, 38.412408184872554), (-75.04940646908211, 38.411477015885986)]",38.39995575,-74.99987793
244,0.9735587418940661,0.7867942492557711,121.1600967857938,7.670129554962754,0.08,0.0612,0.1138,0.0526,0.04649087086521937,Low,601.0,1.0033102485643635,"[(-75.04997362893317, 38.465485774965984), (-75.04274082954251, 38.46569021386824)]",38.46662521,-74.99987793
245,0.9357359960029741,0.7534224709002975,120.92963533203795,7.605045519158759,0.105,0.0693,0.2,0.1307,0.05103963202305159,Low,521.0,1.5406594249970935,"[(-75.05397590793598, 38.52567174874493), (-75.0468126846077, 38.5263304272652)]",38.53329086,-74.99987793
246,0.9099231690110466,0.7309685538287779,122.16161278989237,7.552626928404051,0.145,0.1109,0.2,0.0891,0.05667023050897526,Low,486.0,0.5898487767517446,"[(-75.05970752544886, 38.5958350968428), (-75.05311088020633, 38.5961456552767)]",38.59995651,-74.99987793
247,0.8914118476722844,0.7144113453836567,125.26854638190484,7.485423903255487,0.09,0.0746,0.1089,0.0343,0.06474386581195238,Medium,479.0,-0.32474046403399454,"[(-75.06814119618107, 38.66030072295646), (-75.0605251957034, 38.660738644756755)]",38.66662598,-74.99987793
248,0.657806678901572,0.5207554529201246,117.0709661943705,7.653436432856253,0.11,0.0869,0.1527,0.0658,0.009112578225624874,Low,433.0,0.6141719488997475,"[(-75.07879513922745, 38.7313494560754), (-75.07225541826385, 38.73206825685255)]",38.73329163,-75.06655121
249,0.6765771923605722,0.5319042504823679,130.8890762128013,7.502858927156635,0.09,0.0784,0.1101,0.0317,0.020268446019144064,Medium,423.0,0.3337570977546225,"[(-75.08918189857692, 38.79276980979291), (-75.08223165840138, 38.79390486479839)]",38.79996109,-75.06655121
