,Unnamed: 0,hs_max,hs_mean,dir,tp,latitude_left,latitude_left.1,longitude_left,longitude_left.1,quality_flag_left,quality_flag_right,d50,width_ci_average,beach_slope_average,beach_slope_median,sl_points_average,mstr,prc_mstr_obs,min_tide_obs,max_tide_obs,site_id,beach_slope,lower_conf_bound,upper_conf_bound,width_ci,sl_points,trend,distance,latitude,longitude
0,5,0.8717541330152951,0.720257415774253,73.71198139341736,6.658795205991078,25.80536,25.758802272501157,-80.12286,-80.13672553888198,Medium,Medium,0.809927931657867,0.0332,0.1042857142857142,0.0975,517.0,0.9670698642730712,99.20042753359988,-0.4461395795750516,0.5131978603324392,usa_FL_0003,0.11,0.0941,0.139,0.0449,526.0,0.6558348435041119,0.0011530470800834,25.879648737439595,-80.10115753022092
1,5,0.8717541330152951,0.720257415774253,73.71198139341736,6.658795205991078,25.80536,25.758802272501157,-80.12286,-80.13672553888198,Medium,Medium,0.809927931657867,0.0332,0.1042857142857142,0.0975,517.0,0.9670698642730712,99.20042753359988,-0.4461395795750516,0.5131978603324392,usa_FL_0003,0.09,0.0748,0.1074,0.0326,531.0,0.5951379922760749,0.0007333020651647,25.879362886955533,-80.10128344351428
2,1,0.5155406670764764,0.424360322687438,93.52148094965868,5.777091633571591,25.80536,25.758802272501157,-80.12286,-80.13672553888198,Medium,High,0.809927931657867,0.0332,0.1042857142857142,0.0975,517.0,0.9670698642730712,99.20042753359988,-0.4461395795750516,0.5131978603324392,usa_FL_0003,0.07,0.0621,0.0824,0.0203,495.0,0.5245868167991773,0.0009321922299567,25.74560523606769,-80.13475964862356
3,2,0.4360994586388613,0.3626989273570316,83.69691489332388,6.142300943229996,25.80536,25.758802272501157,-80.12286,-80.13672553888198,Medium,Medium,0.809927931657867,0.0332,0.1042857142857142,0.0975,517.0,0.9670698642730712,99.20042753359988,-0.4461395795750516,0.5131978603324392,usa_FL_0003,0.09,0.0748,0.1074,0.0326,531.0,0.5951379922760749,0.0007333020651647,25.77936250195553,-80.13461626851428
4,1,0.5155406670764764,0.424360322687438,93.52148094965868,5.777091633571591,25.80536,25.758802272501157,-80.12286,-80.13672553888198,Medium,High,0.809927931657867,0.0332,0.1042857142857142,0.0975,517.0,0.9670698642730712,99.20042753359988,-0.4461395795750516,0.5131978603324392,usa_FL_0003,0.07,0.0635,0.0827,0.0192,523.0,0.5766617223259404,0.0007237063143981,25.74582562445118,-80.13467401226904
5,5,0.8717541330152951,0.720257415774253,73.71198139341736,6.658795205991078,25.80536,25.758802272501157,-80.12286,-80.13672553888198,Medium,High,0.809927931657867,0.0332,0.1042857142857142,0.0975,517.0,0.9670698642730712,99.20042753359988,-0.4461395795750516,0.5131978603324392,usa_FL_0003,0.07,0.0621,0.0824,0.0203,495.0,0.5245868167991773,0.0009321922299567,25.878939396067693,-80.10142682362356
6,1,0.5155406670764764,0.424360322687438,93.52148094965868,5.777091633571591,25.80536,25.758802272501157,-80.12286,-80.13672553888198,Medium,Medium,0.809927931657867,0.0332,0.1042857142857142,0.0975,517.0,0.9670698642730712,99.20042753359988,-0.4461395795750516,0.5131978603324392,usa_FL_0003,0.09,0.0748,0.1074,0.0326,531.0,0.5951379922760749,0.0007333020651647,25.74602872695553,-80.13461626851428
7,0,0.5862837014217532,0.4834932137293584,95.51347134013028,5.683103628109475,25.80536,25.758802272501157,-80.12286,-80.13672553888198,Medium,Medium,0.809927931657867,0.0332,0.1042857142857142,0.0975,517.0,0.9670698642730712,99.20042753359988,-0.4461395795750516,0.5131978603324392,usa_FL_0003,0.09,0.0748,0.1074,0.0326,531.0,0.5951379922760749,0.0007333020651647,25.71269590195553,-80.13461626851428
8,0,0.5862837014217532,0.4834932137293584,95.51347134013028,5.683103628109475,25.80536,25.758802272501157,-80.12286,-80.13672553888198,Medium,High,0.809927931657867,0.0332,0.1042857142857142,0.0975,517.0,0.9670698642730712,99.20042753359988,-0.4461395795750516,0.5131978603324392,usa_FL_0003,0.07,0.0635,0.0827,0.0192,523.0,0.5766617223259404,0.0007237063143981,25.712492799451176,-80.13467401226904
9,4,0.8816549528783458,0.7287242388950574,72.7983066065512,6.648247630441155,25.80536,25.758802272501157,-80.12286,-80.13672553888198,Medium,High,0.809927931657867,0.0332,0.1042857142857142,0.0975,517.0,0.9670698642730712,99.20042753359988,-0.4461395795750516,0.5131978603324392,usa_FL_0003,0.07,0.0621,0.0824,0.0203,495.0,0.5245868167991773,0.0009321922299567,25.84560657106769,-80.10142682362356
10,3,0.4046619407865741,0.3337394803281405,84.70841024224472,5.996292719901714,25.80536,25.758802272501157,-80.12286,-80.13672553888198,Medium,Medium,0.809927931657867,0.0332,0.1042857142857142,0.0975,517.0,0.9670698642730712,99.20042753359988,-0.4461395795750516,0.5131978603324392,usa_FL_0003,0.09,0.0748,0.1074,0.0326,531.0,0.5951379922760749,0.0007333020651647,25.81269628195553,-80.13461626851428
11,3,0.4046619407865741,0.3337394803281405,84.70841024224472,5.996292719901714,25.80536,25.758802272501157,-80.12286,-80.13672553888198,Medium,High,0.809927931657867,0.0332,0.1042857142857142,0.0975,517.0,0.9670698642730712,99.20042753359988,-0.4461395795750516,0.5131978603324392,usa_FL_0003,0.07,0.0621,0.0824,0.0203,495.0,0.5245868167991773,0.0009321922299567,25.81227279106769,-80.13475964862356
12,16,0.994653199393712,0.8404930213847897,70.38163475460331,7.378286800628523,26.9413734,27.243583110251603,-80.071678,-80.18893770041674,Medium,Medium,0.53,0.0395,0.103002915451895,0.1,477.0,1.3000760078430176,98.76053200810549,-0.6246560063186728,0.6593059755368305,usa_FL_0014,0.1,0.0835,0.129,0.0455,483.0,0.8013147989965699,0.0012909874413778,26.98878381344607,-80.0938984039908
13,16,0.994653199393712,0.8404930213847897,70.38163475460331,7.378286800628523,26.9413734,27.243583110251603,-80.071678,-80.18893770041674,Medium,Medium,0.53,0.0395,0.103002915451895,0.1,477.0,1.3000760078430176,98.76053200810549,-0.6246560063186728,0.6593059755368305,usa_FL_0014,0.105,0.0889,0.1288,0.0399,485.0,0.7668934986846816,0.0014859383591045,26.988376502658056,-80.09368076573297
14,17,1.0006992626877214,0.8474980075990654,70.705740359853,7.39976746787438,26.9413734,27.243583110251603,-80.071678,-80.18893770041674,Medium,Medium,0.53,0.0395,0.103002915451895,0.1,477.0,1.3000760078430176,98.76053200810549,-0.6246560063186728,0.6593059755368305,usa_FL_0014,0.105,0.0885,0.1292,0.0407,485.0,0.7491936726632039,0.0013317775620807,27.021917641789344,-80.0937808835241
15,16,0.994653199393712,0.8404930213847897,70.38163475460331,7.378286800628523,26.9413734,27.243583110251603,-80.071678,-80.18893770041674,Medium,Medium,0.45,0.0395,0.103002915451895,0.1,477.0,1.3000760078430176,98.76053200810549,-0.6246560063186728,0.6593059755368305,usa_FL_0014,0.095,0.0804,0.1209,0.0405,483.0,0.9091215221689084,0.0014264898645525,26.98898739680696,-80.09400739285783
16,17,1.0006992626877214,0.8474980075990654,70.705740359853,7.39976746787438,26.9413734,27.243583110251603,-80.071678,-80.18893770041674,Medium,Medium,0.45,0.0395,0.103002915451895,0.1,477.0,1.3000760078430176,98.76053200810549,-0.6246560063186728,0.6593059755368305,usa_FL_0014,0.105,0.0885,0.1292,0.0407,485.0,0.7491936726632039,0.0013317775620807,27.021917641789344,-80.0937808835241
17,17,1.0006992626877214,0.8474980075990654,70.705740359853,7.39976746787438,26.9413734,27.243583110251603,-80.071678,-80.18893770041674,Medium,Medium,0.45,0.0395,0.103002915451895,0.1,477.0,1.3000760078430176,98.76053200810549,-0.6246560063186728,0.6593059755368305,usa_FL_0014,0.105,0.0889,0.1288,0.0399,485.0,0.7668934986846816,0.0014859383591045,27.021710277658052,-80.09368076573297
18,16,0.994653199393712,0.8404930213847897,70.38163475460331,7.378286800628523,26.9413734,27.243583110251603,-80.071678,-80.18893770041674,Medium,Medium,0.45,0.0395,0.103002915451895,0.1,477.0,1.3000760078430176,98.76053200810549,-0.6246560063186728,0.6593059755368305,usa_FL_0014,0.105,0.0889,0.1288,0.0399,485.0,0.7668934986846816,0.0014859383591045,26.988376502658056,-80.09368076573297
20,17,1.0006992626877214,0.8474980075990654,70.705740359853,7.39976746787438,26.9413734,27.243583110251603,-80.071678,-80.18893770041674,Medium,Medium,0.53,0.0395,0.103002915451895,0.1,477.0,1.3000760078430176,98.76053200810549,-0.6246560063186728,0.6593059755368305,usa_FL_0014,0.095,0.0804,0.1209,0.0405,483.0,0.9091215221689084,0.0014264898645525,27.022321171806965,-80.09400739285783
21,17,1.0006992626877214,0.8474980075990654,70.705740359853,7.39976746787438,26.9413734,27.243583110251603,-80.071678,-80.18893770041674,Medium,Medium,0.45,0.0395,0.103002915451895,0.1,477.0,1.3000760078430176,98.76053200810549,-0.6246560063186728,0.6593059755368305,usa_FL_0014,0.095,0.0804,0.1209,0.0405,483.0,0.9091215221689084,0.0014264898645525,27.022321171806965,-80.09400739285783
22,16,0.994653199393712,0.8404930213847897,70.38163475460331,7.378286800628523,26.9413734,27.243583110251603,-80.071678,-80.18893770041674,Medium,Medium,0.45,0.0395,0.103002915451895,0.1,477.0,1.3000760078430176,98.76053200810549,-0.6246560063186728,0.6593059755368305,usa_FL_0014,0.1,0.0835,0.129,0.0455,483.0,0.8013147989965699,0.0012909874413778,26.98878381344607,-80.0938984039908
23,16,0.994653199393712,0.8404930213847897,70.38163475460331,7.378286800628523,26.9413734,27.243583110251603,-80.071678,-80.18893770041674,Medium,Medium,0.53,0.0395,0.103002915451895,0.1,477.0,1.3000760078430176,98.76053200810549,-0.6246560063186728,0.6593059755368305,usa_FL_0014,0.105,0.0885,0.1292,0.0407,485.0,0.7491936726632039,0.0013317775620807,26.98858386678934,-80.0937808835241
24,25,0.6662104106854553,0.5696098528949157,76.62325935145181,8.023123480519143,26.9413734,27.5321659121764,-80.071678,-80.31185773946027,Medium,Medium,0.45,0.0456,0.1122181818181818,0.11,471.0,1.3753461837768557,99.66162531981962,-0.6655307350084131,0.7051616255177146,usa_FL_0016,0.09,0.0793,0.1061,0.0268,463.0,0.3326245721292678,0.0007460386906574,27.432587618293027,-80.25552599308736
25,33,0.7349665188107917,0.6389616039705425,78.06478746736119,8.258643203232012,26.9413734,27.5321659121764,-80.071678,-80.31185773946027,Medium,Medium,0.45,0.0456,0.1122181818181818,0.11,471.0,1.3753461837768557,99.66162531981962,-0.6655307350084131,0.7051616255177146,usa_FL_0016,0.09,0.0815,0.1068,0.0253,475.0,0.1407162218977622,0.0014533725460661,27.698816810777256,-80.35541107239479
26,27,0.6185967365072935,0.5332213720883727,81.61306003890459,7.784448472300486,26.9413734,27.5321659121764,-80.071678,-80.31185773946027,Medium,Medium,0.45,0.0456,0.1122181818181818,0.11,471.0,1.3753461837768557,99.66162531981962,-0.6655307350084131,0.7051616255177146,usa_FL_0016,0.095,0.0842,0.1129,0.0287,464.0,0.3627663107598853,0.0006314192383656,27.499474760016675,-80.28891731263305
27,20,0.7609711349589293,0.650308588093471,70.04467282508001,8.004959507706415,26.9413734,27.5321659121764,-80.071678,-80.31185773946027,Medium,Medium,0.45,0.0456,0.1122181818181818,0.11,471.0,1.3753461837768557,99.66162531981962,-0.6655307350084131,0.7051616255177146,usa_FL_0016,0.1,0.0836,0.124,0.0404,465.0,0.4445218751026079,0.0011402223506314,27.266577325242224,-80.18904522939363
28,21,0.9127835770198274,0.7798538619120521,70.74511132778672,7.869459704153519,26.9413734,27.5321659121764,-80.071678,-80.31185773946027,Medium,Medium,0.45,0.0456,0.1122181818181818,0.11,471.0,1.3753461837768557,99.66162531981962,-0.6655307350084131,0.7051616255177146,usa_FL_0016,0.09,0.0815,0.1068,0.0253,475.0,0.1407162218977622,0.0014533725460661,27.29881528077725,-80.18874313739478
29,22,0.6618742248024357,0.5665555924489449,73.85677224873956,8.170327182788698,26.9413734,27.243583110251603,-80.071678,-80.18893770041674,Medium,Medium,0.53,0.0395,0.103002915451895,0.1,477.0,1.3000760078430176,98.76053200810549,-0.6246560063186728,0.6593059755368305,usa_FL_0014,0.095,0.0804,0.1209,0.0405,483.0,0.9091215221689084,0.0014264898645525,27.188988156806964,-80.16067304285784
30,21,0.9127835770198274,0.7798538619120521,70.74511132778672,7.869459704153519,26.9413734,27.5321659121764,-80.071678,-80.31185773946027,Medium,Medium,0.53,0.0456,0.1122181818181818,0.11,471.0,1.3753461837768557,99.66162531981962,-0.6655307350084131,0.7051616255177146,usa_FL_0016,0.09,0.0793,0.1061,0.0268,463.0,0.3326245721292678,0.0007460386906574,27.299254408293027,-80.18886034308736
31,31,0.7577145140287495,0.6576378577251097,75.43604240164012,8.299625003675542,26.9413734,27.5321659121764,-80.071678,-80.31185773946027,Medium,Medium,0.53,0.0456,0.1122181818181818,0.11,471.0,1.3753461837768557,99.66162531981962,-0.6655307350084131,0.7051616255177146,usa_FL_0016,0.09,0.0815,0.1068,0.0253,475.0,0.1407162218977622,0.0014533725460661,27.632150205777258,-80.32207824739478
32,21,0.9127835770198274,0.7798538619120521,70.74511132778672,7.869459704153519,26.9413734,27.243583110251603,-80.071678,-80.18893770041674,Medium,Medium,0.53,0.0395,0.103002915451895,0.1,477.0,1.3000760078430176,98.76053200810549,-0.6246560063186728,0.6593059755368305,usa_FL_0014,0.105,0.0885,0.1292,0.0407,485.0,0.7491936726632039,0.0013317775620807,27.15525180178934,-80.12711370852409
33,21,0.9127835770198274,0.7798538619120521,70.74511132778672,7.869459704153519,26.9413734,27.5321659121764,-80.071678,-80.31185773946027,Medium,Medium,0.53,0.0456,0.1122181818181818,0.11,471.0,1.3753461837768557,99.66162531981962,-0.6655307350084131,0.7051616255177146,usa_FL_0016,0.095,0.0825,0.1179,0.0354,462.0,0.4706596551395223,0.0007992938003556,27.299692231996517,-80.18898346856074
34,29,0.497322505803144,0.4310674577879904,83.57146134466214,7.809133800526067,26.9413734,27.243583110251603,-80.071678,-80.18893770041674,Medium,Medium,0.53,0.0395,0.103002915451895,0.1,477.0,1.3000760078430176,98.76053200810549,-0.6246560063186728,0.6593059755368305,usa_FL_0014,0.105,0.0889,0.1288,0.0399,485.0,0.7668934986846816,0.0014859383591045,27.421711807658056,-80.26034870073298
35,26,0.7412527652605863,0.638685497390313,77.39470214607806,8.136738738384048,26.9413734,27.5321659121764,-80.071678,-80.31185773946027,Medium,Medium,0.53,0.0456,0.1122181818181818,0.11,471.0,1.3753461837768557,99.66162531981962,-0.6655307350084131,0.7051616255177146,usa_FL_0016,0.095,0.0841,0.1115,0.0274,464.0,0.1776376729497618,0.0010722272969614,27.465703569569257,-80.25545949126365
36,35,0.7465176890548081,0.6467845515674834,81.12939452421672,8.240016766232861,29.01298,28.19476903218968,-80.88033,-80.59210035987316,High,High,0.493848227786005,0.0167,0.0703753753753753,0.07,863.0,1.4823716878890991,100.84954664550386,-0.7229392090745101,0.7720259177629499,usa_FL_0021,0.075,0.0683,0.0858,0.0175,880.0,-0.5272469618222773,0.0009244881797701,28.09779907280076,-80.52933650536976
37,35,0.7465176890548081,0.6467845515674834,81.12939452421672,8.240016766232861,29.01298,28.19476903218968,-80.88033,-80.59210035987316,High,High,0.493848227786005,0.0167,0.0703753753753753,0.07,863.0,1.4823716878890991,100.84954664550386,-0.7229392090745101,0.7720259177629499,usa_FL_0021,0.085,0.0742,0.098,0.0238,887.0,-0.5854362743423693,0.0004903421758863,28.09757721147382,-80.52928975990689
38,37,0.7070549709039797,0.6078152818925082,87.64787125636957,7.904643339887156,29.01298,28.338821671705198,-80.88033,-80.60311032240936,High,High,0.493848227786005,0.0142,0.0620358306188925,0.06,774.0,1.4877971410751345,100.68184679523422,-0.7242560099655684,0.773685628235573,usa_FL_0022,0.065,0.0607,0.0745,0.0138,751.0,1.914945244894448,0.0011093676555841,28.236090937388045,-80.56872720069617
39,41,0.7112037722937261,0.620837638132984,93.71946754384535,8.463050344325309,29.01298,28.042932866513784,-80.88033,-80.54340597144576,High,High,0.493848227786005,0.0219,0.0781147540983606,0.075,800.0,1.463911533355713,100.63408621001928,-0.7132752193530973,0.7599187751625059,usa_FL_0020,0.07,0.064,0.0814,0.0174,806.0,0.4103892464779408,0.0014026511957225,28.220983378195577,-80.5377751593546
40,37,0.7070549709039797,0.6078152818925082,87.64787125636957,7.904643339887156,29.01298,28.19476903218968,-80.88033,-80.59210035987316,High,High,0.493848227786005,0.0167,0.0703753753753753,0.07,863.0,1.4823716878890991,100.84954664550386,-0.7229392090745101,0.7720259177629499,usa_FL_0021,0.07,0.0638,0.081,0.0172,868.0,-0.5899738628676752,0.0001933536052033,28.164022896800617,-80.56257592582753
41,39,0.733989143066846,0.636615768402351,94.09071854033664,8.248668353623,29.01298,28.042932866513784,-80.88033,-80.54340597144576,High,High,0.493848227786005,0.0219,0.0781147540983606,0.075,800.0,1.463911533355713,100.63408621001928,-0.7132752193530973,0.7599187751625059,usa_FL_0020,0.075,0.0671,0.0882,0.0211,805.0,0.4522812922053874,0.0006964197038832,28.154730458525737,-80.5379761353123
42,43,0.7658193100033989,0.6696588701189633,82.29978227540377,8.571184890126329,29.01298,28.042932866513784,-80.88033,-80.54340597144576,High,High,0.493848227786005,0.0219,0.0781147540983606,0.075,800.0,1.463911533355713,100.63408621001928,-0.7132752193530973,0.7599187751625059,usa_FL_0020,0.07,0.064,0.0814,0.0174,806.0,0.4103892464779408,0.0014026511957225,28.28764997819557,-80.5377751593546
43,36,0.6495381091771704,0.5618537251260445,86.18452297098833,7.704213030948553,29.01298,28.338821671705198,-80.88033,-80.60311032240936,High,High,0.493848227786005,0.0142,0.0620358306188925,0.06,774.0,1.4877971410751345,100.68184679523422,-0.7242560099655684,0.773685628235573,usa_FL_0022,0.075,0.0655,0.0816,0.0161,762.0,1.927969793684148,0.0014731799702137,28.20321155434719,-80.5687027947483
44,39,0.733989143066846,0.636615768402351,94.09071854033664,8.248668353623,29.01298,28.042932866513784,-80.88033,-80.54340597144576,High,Medium,0.493848227786005,0.0219,0.0781147540983606,0.075,800.0,1.463911533355713,100.63408621001928,-0.7132752193530973,0.7599187751625059,usa_FL_0020,0.085,0.0724,0.1014,0.029,810.0,0.5001264325823839,0.0008501495286936,28.155148546846934,-80.53816819015526
45,45,0.7356019635029033,0.6390274835317944,60.27342813436609,8.540567375282537,29.01298,28.042932866513784,-80.88033,-80.54340597144576,High,Medium,0.493848227786005,0.0219,0.0781147540983606,0.075,800.0,1.463911533355713,100.63408621001928,-0.7132752193530973,0.7599187751625059,usa_FL_0020,0.085,0.0724,0.1014,0.029,810.0,0.5001264325823839,0.0008501495286936,28.35515026684694,-80.57150101515526
46,40,0.7077579742128594,0.6115403539849881,93.86267862932162,8.188917632072936,29.01298,28.338821671705198,-80.88033,-80.60311032240936,High,High,0.493848227786005,0.0142,0.0620358306188925,0.06,774.0,1.4877971410751345,100.68184679523422,-0.7242560099655684,0.773685628235573,usa_FL_0022,0.065,0.0618,0.0748,0.013,748.0,1.9237778098919336,0.001491842922573,28.33563923154678,-80.56881049700888
47,37,0.7070549709039797,0.6078152818925082,87.64787125636957,7.904643339887156,29.01298,28.19476903218968,-80.88033,-80.59210035987316,High,High,0.493848227786005,0.0167,0.0703753753753753,0.07,863.0,1.4823716878890991,100.84954664550386,-0.7229392090745101,0.7720259177629499,usa_FL_0021,0.07,0.0638,0.0813,0.0175,868.0,-0.4923329418144744,0.0013728763530149,28.16335568330157,-80.56244636991187
48,46,0.8120940063301232,0.7024809796568475,63.33874022904703,8.423077710653875,29.01298,28.19476903218968,-80.88033,-80.59210035987316,High,High,0.493848227786005,0.0167,0.0703753753753753,0.07,863.0,1.4823716878890991,100.84954664550386,-0.7229392090745101,0.7720259177629499,usa_FL_0021,0.085,0.0742,0.098,0.0238,887.0,-0.5854362743423693,0.0004903421758863,28.46424591147382,-80.62928823490688
49,47,0.8104875802662512,0.703102726733324,68.80369078625775,8.3949121137295,29.01298,29.002698291720574,-80.88033,-80.87185967133094,High,High,0.493848227786005,0.0157,0.0533618233618233,0.055,423.0,1.6167385578155518,99.2225233667954,-0.7547073807148954,0.8494614125936313,usa_FL_0027,0.05,0.0447,0.0622,0.0175,406.0,-0.3132042499306912,0.0010699780770933,28.901838301624903,-80.8025268407002
50,38,0.7315154981635745,0.6340878586850304,90.26576211977935,8.168198982439456,29.01298,29.20304833229949,-80.88033,-80.99464667766327,High,High,0.493848227786005,0.00895,0.0424722222222222,0.04,458.0,1.6763266324996948,99.9674345617162,-0.7873976441280641,0.888383085256689,usa_FL_0029,0.045,0.0395,0.0501,0.0106,465.0,0.0317962711727931,0.0014887585802193,28.70204504179296,-80.76346194105554
51,46,0.8120940063301232,0.7024809796568475,63.33874022904703,8.423077710653875,29.01298,28.19476903218968,-80.88033,-80.59210035987316,High,High,0.493848227786005,0.0167,0.0703753753753753,0.07,863.0,1.4823716878890991,100.84954664550386,-0.7229392090745101,0.7720259177629499,usa_FL_0021,0.07,0.0638,0.0813,0.0175,868.0,-0.4923329418144744,0.0013728763530149,28.46335682330157,-80.62911201991187
52,36,0.6495381091771704,0.5618537251260445,86.18452297098833,7.704213030948553,29.01298,29.002698291720574,-80.88033,-80.87185967133094,High,High,0.493848227786005,0.0157,0.0533618233618233,0.055,423.0,1.6167385578155518,99.2225233667954,-0.7547073807148954,0.8494614125936313,usa_FL_0027,0.06,0.0499,0.069,0.0191,416.0,-0.2575123002144031,0.0008035696801121,28.534568712362407,-80.70215423207993
53,43,0.7658193100033989,0.6696588701189633,82.29978227540377,8.571184890126329,29.01298,29.12146386411891,-80.88033,-80.94939944412026,High,High,0.493848227786005,0.0116,0.0478054298642534,0.05,448.0,1.6591230630874634,99.18135333604528,-0.7791446208832211,0.8663960865973734,usa_FL_0028,0.05,0.0444,0.0587,0.0143,461.0,0.2186863215704836,0.000419024125342,28.827484557030694,-80.74115764887995
54,56,0.6613983276258321,0.5563005826251239,87.67312733338112,7.239679460567085,29.01298,28.338821671705198,-80.88033,-80.60311032240936,High,High,0.493848227786005,0.0142,0.0620358306188925,0.06,774.0,1.4877971410751345,100.68184679523422,-0.7242560099655684,0.773685628235573,usa_FL_0022,0.065,0.0608,0.0758,0.015,760.0,1.918828154451212,0.0013485107253316,28.869661855680693,-80.83544846873176
55,35,0.7465176890548081,0.6467845515674834,81.12939452421672,8.240016766232861,29.01298,29.12146386411891,-80.88033,-80.94939944412026,High,High,0.493848227786005,0.0116,0.0478054298642534,0.05,448.0,1.6591230630874634,99.18135333604528,-0.7791446208832211,0.8663960865973734,usa_FL_0028,0.05,0.0447,0.0588,0.0141,476.0,0.2067077628559223,0.0014112985368606,28.56022297393718,-80.70745352082739
56,40,0.7077579742128594,0.6115403539849881,93.86267862932162,8.188917632072936,29.01298,29.20304833229949,-80.88033,-80.99464667766327,High,High,0.493848227786005,0.00895,0.0424722222222222,0.04,458.0,1.6763266324996948,99.9674345617162,-0.7873976441280641,0.888383085256689,usa_FL_0029,0.04,0.038,0.0489,0.0109,466.0,0.044513174064291,0.0014131377785192,28.76829867521632,-80.76325444843093
57,50,0.7981693003330973,0.696518294382807,76.3168667674311,8.372687121518624,29.01298,28.042932866513784,-80.88033,-80.54340597144576,High,Medium,0.493848227786005,0.0219,0.0781147540983606,0.075,800.0,1.463911533355713,100.63408621001928,-0.7132752193530973,0.7599187751625059,usa_FL_0020,0.085,0.0724,0.1014,0.029,810.0,0.5001264325823839,0.0008501495286936,28.52181724684694,-80.70483613015526
58,38,0.7315154981635745,0.6340878586850304,90.26576211977935,8.168198982439456,29.01298,29.31091818261572,-80.88033,-81.04748790013858,High,High,0.493848227786005,0.0131,0.0632058823529411,0.065,488.0,1.7158149480819702,100.20897177398754,-0.8070692804586043,0.912331236558716,usa_FL_0030,0.065,0.0557,0.0713,0.0156,497.0,0.2643399377488657,0.0014112919664706,28.75576078970653,-80.78975074586735
59,48,0.9191498183750176,0.8003129997231271,74.5980602625529,8.330412869982014,29.01298,29.002698291720574,-80.88033,-80.87185967133094,High,High,0.493848227786005,0.0157,0.0533618233618233,0.055,423.0,1.6167385578155518,99.2225233667954,-0.7547073807148954,0.8494614125936313,usa_FL_0027,0.05,0.0447,0.0622,0.0175,406.0,-0.3132042499306912,0.0010699780770933,28.935172081624906,-80.8025268407002
60,56,0.6613983276258321,0.5563005826251239,87.67312733338112,7.239679460567085,29.01298,29.12146386411891,-80.88033,-80.94939944412026,High,High,0.493848227786005,0.0116,0.0478054298642534,0.05,448.0,1.6591230630874634,99.18135333604528,-0.7791446208832211,0.8663960865973734,usa_FL_0028,0.05,0.0431,0.0556,0.0125,453.0,0.1638795600463655,0.0006643317904392,29.2610177214802,-81.00794761160074
61,52,0.686475998885427,0.5959490892566208,83.78725143648039,8.289445797596091,29.01298,29.12146386411891,-80.88033,-80.94939944412026,High,High,0.493848227786005,0.0116,0.0478054298642534,0.05,448.0,1.6591230630874634,99.18135333604528,-0.7791446208832211,0.8663960865973734,usa_FL_0028,0.055,0.0468,0.0626,0.0158,452.0,0.2013649091906358,0.0010701168335169,29.127883353429816,-80.94140345207373
62,54,0.6739062274788273,0.5738834126483501,91.5109855581262,7.604686119354624,29.01298,29.12146386411891,-80.88033,-80.94939944412026,High,High,0.493848227786005,0.0116,0.0478054298642534,0.05,448.0,1.6591230630874634,99.18135333604528,-0.7791446208832211,0.8663960865973734,usa_FL_0028,0.055,0.0468,0.0626,0.0158,452.0,0.2013649091906358,0.0010701168335169,29.194549953429814,-80.97473627707373
63,51,0.8668794031596091,0.7578580783598641,82.37769752406768,8.281070118671293,29.01298,29.12146386411891,-80.88033,-80.94939944412026,High,High,0.493848227786005,0.0116,0.0478054298642534,0.05,448.0,1.6591230630874634,99.18135333604528,-0.7791446208832211,0.8663960865973734,usa_FL_0028,0.055,0.0468,0.0626,0.0158,452.0,0.2013649091906358,0.0010701168335169,29.094549573429816,-80.90807062707373
64,52,0.686475998885427,0.5959490892566208,83.78725143648039,8.289445797596091,29.01298,29.002698291720574,-80.88033,-80.87185967133094,High,High,0.493848227786005,0.0157,0.0533618233618233,0.055,423.0,1.6167385578155518,99.2225233667954,-0.7547073807148954,0.8494614125936313,usa_FL_0027,0.055,0.0495,0.0676,0.0181,415.0,-0.2721527567042652,0.0011677219898756,29.067704861053443,-80.90203201116282
65,52,0.686475998885427,0.5959490892566208,83.78725143648039,8.289445797596091,29.01298,29.12146386411891,-80.88033,-80.94939944412026,High,High,0.493848227786005,0.0116,0.0478054298642534,0.05,448.0,1.6591230630874634,99.18135333604528,-0.7791446208832211,0.8663960865973734,usa_FL_0028,0.05,0.0444,0.0587,0.0143,461.0,0.2186863215704836,0.000419024125342,29.12748665703069,-80.94115841387995
66,54,0.6739062274788273,0.5738834126483501,91.5109855581262,7.604686119354624,29.01298,29.12146386411891,-80.88033,-80.94939944412026,High,High,0.493848227786005,0.0116,0.0478054298642534,0.05,448.0,1.6591230630874634,99.18135333604528,-0.7791446208832211,0.8663960865973734,usa_FL_0028,0.055,0.0467,0.0617,0.015,470.0,0.1950165670592333,0.0009748163245697,29.19375760202232,-80.97424401113238
67,56,0.6613983276258321,0.5563005826251239,87.67312733338112,7.239679460567085,29.01298,29.12146386411891,-80.88033,-80.94939944412026,High,High,0.493848227786005,0.0116,0.0478054298642534,0.05,448.0,1.6591230630874634,99.18135333604528,-0.7791446208832211,0.8663960865973734,usa_FL_0028,0.055,0.0467,0.0617,0.015,470.0,0.1950165670592333,0.0009748163245697,29.26042420702232,-81.00757683613239
68,59,0.7414926834235944,0.6384861268041353,79.80630223589236,7.98359860273998,29.8541,29.76181717166658,-81.2647,-81.2472253961789,High,High,0.559148072074133,0.0094,0.0470883534136546,0.045,464.0,1.8807613849639893,100.16863073977244,-0.8774461487490562,1.006486778051752,usa_FL_0033,0.04,0.0385,0.0427,0.0042,459.0,0.2934352590581404,0.000571239007524,29.68063454367348,-81.19006753378463
69,51,0.8668794031596091,0.7578580783598641,82.37769752406768,8.281070118671293,29.01298,29.12146386411891,-80.88033,-80.94939944412026,High,High,0.493848227786005,0.0116,0.0478054298642534,0.05,448.0,1.6591230630874634,99.18135333604528,-0.7791446208832211,0.8663960865973734,usa_FL_0028,0.05,0.0431,0.0556,0.0125,453.0,0.1638795600463655,0.0006643317904392,29.0943507364802,-80.90794913660073
70,55,0.7219658150557995,0.6132855781678233,97.88936686173332,7.372420663244346,29.01298,29.12146386411891,-80.88033,-80.94939944412026,High,High,0.493848227786005,0.0116,0.0478054298642534,0.05,448.0,1.6591230630874634,99.18135333604528,-0.7791446208832211,0.8663960865973734,usa_FL_0028,0.05,0.0447,0.0588,0.0141,476.0,0.2067077628559223,0.0014112985368606,29.22689377393718,-80.97411993582739
71,51,0.8668794031596091,0.7578580783598641,82.37769752406768,8.281070118671293,29.01298,29.12146386411891,-80.88033,-80.94939944412026,High,High,0.493848227786005,0.0116,0.0478054298642534,0.05,448.0,1.6591230630874634,99.18135333604528,-0.7791446208832211,0.8663960865973734,usa_FL_0028,0.05,0.045,0.0609,0.0159,465.0,0.2009637971018217,0.0005945543841816,29.093956949050927,-80.90769797713315
72,65,0.7645868361892082,0.6549201924560262,82.85339038307322,7.908433412115281,29.8542,30.321097783196056,-81.2655,-81.39132715572033,High,High,0.571030468730941,0.0109,0.0574773413897281,0.055,571.0,2.124904155731201,99.91413630777004,-0.966878665530373,1.1562009690363697,usa_FL_0037,0.065,0.0588,0.0723,0.0135,576.0,0.3619951780723833,0.0010685401586567,30.15999381063729,-81.32910174631513
73,61,0.7251872731794364,0.6246768912265968,83.87817206947658,8.031119308909645,29.8541,29.76181717166658,-81.2647,-81.2472253961789,High,High,0.559148072074133,0.0094,0.0470883534136546,0.045,464.0,1.8807613849639893,100.16863073977244,-0.8774461487490562,1.006486778051752,usa_FL_0033,0.04,0.0385,0.0427,0.0042,459.0,0.2934352590581404,0.000571239007524,29.747302103673483,-81.22340035378463
74,71,0.4729160391031015,0.404746859501487,91.13334352360148,7.951358770410706,29.8542,29.99280232821163,-81.2655,-81.31420095492341,High,High,0.571030468730941,0.0173,0.0819263456090651,0.08,485.0,1.9793429374694824,99.20708761364932,-0.912419738996736,1.0512287431531933,usa_FL_0035,0.075,0.07,0.086,0.016,496.0,-0.2659326500245333,0.0010576581104407,30.19652208258188,-81.35655209602524
75,77,0.6873779817561251,0.5857566312312703,103.69338398416797,7.6962031430855395,29.8542,29.99280232821163,-81.2655,-81.31420095492341,High,High,0.571030468730941,0.0173,0.0819263456090651,0.08,485.0,1.9793429374694824,99.20708761364932,-0.912419738996736,1.0512287431531933,usa_FL_0035,0.075,0.0695,0.0874,0.0179,484.0,-0.3499531982346714,0.0014128159601093,30.3636263101164,-81.35668159268053
76,65,0.7645868361892082,0.6549201924560262,82.85339038307322,7.908433412115281,29.8542,30.321097783196056,-81.2655,-81.39132715572033,High,High,0.571030468730941,0.0109,0.0574773413897281,0.055,571.0,2.124904155731201,99.91413630777004,-0.966878665530373,1.1562009690363697,usa_FL_0037,0.06,0.0547,0.0643,0.0096,558.0,0.3171321142583825,0.0009473070070063,30.16089541832353,-81.32922388464004
77,62,0.5402758734266385,0.4616117548683886,94.86750843012123,8.183519536819189,29.8541,29.76181717166658,-81.2647,-81.2472253961789,High,High,0.559148072074133,0.0094,0.0470883534136546,0.045,464.0,1.8807613849639893,100.16863073977244,-0.8774461487490562,1.006486778051752,usa_FL_0033,0.045,0.0408,0.0475,0.0067,455.0,0.2948973190355963,0.0014824939358156,29.780201249254304,-81.2565745681794
78,70,0.7275866765486475,0.6246205102542133,93.6602453700255,7.800481776370628,29.8542,29.99280232821163,-81.2655,-81.31420095492341,High,High,0.571030468730941,0.0173,0.0819263456090651,0.08,485.0,1.9793429374694824,99.20708761364932,-0.912419738996736,1.0512287431531933,usa_FL_0035,0.09,0.0797,0.097,0.0173,496.0,-0.1946516788628544,0.0011218850446431,30.16296774198624,-81.32316474818276
79,65,0.7645868361892082,0.6549201924560262,82.85339038307322,7.908433412115281,29.8542,30.56485457069571,-81.2655,-81.44085137146949,High,High,0.571030468730941,0.0183,0.0810643564356435,0.08,800.0,2.235518455505371,99.82654639712992,-1.0107397541232377,1.2209011140782338,usa_FL_0040,0.075,0.0686,0.082,0.0134,794.0,0.9231724256487052,0.0010321167274503,30.281877457032344,-81.35380659588897
80,69,0.7263213855425577,0.6235189848926497,92.73776458866874,7.790013168104234,29.8542,30.321097783196056,-81.2655,-81.39132715572033,High,High,0.571030468730941,0.0109,0.0574773413897281,0.055,571.0,2.124904155731201,99.91413630777004,-0.966878665530373,1.1562009690363697,usa_FL_0037,0.065,0.0573,0.07,0.0127,571.0,0.3175086474003636,0.0014922425529038,30.29310411742203,-81.36240221113215
81,64,0.6423084762352359,0.5493627456156351,81.87528021503327,7.946237935711938,29.8542,29.99280232821163,-81.2655,-81.31420095492341,High,High,0.571030468730941,0.0173,0.0819263456090651,0.08,485.0,1.9793429374694824,99.20708761364932,-0.912419738996736,1.0512287431531933,usa_FL_0035,0.08,0.071,0.0871,0.0161,486.0,-0.2752131068837781,0.0011487839988572,29.963404772675357,-81.28995851113804
82,60,0.5901301372763065,0.5086942905900015,80.82377991567343,8.123483298443421,29.8541,29.76181717166658,-81.2647,-81.2472253961789,High,High,0.559148072074133,0.0094,0.0470883534136546,0.045,464.0,1.8807613849639893,100.16863073977244,-0.8774461487490562,1.006486778051752,usa_FL_0033,0.045,0.0394,0.047,0.0076,468.0,0.3251815988766565,0.0013159490463567,29.714840303381592,-81.22371500724879
83,66,0.8081957219807392,0.6942821752536468,87.13115602874196,7.882044391517773,29.8542,30.321097783196056,-81.2655,-81.39132715572033,High,High,0.571030468730941,0.0109,0.0574773413897281,0.055,571.0,2.124904155731201,99.91413630777004,-0.966878665530373,1.1562009690363697,usa_FL_0037,0.06,0.0558,0.0663,0.0105,569.0,0.2964199894469284,0.0005777940208303,30.19400233142627,-81.32919172430849
84,68,0.7064472976302224,0.606250557944767,93.03562650209037,7.841520746107492,29.8542,30.56485457069571,-81.2655,-81.44085137146949,High,High,0.571030468730941,0.0183,0.0810643564356435,0.08,800.0,2.235518455505371,99.82654639712992,-1.0107397541232377,1.2209011140782338,usa_FL_0040,0.07,0.0635,0.0751,0.0116,806.0,0.8324487336823171,0.0004461136087253,30.38256405117435,-81.38718181253715
85,69,0.7263213855425577,0.6235189848926497,92.73776458866874,7.790013168104234,29.8542,30.56485457069571,-81.2655,-81.44085137146949,High,High,0.571030468730941,0.0183,0.0810643564356435,0.08,800.0,2.235518455505371,99.82654639712992,-1.0107397541232377,1.2209011140782338,usa_FL_0040,0.07,0.0635,0.0751,0.0116,806.0,0.8324487336823171,0.0004461136087253,30.415897831174348,-81.38718181253715
86,79,0.5255790604247274,0.4435951796428267,110.9503624022858,7.599678853066138,29.8542,29.99280232821163,-81.2655,-81.31420095492341,High,High,0.571030468730941,0.0173,0.0819263456090651,0.08,485.0,1.9793429374694824,99.20708761364932,-0.912419738996736,1.0512287431531933,usa_FL_0035,0.08,0.0734,0.0887,0.0153,493.0,-0.1878607782468353,0.0013498911962693,30.429415946520265,-81.35644068246336
87,78,0.603202360672426,0.5122321326640702,107.35308051159184,7.630788646501488,29.8542,29.99280232821163,-81.2655,-81.31420095492341,High,High,0.571030468730941,0.0173,0.0819263456090651,0.08,485.0,1.9793429374694824,99.20708761364932,-0.912419738996736,1.0512287431531933,usa_FL_0035,0.09,0.0797,0.097,0.0173,496.0,-0.1946516788628544,0.0011218850446431,30.396302281986237,-81.35649757318276
88,68,0.7064472976302224,0.606250557944767,93.03562650209037,7.841520746107492,29.8542,30.56485457069571,-81.2655,-81.44085137146949,High,High,0.571030468730941,0.0183,0.0810643564356435,0.08,800.0,2.235518455505371,99.82654639712992,-1.0107397541232377,1.2209011140782338,usa_FL_0040,0.075,0.0686,0.082,0.0134,794.0,0.9231724256487052,0.0010321167274503,30.381877837032345,-81.38713942088897
89,80,0.4248162878607845,0.3539550184536185,115.65550623595668,7.283453469695511,29.8542,30.56485457069571,-81.2655,-81.44085137146949,High,High,0.571030468730941,0.0183,0.0810643564356435,0.08,800.0,2.235518455505371,99.82654639712992,-1.0107397541232377,1.2209011140782338,usa_FL_0040,0.075,0.0686,0.082,0.0134,794.0,0.9231724256487052,0.0010321167274503,30.748546537032347,-81.42047224588896
90,73,0.6131647640803002,0.5244721299141765,95.9211683684379,7.807738731394278,29.8542,30.321097783196056,-81.2655,-81.39132715572033,High,High,0.571030468730941,0.0109,0.0574773413897281,0.055,571.0,2.124904155731201,99.91413630777004,-0.966878665530373,1.1562009690363697,usa_FL_0037,0.06,0.0561,0.069,0.0129,568.0,0.307381763890292,0.0006727381816393,30.42688586014116,-81.39579161942783
91,74,0.6193804647184534,0.5292038400471605,96.84043042622577,7.727019857289903,29.8542,30.321097783196056,-81.2655,-81.39132715572033,High,High,0.571030468730941,0.0109,0.0574773413897281,0.055,571.0,2.124904155731201,99.91413630777004,-0.966878665530373,1.1562009690363697,usa_FL_0037,0.06,0.0558,0.0663,0.0105,569.0,0.2964199894469284,0.0005777940208303,30.46067065142627,-81.39585737430849
92,70,0.7275866765486475,0.6246205102542133,93.6602453700255,7.800481776370628,29.8542,30.56485457069571,-81.2655,-81.44085137146949,High,High,0.571030468730941,0.0183,0.0810643564356435,0.08,800.0,2.235518455505371,99.82654639712992,-1.0107397541232377,1.2209011140782338,usa_FL_0040,0.07,0.0671,0.077,0.0099,811.0,0.7764386596182613,0.0013052742643515,30.449688831785195,-81.38719198346784
93,80,0.4248162878607845,0.3539550184536185,115.65550623595668,7.283453469695511,29.8542,29.99280232821163,-81.2655,-81.31420095492341,High,High,0.571030468730941,0.0173,0.0819263456090651,0.08,485.0,1.9793429374694824,99.20708761364932,-0.912419738996736,1.0512287431531933,usa_FL_0035,0.075,0.0695,0.0874,0.0179,484.0,-0.3499531982346714,0.0014128159601093,30.4636276451164,-81.35668159268053
94,72,0.570780142654015,0.488442049625832,92.2970438017717,7.9217245611869425,29.8542,30.56485457069571,-81.2655,-81.44085137146949,High,High,0.571030468730941,0.0183,0.0810643564356435,0.08,800.0,2.235518455505371,99.82654639712992,-1.0107397541232377,1.2209011140782338,usa_FL_0040,0.07,0.0635,0.0751,0.0116,806.0,0.8324487336823171,0.0004461136087253,30.515898211174346,-81.42051463753714
95,69,0.7263213855425577,0.6235189848926497,92.73776458866874,7.790013168104234,29.8542,30.56485457069571,-81.2655,-81.44085137146949,High,High,0.571030468730941,0.0183,0.0810643564356435,0.08,800.0,2.235518455505371,99.82654639712992,-1.0107397541232377,1.2209011140782338,usa_FL_0040,0.07,0.0661,0.0765,0.0104,807.0,0.7812641173656067,0.000862122939879,30.41612682774986,-81.38718886402575
96,91,0.5377636167980456,0.4456469095251381,120.80599763306742,7.074915685804844,32.00237,31.188190863583387,-80.84147,-81.33782335643565,High,High,0.687677810326219,0.015,0.0608396946564885,0.06,839.0,2.4999654293060303,98.43888607128852,-1.1574001479908234,1.303537972785339,usa_GA_0006,0.065,0.0586,0.0689,0.0103,853.0,0.1650336173307722,0.0009858010909577,31.36027263886301,-81.23573410848225
97,89,0.3460293554567342,0.2803719290808668,125.47161169053392,6.697699292131993,32.00237,31.59250054658946,-80.84147,-81.15161797516075,High,High,0.687677810326219,0.00585,0.0347135416666666,0.035,694.0,2.556210517883301,98.39997995918937,-1.21041120557671,1.3048994317351486,usa_GA_0011,0.03,0.0291,0.0352,0.0061,686.0,-3.1816165485271357,0.0011709275121831,31.52912758421779,-81.17535472562511
98,91,0.5377636167980456,0.4456469095251381,120.80599763306742,7.074915685804844,32.00237,31.671649684101023,-80.84147,-81.13507088998506,High,High,0.687677810326219,0.01305,0.0435416666666666,0.045,723.0,2.5919134616851807,98.6856311567076,-1.237902837545236,1.3199433211544538,usa_GA_0012,0.045,0.0423,0.0541,0.0118,786.0,-4.653880945868379,0.0010769045867473,31.6020227367597,-81.13448272776907
99,92,0.3316534926714346,0.2713298952367936,125.64365311917577,6.740568198950857,32.00237,31.671649684101023,-80.84147,-81.13507088998506,High,High,0.687677810326219,0.01305,0.0435416666666666,0.045,723.0,2.5919134616851807,98.6856311567076,-1.237902837545236,1.3199433211544538,usa_GA_0012,0.05,0.0435,0.0546,0.0111,787.0,-4.915293971183405,0.001432587626171,31.635129939717004,-81.13444461183514
101,99,0.5304679302362272,0.44432019238918,125.78855357105368,7.319504935790256,32.00237,31.411354097256545,-80.84147,-81.25287919715413,High,High,0.687677810326219,0.00575,0.0291304347826086,0.03,651.0,2.5368857383728027,98.8195165231138,-1.1978738414474703,1.3090643799563588,usa_GA_0009,0.03,0.0281,0.0332,0.0051,580.0,0.204927808027941,0.001022052848625,31.63846246222628,-81.09304550180346
102,98,0.2980225002091771,0.2378875880237926,142.1131409630123,5.884165392537743,32.00237,31.411354097256545,-80.84147,-81.25287919715413,High,High,0.687677810326219,0.00575,0.0291304347826086,0.03,651.0,2.5368857383728027,98.8195165231138,-1.1978738414474703,1.3090643799563588,usa_GA_0009,0.03,0.0281,0.0332,0.0051,580.0,0.204927808027941,0.001022052848625,31.63846246222628,-81.12637832680346
103,88,0.2640926170182693,0.2109170754170797,130.43604974445876,6.057700258130349,32.00237,31.188190863583387,-80.84147,-81.33782335643565,High,High,0.687677810326219,0.015,0.0608396946564885,0.06,839.0,2.4999654293060303,98.43888607128852,-1.1574001479908234,1.303537972785339,usa_GA_0006,0.065,0.0584,0.07,0.0116,864.0,-0.1069724781758373,0.0010713152881565,31.2942892815816,-81.30171829485985
104,99,0.5304679302362272,0.44432019238918,125.78855357105368,7.319504935790256,32.00237,31.411354097256545,-80.84147,-81.25287919715413,High,High,0.687677810326219,0.00575,0.0291304347826086,0.03,651.0,2.5368857383728027,98.8195165231138,-1.1978738414474703,1.3090643799563588,usa_GA_0009,0.025,0.0235,0.0288,0.0053,562.0,0.408324564247416,0.0004304270479717,31.63890372035341,-81.09285732731107
105,83,0.2259288699715337,0.1774213522945758,137.96500239405918,4.980350860068815,32.00237,32.18465461781192,-80.84147,-80.70079753765053,High,High,0.687677810326219,0.0086,0.0436,0.04,486.0,2.479688882827759,98.5938325834764,-1.2103175163058133,1.234502789420464,usa_SC_0003,0.04,0.0366,0.042,0.0054,504.0,1.737262037375215,0.0006527008666544,31.65927847240389,-81.05039554551628
106,82,0.2492911988259453,0.2011831327877071,134.40723417723947,5.906535278232668,32.00237,31.88138316424621,-80.84147,-80.96597981550957,High,High,0.687677810326219,0.0031,0.0310059171597633,0.03,548.0,2.5413951873779297,98.25882025231677,-1.2153955844937314,1.2817493445729773,usa_GA_0015,0.03,0.0249,0.0305,0.0056,539.0,1.726753674232978,0.0004825323249736,31.473818962994844,-81.18277013866427
107,98,0.2980225002091771,0.2378875880237926,142.1131409630123,5.884165392537743,32.00237,31.188190863583387,-80.84147,-81.33782335643565,High,High,0.687677810326219,0.015,0.0608396946564885,0.06,839.0,2.4999654293060303,98.43888607128852,-1.1574001479908234,1.303537972785339,usa_GA_0006,0.06,0.0523,0.0673,0.015,855.0,0.043151060325443,0.0006333100957975,31.52745549744112,-81.16855575448446
108,99,0.5304679302362272,0.44432019238918,125.78855357105368,7.319504935790256,32.00237,31.671649684101023,-80.84147,-81.13507088998506,High,High,0.687677810326219,0.01305,0.0435416666666666,0.045,723.0,2.5919134616851807,98.6856311567076,-1.237902837545236,1.3199433211544538,usa_GA_0012,0.05,0.0435,0.0546,0.0111,787.0,-4.915293971183405,0.001432587626171,31.768464099717,-81.03444232183513
109,100,0.3573683569728083,0.291608306130718,132.64679245122363,6.869399501273757,32.00237,32.09829011603141,-80.84147,-80.85873415949891,High,High,0.687677810326219,0.02295,0.0881,0.09,554.0,2.553478479385376,98.9536316385642,-1.24857980857017,1.2781798798908452,usa_SC_0001,0.095,0.0853,0.1102,0.0249,562.0,-0.3436335707506514,0.0006901356995743,32.0155093629827,-80.89620982219424
110,110,0.6715104747854411,0.5615023784400227,133.41807682802295,7.445296870736299,32.00237,31.88138316424621,-80.84147,-80.96597981550957,High,High,0.687677810326219,0.0031,0.0310059171597633,0.03,548.0,2.5413951873779297,98.25882025231677,-1.2153955844937314,1.2817493445729773,usa_GA_0015,0.03,0.0265,0.0305,0.004,545.0,1.5920616734898356,0.0006911047900437,32.07364313045628,-80.71626803354172
111,100,0.3573683569728083,0.291608306130718,132.64679245122363,6.869399501273757,32.00237,31.88138316424621,-80.84147,-80.96597981550957,High,High,0.687677810326219,0.0031,0.0310059171597633,0.03,548.0,2.5413951873779297,98.25882025231677,-1.2153955844937314,1.2817493445729773,usa_GA_0015,0.025,0.0249,0.0273,0.0024,530.0,1.4618793846088216,0.001492682381567,31.906671902741135,-80.94998036237243
112,100,0.3573683569728083,0.291608306130718,132.64679245122363,6.869399501273757,32.00237,31.671649684101023,-80.84147,-81.13507088998506,High,High,0.687677810326219,0.01305,0.0435416666666666,0.045,723.0,2.5919134616851807,98.6856311567076,-1.237902837545236,1.3199433211544538,usa_GA_0012,0.05,0.0465,0.0563,0.0098,780.0,-4.430604272308913,0.0008042559341452,31.80225174117559,-81.0345044798747
113,98,0.2980225002091771,0.2378875880237926,142.1131409630123,5.884165392537743,32.00237,32.09829011603141,-80.84147,-80.85873415949891,High,High,0.687677810326219,0.02295,0.0881,0.09,554.0,2.553478479385376,98.9536316385642,-1.24857980857017,1.2781798798908452,usa_SC_0001,0.095,0.0853,0.1102,0.0249,562.0,-0.3436335707506514,0.0006901356995743,31.982176537982703,-80.92954264719424
114,96,0.4639684304410139,0.3853672845030448,125.15720669432515,7.199338230063589,32.00237,31.88138316424621,-80.84147,-80.96597981550957,High,High,0.687677810326219,0.0031,0.0310059171597633,0.03,548.0,2.5413951873779297,98.25882025231677,-1.2153955844937314,1.2817493445729773,usa_GA_0015,0.025,0.0249,0.0269,0.002,541.0,1.6780627644078314,0.0007062725964808,31.840652946428605,-80.98259099804952
115,98,0.2980225002091771,0.2378875880237926,142.1131409630123,5.884165392537743,32.00237,31.671649684101023,-80.84147,-81.13507088998506,High,High,0.687677810326219,0.01305,0.0435416666666666,0.045,723.0,2.5919134616851807,98.6856311567076,-1.237902837545236,1.3199433211544538,usa_GA_0012,0.05,0.0447,0.054,0.0093,781.0,-4.255605648147606,0.0007666499613976,31.76914570195788,-81.06787220126756
116,111,0.5268367827494689,0.4402854803102959,132.98418303751592,7.527116716447953,32.00237,32.127782712513344,-80.84147,-80.77768816396342,High,High,0.687677810326219,0.0037,0.0329285714285714,0.035,453.0,2.510958671569824,97.64004746795894,-1.2000877040982072,1.2516135347234008,usa_SC_0002,0.03,0.0278,0.0305,0.0027,437.0,1.1299879905043857,0.0014351016442238,32.23055516192557,-80.58808232287355
117,108,0.3137181517975751,0.2457140661837989,148.60799929749956,6.3386658376622735,32.00237,31.88138316424621,-80.84147,-80.96597981550957,High,High,0.687677810326219,0.0031,0.0310059171597633,0.03,548.0,2.5413951873779297,98.25882025231677,-1.2153955844937314,1.2817493445729773,usa_GA_0015,0.025,0.0249,0.0273,0.0024,530.0,1.4618793846088216,0.001492682381567,32.07333983774114,-80.78331242237243
118,101,0.5534454874189209,0.4626136378997308,126.31599749481236,7.420603980528679,32.00237,32.30631967068794,-80.84147,-80.49772996746613,High,High,0.687677810326219,0.0132,0.0418518518518518,0.035,444.5,2.394057512283325,97.11794171551676,-1.1405682166721696,1.1844911627431007,usa_SC_0005,0.03,0.029,0.0309,0.0019,430.0,-1.167850774547067,0.0013855622399673,32.11920190172052,-80.68178556500357
119,96,0.4639684304410139,0.3853672845030448,125.15720669432515,7.199338230063589,32.00237,32.09829011603141,-80.84147,-80.85873415949891,High,Medium,0.687677810326219,0.02295,0.0881,0.09,554.0,2.553478479385376,98.9536316385642,-1.24857980857017,1.2781798798908452,usa_SC_0001,0.1,0.0824,0.1209,0.0385,564.0,-0.718058601162835,0.0007639460193851,31.949337680815404,-80.92901648947236
120,117,0.5871915263864892,0.4854455777874238,140.71832891979182,7.217884769631073,32.65302,32.58305704123454,-79.94277,-80.13000404538502,High,High,1.06082628750927,0.005,0.0305142857142857,0.025,437.0,2.1835639476776123,96.06438769961062,-1.0223219628409843,1.0753053735249596,usa_SC_0009,0.03,0.0249,0.0304,0.0055,442.0,2.1312861287851668,0.0014105390990675,32.55858439487751,-80.13218420123806
121,114,0.3675348525184818,0.2996335006677524,139.9618267065161,6.8910256193554735,32.65302,32.6064480646222,-79.94277,-80.04451741378453,High,High,1.06082628750927,0.0025,0.0328804347826087,0.03,446.5,2.153021812438965,95.83565028398164,-1.0048835330649175,1.058478921641932,usa_SC_0010,0.025,0.0249,0.0258,0.0009,456.0,-0.2253172689801092,0.0012002506819335,32.536981665778995,-80.18849578306495
122,120,0.7155895050429116,0.5942796801778785,136.7944385591021,7.369948178030591,32.65302,32.6064480646222,-79.94277,-80.04451741378453,High,High,1.06082628750927,0.0025,0.0328804347826087,0.03,446.5,2.153021812438965,95.83565028398164,-1.0048835330649175,1.058478921641932,usa_SC_0010,0.025,0.0249,0.0275,0.0026,461.0,-0.1731260086432885,0.0008954458506606,32.603621486137115,-79.9887607179723
123,113,0.2319066441438889,0.1751270568262286,155.8003563892749,3.689200245078176,32.65302,32.52018869478529,-79.94277,-80.26768130885652,High,Medium,1.06082628750927,0.01855,0.0779058441558441,0.065,544.0,2.249189853668213,96.49924364803256,-1.0610926226989126,1.1093585742992027,usa_SC_0008,0.08,0.0677,0.0943,0.0266,542.0,-3.841064717368684,0.0011579682007545,32.49354922293418,-80.33435278240117
124,120,0.7155895050429116,0.5942796801778785,136.7944385591021,7.369948178030591,32.65302,32.58305704123454,-79.94277,-80.13000404538502,High,High,1.06082628750927,0.005,0.0305142857142857,0.025,437.0,2.1835639476776123,96.06438769961062,-1.0223219628409843,1.0753053735249596,usa_SC_0009,0.025,0.0249,0.0263,0.0014,440.0,2.1402931402937684,0.0012384371663201,32.59202266625803,-80.03194106686237
125,116,0.412883465652882,0.3373976551445971,145.50782712331255,7.06109174495199,32.65302,32.52018869478529,-79.94277,-80.26768130885652,High,High,1.06082628750927,0.01855,0.0779058441558441,0.065,544.0,2.249189853668213,96.49924364803256,-1.0610926226989126,1.1093585742992027,usa_SC_0008,0.06,0.0523,0.0698,0.0175,542.0,-4.1728139399261375,0.0014642952653359,32.527360401350165,-80.2334304520896
126,119,0.5312925077807675,0.4349976176449511,145.18893835842374,7.136657783997592,32.65302,32.6064480646222,-79.94277,-80.04451741378453,High,High,1.06082628750927,0.0025,0.0328804347826087,0.03,446.5,2.153021812438965,95.83565028398164,-1.0048835330649175,1.058478921641932,usa_SC_0010,0.03,0.0288,0.0303,0.0015,465.0,-0.1089029584589191,0.0008295527492878,32.60357453168044,-80.0223657599764
127,113,0.2319066441438889,0.1751270568262286,155.8003563892749,3.689200245078176,32.65302,32.6064480646222,-79.94277,-80.04451741378453,High,High,1.06082628750927,0.0025,0.0328804347826087,0.03,446.5,2.153021812438965,95.83565028398164,-1.0048835330649175,1.058478921641932,usa_SC_0010,0.025,0.0249,0.0275,0.0026,461.0,-0.1731260086432885,0.0008954458506606,32.53695393113712,-80.22209811797231
128,117,0.5871915263864892,0.4854455777874238,140.71832891979182,7.217884769631073,32.65302,32.52018869478529,-79.94277,-80.26768130885652,High,High,1.06082628750927,0.01855,0.0779058441558441,0.065,544.0,2.249189853668213,96.49924364803256,-1.0610926226989126,1.1093585742992027,usa_SC_0008,0.06,0.0537,0.0707,0.017,539.0,-4.077044246303304,0.0008052951172488,32.52711618637248,-80.20055393383589
129,116,0.412883465652882,0.3373976551445971,145.50782712331255,7.06109174495199,32.65302,32.52018869478529,-79.94277,-80.26768130885652,High,Medium,1.06082628750927,0.01855,0.0779058441558441,0.065,544.0,2.249189853668213,96.49924364803256,-1.0610926226989126,1.1093585742992027,usa_SC_0008,0.08,0.0677,0.0943,0.0266,542.0,-3.841064717368684,0.0011579682007545,32.52688204793418,-80.23435049740117
130,118,0.4008731936963603,0.3216158934616909,148.36976322814192,6.851339330823255,32.65302,32.6064480646222,-79.94277,-80.04451741378453,High,High,1.06082628750927,0.0025,0.0328804347826087,0.03,446.5,2.153021812438965,95.83565028398164,-1.0048835330649175,1.058478921641932,usa_SC_0010,0.025,0.0249,0.0258,0.0009,456.0,-0.2253172689801092,0.0012002506819335,32.60364922077899,-80.05516067306496
131,115,0.5954546085950998,0.494114741998867,135.9155702531497,7.211110223551622,32.65302,32.58305704123454,-79.94277,-80.13000404538502,High,High,1.06082628750927,0.005,0.0305142857142857,0.025,437.0,2.1835639476776123,96.06438769961062,-1.0223219628409843,1.0753053735249596,usa_SC_0009,0.03,0.0289,0.0306,0.0017,433.0,2.0050851529390563,0.0012784985547757,32.52545988890894,-80.19836915423869
132,140,0.5635238448069678,0.455588188428976,134.40909268408583,6.7375883663621305,33.64748,33.58381774836329,-78.9294,-78.98960664791514,High,High,0.715489602487852,0.0064,0.0570036764705882,0.055,755.0,2.0390050411224365,97.1242812555457,-0.9824354881271742,0.9979335028273362,usa_SC_0025,0.055,0.0496,0.0565,0.0069,750.0,0.1607165450022964,0.0012541523250513,33.59144644450379,-78.96187804986863
133,132,0.6696811037446537,0.5499692956945192,136.72515502839684,7.268552939097011,33.39867,33.419431413351724,-79.13822,-79.12647852077072,High,High,0.828347630600884,0.00765,0.0561475409836065,0.06,849.5,1.985640406608581,97.35710197362802,-0.9583076550521764,0.9748543004393024,usa_SC_0023,0.065,0.0627,0.0728,0.0101,816.0,-0.3413332581254797,0.0010311157641684,33.24272950526763,-79.19609495398801
134,133,0.5259412385340604,0.4314743751423311,135.03231928318797,7.364971724752019,33.39867,33.419431413351724,-79.13822,-79.12647852077072,High,High,0.828347630600884,0.00765,0.0561475409836065,0.06,849.5,1.985640406608581,97.35710197362802,-0.9583076550521764,0.9748543004393024,usa_SC_0023,0.075,0.0678,0.0792,0.0114,878.0,-0.4079732259039262,0.0010517166420705,33.27627654538361,-79.16267084613106
135,135,0.6030892168343011,0.4908241040172779,119.55982881034274,7.133093576840674,33.39867,33.419431413351724,-79.13822,-79.12647852077072,High,High,0.828347630600884,0.00765,0.0561475409836065,0.06,849.5,1.985640406608581,97.35710197362802,-0.9583076550521764,0.9748543004393024,usa_SC_0023,0.065,0.0624,0.0717,0.0093,882.0,-0.2889186226353519,0.0014496968738074,33.342319219716714,-79.12965068167387
136,142,0.508726498442147,0.4084481654166548,137.958508997067,6.713001507895482,33.64748,33.58381774836329,-78.9294,-78.98960664791514,High,High,0.715489602487852,0.0064,0.0570036764705882,0.055,755.0,2.0390050411224365,97.1242812555457,-0.9824354881271742,0.9979335028273362,usa_SC_0025,0.055,0.0515,0.0569,0.0054,750.0,0.1058757889134553,0.0007554391771696,33.65827875652618,-78.8950211073917
137,139,0.5143274446038805,0.4167212195873105,131.6802512348761,6.95554025860983,33.64748,33.701592715574485,-78.9294,-78.8642232242852,High,High,0.715489602487852,0.01085,0.0672183098591549,0.07,500.0,2.0457913875579834,96.44198232900844,-0.9853019229116704,0.987699845565376,usa_SC_0026,0.07,0.0641,0.076,0.0119,503.0,1.0020166838444582,0.0012709140408677,33.61806323878233,-78.93200502842168
138,128,0.3236397998546948,0.2522137640320068,152.305565690626,6.572125177570741,33.39867,33.419431413351724,-79.13822,-79.12647852077072,High,High,0.828347630600884,0.00765,0.0561475409836065,0.06,849.5,1.985640406608581,97.35710197362802,-0.9583076550521764,0.9748543004393024,usa_SC_0023,0.07,0.065,0.0754,0.0104,864.0,-0.3275691882003813,0.0013268863564257,33.20980856305056,-79.29587211755293
139,137,0.4947460896385521,0.396273281944298,122.81421820550166,7.071208393773853,33.39867,33.419431413351724,-79.13822,-79.12647852077072,High,High,0.828347630600884,0.00765,0.0561475409836065,0.06,849.5,1.985640406608581,97.35710197362802,-0.9583076550521764,0.9748543004393024,usa_SC_0023,0.07,0.065,0.0754,0.0104,864.0,-0.3275691882003813,0.0013268863564257,33.40980932305055,-79.12920418255294
141,140,0.5635238448069678,0.455588188428976,134.40909268408583,6.7375883663621305,33.64748,33.58381774836329,-78.9294,-78.98960664791514,High,High,0.715489602487852,0.0064,0.0570036764705882,0.055,755.0,2.0390050411224365,97.1242812555457,-0.9824354881271742,0.9979335028273362,usa_SC_0025,0.055,0.0519,0.0571,0.0052,743.0,0.1443277211850815,0.0002732755820076,33.59179191445786,-78.96152885579312
142,140,0.5635238448069678,0.455588188428976,134.40909268408583,6.7375883663621305,33.64748,33.701592715574485,-78.9294,-78.8642232242852,High,High,0.715489602487852,0.01085,0.0672183098591549,0.07,500.0,2.0457913875579834,96.44198232900844,-0.9853019229116704,0.987699845565376,usa_SC_0026,0.065,0.062,0.07,0.008,513.0,1.111499215217658,0.0014070180777401,33.65075750143697,-78.89943268336154
143,129,0.3747762354619742,0.3008040894438465,152.05749348626685,7.069901497074351,33.39867,33.419431413351724,-79.13822,-79.12647852077072,High,High,0.828347630600884,0.00765,0.0561475409836065,0.06,849.5,1.985640406608581,97.35710197362802,-0.9583076550521764,0.9748543004393024,usa_SC_0023,0.075,0.0678,0.0792,0.0114,878.0,-0.4079732259039262,0.0010517166420705,33.20961090038361,-79.26266931613105
144,158,0.5997999567823254,0.4853345421270358,123.73511645161452,7.73342210080881,33.84428,34.135370133001366,-78.58661,-77.84366524821138,High,High,0.602138535923576,0.0203,0.0635344827586207,0.065,501.0,1.6983696222305298,95.69263053044432,-0.8019547855060454,0.8232597821363187,usa_NC_0010,0.065,0.0567,0.0728,0.0161,494.0,-1.6257803424915902,0.0011804070361195,34.10127078386904,-77.85459691236079
145,145,0.6704350028944908,0.5360025267244016,150.7922518730109,6.6397864493302645,33.84377,33.84663305661862,-78.5865,-78.5723698650178,High,High,0.621131370602788,0.00245,0.0323571428571428,0.03,521.0,2.0169217586517334,95.78240521031,-0.9642269241959994,0.9676292474507144,usa_SC_0028,0.03,0.0299,0.0306,0.0007,528.0,1.319233612141262,0.0009877740436414,33.82285615131775,-78.58638177496512
146,160,0.602168334688104,0.4849472843331577,129.39672628848533,7.694714010177122,34.63162,34.43151349969336,-77.14279,-77.53318808591484,High,High,0.597254149530125,0.0075,0.0576875,0.055,908.0,1.6912624835968018,100.62763040541964,-0.8114103063455396,0.890467054833771,usa_NC_0015,0.055,0.0534,0.0601,0.0067,921.0,-0.6141974250036913,0.0009045801267476,34.31531816411372,-77.66634394354901
147,144,0.5861416575121088,0.4688269430713779,147.38029921763348,6.604736574882169,33.84377,33.91315344971092,-78.5865,-78.180318767459,High,High,0.621131370602788,0.0135,0.0654975124378109,0.065,514.0,1.898556113243103,95.19644594002392,-0.8967721000428756,0.9105858439416148,usa_NC_0004,0.065,0.0581,0.0684,0.0103,515.0,-0.0526400032172967,0.0010391273429947,33.85651421487766,-78.42292313991338
148,148,0.6438315207137799,0.5098618366766747,157.36563925254356,6.647003655203795,33.84377,33.89978105461785,-78.5865,-78.07084810207937,Medium,Medium,0.621131370602788,0.0345,0.0780622009569377,0.08,492.0,1.835316181182861,95.02477308955224,-0.8625789691710666,0.8814260674737828,usa_NC_0005,0.085,0.0702,0.1123,0.0421,486.0,1.9804749720910797,0.0006617395943684,33.88305877810068,-78.23567490513102
149,143,0.6657741459528395,0.5362931803597224,141.71658851429686,6.719318178000566,33.84377,33.96320580506285,-78.5865,-77.92069581676877,Medium,High,0.621131370602788,0.0289,0.0880864197530864,0.09,442.0,1.7293413877487185,95.09621573989284,-0.8122857182371515,0.8322524987356265,usa_NC_0008,0.08,0.0698,0.0885,0.0187,446.0,0.8490342129867681,0.00129597748341,33.84798256506517,-78.32636737327772
150,143,0.6657741459528395,0.5362931803597224,141.71658851429686,6.719318178000566,33.84377,33.84663305661862,-78.5865,-78.5723698650178,High,High,0.621131370602788,0.00245,0.0323571428571428,0.03,521.0,2.0169217586517334,95.78240521031,-0.9642269241959994,0.9676292474507144,usa_SC_0028,0.03,0.0299,0.0307,0.0008,527.0,1.3791303630067735,0.0013846467438813,33.78947760666503,-78.65330550631391
151,147,0.600969474919983,0.4766085295643676,154.92607836651752,6.717245365718594,33.84377,33.84663305661862,-78.5865,-78.5723698650178,High,High,0.621131370602788,0.00245,0.0323571428571428,0.03,521.0,2.0169217586517334,95.78240521031,-0.9642269241959994,0.9676292474507144,usa_SC_0028,0.03,0.0299,0.0314,0.0015,537.0,1.2494344362603125,0.0008930474934745,33.85626486808671,-78.51919378304243
152,150,0.73020311737261,0.5743719067368646,162.28076422064294,6.53158328343889,33.84377,33.89978105461785,-78.5865,-78.07084810207937,Medium,Medium,0.621131370602788,0.0345,0.0780622009569377,0.08,492.0,1.835316181182861,95.02477308955224,-0.8625789691710666,0.8814260674737828,usa_NC_0005,0.085,0.0689,0.1081,0.0392,483.0,1.9086317192384823,0.0011296238206912,33.88312764488164,-78.16926705933713
153,161,0.6043949811411982,0.4929073949750743,132.75623135332955,7.731062007513809,34.63162,34.26923893577092,-77.14279,-77.74158175486775,High,High,0.597254149530125,0.00485,0.0418309859154929,0.04,755.0,1.6995309591293335,96.07124743459887,-0.8078191800722869,0.8249414129004669,usa_NC_0012,0.04,0.0388,0.0417,0.0029,745.0,0.910287807195446,0.0006675078558448,34.26805606029723,-77.73710130086549
154,149,0.7096488409951848,0.5600430946884294,158.21487933360572,6.622928293969268,33.84377,33.96320580506285,-78.5865,-77.92069581676877,Medium,High,0.621131370602788,0.0289,0.0880864197530864,0.09,442.0,1.7293413877487185,95.09621573989284,-0.8122857182371515,0.8322524987356265,usa_NC_0008,0.08,0.0698,0.0885,0.0187,446.0,0.8490342129867681,0.00129597748341,33.91464821506517,-78.12636660827772
155,153,0.6622158682486899,0.5094468095806542,177.73437886502154,6.247415063982156,33.84377,33.91315344971092,-78.5865,-78.180318767459,High,High,0.621131370602788,0.0135,0.0654975124378109,0.065,514.0,1.898556113243103,95.19644594002392,-0.8967721000428756,0.9105858439416148,usa_NC_0004,0.065,0.0595,0.0697,0.0102,513.0,-0.0242741689706818,0.0004991654971521,33.88984978017295,-78.1231906818758
156,167,0.8452984918255204,0.6878842428657415,145.29260617758106,7.516673587127603,34.63162,34.49495391792198,-77.14279,-77.4125493333743,High,High,0.597254149530125,0.008,0.0549649122807017,0.055,893.0,1.6814781427383425,100.70218338038627,-0.8104395812457956,0.8828456215556829,usa_NC_0016,0.065,0.0617,0.0707,0.009,891.0,-1.0567581650329576,0.0012471064966917,34.48020671913255,-77.37313442004276
157,171,0.8405057036334797,0.6730769358409574,153.7893482988826,7.330767466314545,34.63162,34.49495391792198,-77.14279,-77.4125493333743,High,High,0.597254149530125,0.008,0.0549649122807017,0.055,893.0,1.6814781427383425,100.70218338038627,-0.8104395812457956,0.8828456215556829,usa_NC_0016,0.07,0.0636,0.0754,0.0118,886.0,-1.0585805092169975,0.000875040816485,34.547290423464744,-77.23914503921006
158,163,0.7572831391757542,0.6163104544958221,137.46086643385922,7.537271761375726,34.63162,34.49495391792198,-77.14279,-77.4125493333743,High,High,0.597254149530125,0.008,0.0549649122807017,0.055,893.0,1.6814781427383425,100.70218338038627,-0.8104395812457956,0.8828456215556829,usa_NC_0016,0.07,0.0648,0.0767,0.0119,895.0,-1.0526148613353152,0.0008309565167135,34.41376442113683,-77.50599360152465
159,169,0.8617819041896333,0.697826680823821,147.47842548542272,7.455170681520323,34.63162,34.43151349969336,-77.14279,-77.53318808591484,High,High,0.597254149530125,0.0075,0.0576875,0.055,908.0,1.6912624835968018,100.62763040541964,-0.8114103063455396,0.890467054833771,usa_NC_0015,0.055,0.0526,0.0579,0.0053,929.0,-0.541473967649955,0.0010724053272734,34.48185700966055,-77.36656377555809
160,171,0.8405057036334797,0.6730769358409574,153.7893482988826,7.330767466314545,34.63162,34.3188354616574,-77.14279,-77.68945443393493,High,High,0.597254149530125,0.0149,0.0459633027522935,0.045,818.0,1.6988941431045532,96.27688579800504,-0.8110304487404919,0.8246119252452754,usa_NC_0013,0.05,0.0473,0.0585,0.0112,886.0,-2.3069397894811177,0.001095497852596,34.45992905277559,-77.37793172359423
161,168,0.7345467171310014,0.597359842181844,144.68986532448238,7.592237696830477,34.63162,34.3188354616574,-77.14279,-77.68945443393493,High,High,0.597254149530125,0.0149,0.0459633027522935,0.045,818.0,1.6988941431045532,96.27688579800504,-0.8110304487404919,0.8246119252452754,usa_NC_0013,0.05,0.0456,0.0559,0.0103,886.0,-2.361324198314953,0.0014908794947371,34.42672977628897,-77.47769126332236
162,169,0.8617819041896333,0.697826680823821,147.47842548542272,7.455170681520323,34.63162,34.43151349969336,-77.14279,-77.53318808591484,High,High,0.597254149530125,0.0075,0.0576875,0.055,908.0,1.6912624835968018,100.62763040541964,-0.8114103063455396,0.890467054833771,usa_NC_0015,0.055,0.0534,0.0601,0.0067,921.0,-0.6141974250036913,0.0009045801267476,34.48198610411372,-77.366340893549
163,168,0.7345467171310014,0.597359842181844,144.68986532448238,7.592237696830477,34.63162,34.43151349969336,-77.14279,-77.53318808591484,High,High,0.597254149530125,0.0075,0.0576875,0.055,908.0,1.6912624835968018,100.62763040541964,-0.8114103063455396,0.890467054833771,usa_NC_0015,0.055,0.0526,0.0579,0.0053,929.0,-0.541473967649955,0.0010724053272734,34.48185700966055,-77.3998966005581
164,169,0.8617819041896333,0.697826680823821,147.47842548542272,7.455170681520323,34.63162,34.43151349969336,-77.14279,-77.53318808591484,High,High,0.597254149530125,0.0075,0.0576875,0.055,908.0,1.6912624835968018,100.62763040541964,-0.8114103063455396,0.890467054833771,usa_NC_0015,0.055,0.0528,0.0583,0.0055,927.0,-0.4719030891694334,0.0014078903459727,34.48173649352954,-77.36679407227885
165,166,0.721499299819714,0.5883980907908228,144.7614314272851,7.584594398365246,34.63162,34.49495391792198,-77.14279,-77.4125493333743,High,High,0.597254149530125,0.008,0.0549649122807017,0.055,893.0,1.6814781427383425,100.70218338038627,-0.8104395812457956,0.8828456215556829,usa_NC_0016,0.065,0.0617,0.0707,0.009,891.0,-1.0567581650329576,0.0012471064966917,34.48020671913255,-77.40646724504276
166,164,0.7083787032213567,0.5767549182925931,141.2030529422589,7.545740710483783,34.63162,34.37099065238953,-77.14279,-77.62072834544465,High,High,0.597254149530125,0.0108,0.0516201117318435,0.05,929.0,1.6964056491851809,100.47337998695618,-0.8108275331230953,0.8936085609029223,usa_NC_0014,0.055,0.051,0.0655,0.0145,945.0,0.621364173735585,0.0011909501729138,34.38487389980577,-77.57705943454575
167,171,0.8405057036334797,0.6730769358409574,153.7893482988826,7.330767466314545,34.63162,34.3188354616574,-77.14279,-77.68945443393493,High,High,0.597254149530125,0.0149,0.0459633027522935,0.045,818.0,1.6988941431045532,96.27688579800504,-0.8110304487404919,0.8246119252452754,usa_NC_0013,0.055,0.0484,0.0591,0.0107,889.0,-2.2503750804859823,0.0007393835405906,34.459741973833275,-77.37810800460649
168,190,1.1178926713034982,0.898288120178445,149.5724793910452,7.64642684898343,35.224,35.210144655193446,-75.643,-75.68580414858448,High,High,0.263,0.01915,0.0686046511627907,0.065,541.0,1.3458420038223269,92.57939363879896,-0.5756260178486452,0.6703463486263262,usa_NC_0030,0.065,0.0581,0.0748,0.0167,548.0,-0.5988692430752333,0.0014586708845979,35.1710686540207,-75.74249411587297
169,188,1.1257992847262428,0.9092582874512108,142.98476675722137,7.898359318148279,35.0530517,35.102276047992966,-76.04479,-75.9576335617355,High,High,0.16635598,0.0011,0.0113583815028901,0.01,544.0,0.2812045216560364,108.48720103772594,-0.1622675401526612,0.1428033745834986,usa_NC_0028,0.01,0.01,0.0111,0.0011,538.0,-0.661892950168972,0.0005332842719003,35.08442328906095,-75.94569270377673
170,189,0.9170830078011614,0.7372914289410848,146.83004982319218,7.771111615138365,35.0530517,35.102276047992966,-76.04479,-75.9576335617355,High,High,0.16635598,0.0011,0.0113583815028901,0.01,544.0,0.2812045216560364,108.48720103772594,-0.1622675401526612,0.1428033745834986,usa_NC_0028,0.01,0.01,0.0108,0.0008,536.0,-0.5817994889026551,0.0011031681861628,35.118113038845706,-75.91165800031152
171,198,0.9582350220287496,0.7942075795500637,109.8669772354709,8.565028217951424,35.224,35.210144655193446,-75.643,-75.68580414858448,High,High,0.263,0.01915,0.0686046511627907,0.065,541.0,1.3458420038223269,92.57939363879896,-0.5756260178486452,0.6703463486263262,usa_NC_0030,0.065,0.058,0.0765,0.0185,547.0,-0.616391352146568,0.0014761068401884,35.33764598605632,-75.57607894573138
172,195,1.3255009238157485,1.1052172025054523,117.6553069296785,8.232203269755843,35.224,35.210144655193446,-75.643,-75.68580414858448,High,High,0.263,0.01915,0.0686046511627907,0.065,541.0,1.3458420038223269,92.57939363879896,-0.5756260178486452,0.6703463486263262,usa_NC_0030,0.065,0.0581,0.0748,0.0167,548.0,-0.5988692430752333,0.0014586708845979,35.237736209020696,-75.57582999087296
173,200,0.54329470302705,0.4492550264288344,101.45987044380826,8.447767028063305,35.224,35.210144655193446,-75.643,-75.68580414858448,High,High,0.263,0.01915,0.0686046511627907,0.065,541.0,1.3458420038223269,92.57939363879896,-0.5756260178486452,0.6703463486263262,usa_NC_0030,0.065,0.058,0.0765,0.0185,547.0,-0.616391352146568,0.0014761068401884,35.40431354605632,-75.57607894573138
174,188,1.1257992847262428,0.9092582874512108,142.98476675722137,7.898359318148279,35.0530517,35.102276047992966,-76.04479,-75.9576335617355,High,High,0.16635598,0.0011,0.0113583815028901,0.01,544.0,0.2812045216560364,108.48720103772594,-0.1622675401526612,0.1428033745834986,usa_NC_0028,0.01,0.01,0.0108,0.0008,536.0,-0.5817994889026551,0.0011031681861628,35.08478021384571,-75.94499082531152
175,190,1.1178926713034982,0.898288120178445,149.5724793910452,7.64642684898343,35.224,35.210144655193446,-75.643,-75.68580414858448,High,High,0.263,0.01915,0.0686046511627907,0.065,541.0,1.3458420038223269,92.57939363879896,-0.5756260178486452,0.6703463486263262,usa_NC_0030,0.065,0.058,0.0765,0.0185,547.0,-0.616391352146568,0.0014761068401884,35.17097805105632,-75.7427430707314
176,201,0.8809529445217391,0.7255852700628806,88.937432281623,8.380413590182977,35.224,35.210144655193446,-75.643,-75.68580414858448,High,High,0.263,0.01915,0.0686046511627907,0.065,541.0,1.3458420038223269,92.57939363879896,-0.5756260178486452,0.6703463486263262,usa_NC_0030,0.065,0.058,0.0765,0.0185,547.0,-0.616391352146568,0.0014761068401884,35.437646371056324,-75.57607894573138
177,192,0.9307670649903697,0.7491107948371335,153.42697539203652,7.742272068428127,35.224,35.210144655193446,-75.643,-75.68580414858448,High,High,0.263,0.01915,0.0686046511627907,0.065,541.0,1.3458420038223269,92.57939363879896,-0.5756260178486452,0.6703463486263262,usa_NC_0030,0.065,0.058,0.0765,0.0185,547.0,-0.616391352146568,0.0014761068401884,35.204310876056326,-75.67607742073139
179,192,0.9307670649903697,0.7491107948371335,153.42697539203652,7.742272068428127,35.224,35.210144655193446,-75.643,-75.68580414858448,High,High,0.263,0.01915,0.0686046511627907,0.065,541.0,1.3458420038223269,92.57939363879896,-0.5756260178486452,0.6703463486263262,usa_NC_0030,0.065,0.0581,0.0748,0.0167,548.0,-0.5988692430752333,0.0014586708845979,35.2044014790207,-75.67582846587297
180,208,1.0427926495696076,0.8494386132105933,85.68636323989152,8.071005032770712,36.102,36.13101130249169,-75.711,-75.72665860304024,High,High,0.421217832,0.0176,0.0586071428571428,0.06,492.0,0.8258429169654846,92.6017820479747,-0.368528487665037,0.3962167703619776,usa_NC_0044,0.055,0.0476,0.0618,0.0142,480.0,-0.2123126842808125,0.0012192226381439,36.13222426266192,-75.69599975817944
181,209,0.6974545911924657,0.5698819957828919,92.16063526816316,8.19293923529854,36.1814,36.18174213899711,-75.7501,-75.75024231868835,High,High,0.355,0.01615,0.05365,0.05,493.0,0.8258429169654846,92.6017820479747,-0.368528487665037,0.3962167703619776,usa_NC_0045,0.045,0.0414,0.0543,0.0129,497.0,-0.2698332031773793,0.0014945964439539,36.1909227896906,-75.74098561215308
182,208,1.0427926495696076,0.8494386132105933,85.68636323989152,8.071005032770712,36.102,36.13101130249169,-75.711,-75.72665860304024,High,High,0.39578605,0.0176,0.0586071428571428,0.06,492.0,0.8258429169654846,92.6017820479747,-0.368528487665037,0.3962167703619776,usa_NC_0044,0.055,0.0476,0.0618,0.0142,480.0,-0.2123126842808125,0.0012192226381439,36.13222426266192,-75.69599975817944
183,208,1.0427926495696076,0.8494386132105933,85.68636323989152,8.071005032770712,36.102,36.13101130249169,-75.711,-75.72665860304024,High,High,0.357153695,0.0176,0.0586071428571428,0.06,492.0,0.8258429169654846,92.6017820479747,-0.368528487665037,0.3962167703619776,usa_NC_0044,0.055,0.0482,0.0622,0.014,483.0,-0.1973610869322246,0.0011682362184246,36.13243648034452,-75.6960981794282
184,208,1.0427926495696076,0.8494386132105933,85.68636323989152,8.071005032770712,36.102,36.13101130249169,-75.711,-75.72665860304024,High,High,0.39578605,0.0176,0.0586071428571428,0.06,492.0,0.8258429169654846,92.6017820479747,-0.368528487665037,0.3962167703619776,usa_NC_0044,0.055,0.0485,0.0647,0.0162,481.0,-0.2431757018887204,0.0013295586807788,36.13265512576202,-75.69617835849495
185,202,1.1430326340179862,0.9399434299771988,85.19671576891277,8.303804793857102,36.10122,36.07570082832616,-75.71153,-75.69511231481094,Medium,Medium,0.645084085683909,0.04415,0.0916538461538461,0.09,572.0,1.3962838649749756,87.89191078698431,-0.56509671687069,0.662123852066172,usa_NC_0043,0.09,0.0746,0.115,0.0404,598.0,0.4289056764616734,0.0014870920334058,35.90487208803266,-75.58019550045464
186,209,0.6974545911924657,0.5698819957828919,92.16063526816316,8.19293923529854,36.1814,36.18174213899711,-75.7501,-75.75024231868835,High,High,0.278,0.01615,0.05365,0.05,493.0,0.8258429169654846,92.6017820479747,-0.368528487665037,0.3962167703619776,usa_NC_0045,0.05,0.0428,0.057,0.0142,501.0,-0.2822774326412721,0.0014480858115217,36.19134020896856,-75.74120084892527
187,211,0.399555281066846,0.3275310958728225,102.57584201313468,7.66925408156451,36.32843,36.310666598168304,-75.81131,-75.80319124294134,High,High,0.23134549,0.0144,0.0560199004975124,0.055,470.0,1.408286452293396,85.53382956766252,-0.5463996984481926,0.6581616354809218,usa_NC_0047,0.06,0.0533,0.0695,0.0162,471.0,0.3072431426282244,0.0010364041106738,36.32208558261473,-75.80103036957001
188,211,0.399555281066846,0.3275310958728225,102.57584201313468,7.66925408156451,36.32843,36.310666598168304,-75.81131,-75.80319124294134,High,High,0.23134549,0.0144,0.0560199004975124,0.055,470.0,1.408286452293396,85.53382956766252,-0.5463996984481926,0.6581616354809218,usa_NC_0047,0.055,0.0492,0.0619,0.0127,462.0,0.2742974316738681,0.0010960235808302,36.322303978689625,-75.80109962050697
189,209,0.6974545911924657,0.5698819957828919,92.16063526816316,8.19293923529854,36.1814,36.18174213899711,-75.7501,-75.75024231868835,High,High,0.278,0.01615,0.05365,0.05,493.0,0.8258429169654846,92.6017820479747,-0.368528487665037,0.3962167703619776,usa_NC_0045,0.05,0.0433,0.0569,0.0136,500.0,-0.3792370813776309,0.0014034500764433,36.19113267312444,-75.74108888839822
190,208,1.0427926495696076,0.8494386132105933,85.68636323989152,8.071005032770712,36.102,36.13101130249169,-75.711,-75.72665860304024,High,High,0.357153695,0.0176,0.0586071428571428,0.06,492.0,0.8258429169654846,92.6017820479747,-0.368528487665037,0.3962167703619776,usa_NC_0044,0.055,0.0485,0.0647,0.0162,481.0,-0.2431757018887204,0.0013295586807788,36.13265512576202,-75.69617835849495
191,208,1.0427926495696076,0.8494386132105933,85.68636323989152,8.071005032770712,36.102,36.13101130249169,-75.711,-75.72665860304024,High,High,0.421217832,0.0176,0.0586071428571428,0.06,492.0,0.8258429169654846,92.6017820479747,-0.368528487665037,0.3962167703619776,usa_NC_0044,0.06,0.0532,0.0705,0.0173,479.0,-0.2567715606439249,0.0014866839350322,36.13202344022845,-75.69587073951567
192,223,0.4402652102305622,0.3365558472577538,142.6420094309051,6.658452065198017,36.88386,36.875407370157184,-75.98381,-75.98112002694323,Medium,High,1.00996914622761,0.02935,0.0732281553398058,0.07,507.0,1.361758589744568,92.8136063379304,-0.5822269439651673,0.6816703127933086,usa_VA_0004,0.055,0.0473,0.0689,0.0216,512.0,2.546645800419424,0.0014944921562157,37.0038702957955,-75.92326124542382
193,222,0.2876172906244948,0.1908621068179582,172.61823894275184,3.2476088953402757,36.88386,36.875407370157184,-75.98381,-75.98112002694323,Medium,Medium,1.00996914622761,0.02935,0.0732281553398058,0.07,507.0,1.361758589744568,92.8136063379304,-0.5822269439651673,0.6816703127933086,usa_VA_0004,0.06,0.0508,0.0777,0.0269,513.0,2.6203011140814465,0.001326238345551,37.00496464648438,-75.95693006420075
194,224,0.461845147428976,0.3704929332780059,133.3011558328055,7.0409505711100415,36.88386,36.875407370157184,-75.98381,-75.98112002694323,Medium,High,1.00996914622761,0.02935,0.0732281553398058,0.07,507.0,1.361758589744568,92.8136063379304,-0.5822269439651673,0.6816703127933086,usa_VA_0004,0.055,0.0467,0.0681,0.0214,512.0,2.5758901181151947,0.0011356968422103,37.03742151521382,-75.88999452495523
195,211,0.399555281066846,0.3275310958728225,102.57584201313468,7.66925408156451,36.32843,36.48401827132967,-75.81131,-75.85196280568151,High,High,0.23134549,0.0128,0.0400217391304347,0.04,460.0,0.8207416534423828,96.53270127412092,-0.4027935781776626,0.3894905103721534,usa_NC_0049,0.035,0.0314,0.04,0.0086,467.0,-0.4461769870152738,0.0008323935373529,36.40823278332769,-75.82594257966863
196,224,0.461845147428976,0.3704929332780059,133.3011558328055,7.0409505711100415,36.88386,36.875407370157184,-75.98381,-75.98112002694323,Medium,Medium,1.00996914622761,0.02935,0.0732281553398058,0.07,507.0,1.361758589744568,92.8136063379304,-0.5822269439651673,0.6816703127933086,usa_VA_0004,0.06,0.0508,0.0777,0.0269,513.0,2.6203011140814465,0.001326238345551,37.038297471484384,-75.89026059920076
197,223,0.4402652102305622,0.3365558472577538,142.6420094309051,6.658452065198017,36.88386,36.875407370157184,-75.98381,-75.98112002694323,Medium,High,1.00996914622761,0.02935,0.0732281553398058,0.07,507.0,1.361758589744568,92.8136063379304,-0.5822269439651673,0.6816703127933086,usa_VA_0004,0.055,0.0476,0.0686,0.021,514.0,2.578329300321023,0.0008970839099054,37.00430899277166,-75.92339016784581
198,219,0.7791769924316669,0.6185917105190482,103.17003380237502,7.392489539209603,36.88386,36.875407370157184,-75.98381,-75.98112002694323,Medium,Medium,1.00996914622761,0.02935,0.0732281553398058,0.07,507.0,1.361758589744568,92.8136063379304,-0.5822269439651673,0.6816703127933086,usa_VA_0004,0.06,0.0509,0.0784,0.0275,512.0,2.623369127398944,0.0010024987926834,36.87141007773688,-75.95686623297848
199,213,0.8272227276635038,0.6705542235359016,87.37504511446963,7.745887916245858,36.32843,36.310666598168304,-75.81131,-75.80319124294134,High,High,0.23134549,0.0144,0.0560199004975124,0.055,470.0,1.408286452293396,85.53382956766252,-0.5463996984481926,0.6581616354809218,usa_NC_0047,0.06,0.0523,0.067,0.0147,472.0,0.2704289009149722,0.001478875074031,36.38832113076548,-75.80086904861682
200,222,0.2876172906244948,0.1908621068179582,172.61823894275184,3.2476088953402757,36.88386,36.875407370157184,-75.98381,-75.98112002694323,Medium,High,1.00996914622761,0.02935,0.0732281553398058,0.07,507.0,1.361758589744568,92.8136063379304,-0.5822269439651673,0.6816703127933086,usa_VA_0004,0.055,0.0473,0.0689,0.0216,512.0,2.546645800419424,0.0014944921562157,37.0038702957955,-75.95659407042382
201,214,0.5279307765393003,0.4298289095217391,96.32491563282288,7.652060974360222,36.32843,36.310666598168304,-75.81131,-75.80319124294134,High,High,0.23134549,0.0144,0.0560199004975124,0.055,470.0,1.408286452293396,85.53382956766252,-0.5463996984481926,0.6581616354809218,usa_NC_0047,0.06,0.0539,0.0676,0.0137,473.0,0.3195832671480509,0.0012025910703932,36.42187126122973,-75.83428012705777
202,212,0.5889353040913468,0.4823048197368645,89.85907447045462,7.803683008422461,36.32843,36.48401827132967,-75.81131,-75.85196280568151,High,High,0.23134549,0.0128,0.0400217391304347,0.04,460.0,0.8207416534423828,96.53270127412092,-0.4027935781776626,0.3894905103721534,usa_NC_0049,0.035,0.0314,0.04,0.0086,467.0,-0.4461769870152738,0.0008323935373529,36.4415675133277,-75.82594257966863
203,214,0.5279307765393003,0.4298289095217391,96.32491563282288,7.652060974360222,36.32843,36.310666598168304,-75.81131,-75.80319124294134,High,High,0.23134549,0.0144,0.0560199004975124,0.055,470.0,1.408286452293396,85.53382956766252,-0.5463996984481926,0.6581616354809218,usa_NC_0047,0.06,0.0523,0.067,0.0147,472.0,0.2704289009149722,0.001478875074031,36.42165395576547,-75.83420568861682
204,225,0.3612395109502903,0.2824306133216258,133.85672925374325,6.6735136645120265,36.88386,36.875407370157184,-75.98381,-75.98112002694323,Medium,High,1.00996914622761,0.02935,0.0732281553398058,0.07,507.0,1.361758589744568,92.8136063379304,-0.5822269439651673,0.6816703127933086,usa_VA_0004,0.055,0.0473,0.0689,0.0216,512.0,2.546645800419424,0.0014944921562157,37.0705359457955,-75.88992460542381
205,225,0.3612395109502903,0.2824306133216258,133.85672925374325,6.6735136645120265,36.88386,36.875407370157184,-75.98381,-75.98112002694323,Medium,Medium,1.00996914622761,0.02935,0.0732281553398058,0.07,507.0,1.361758589744568,92.8136063379304,-0.5822269439651673,0.6816703127933086,usa_VA_0004,0.06,0.0509,0.0784,0.0275,512.0,2.623369127398944,0.0010024987926834,37.07141083773689,-75.89019676797848
206,225,0.3612395109502903,0.2824306133216258,133.85672925374325,6.6735136645120265,36.88386,36.875407370157184,-75.98381,-75.98112002694323,Medium,Medium,1.00996914622761,0.02935,0.0732281553398058,0.07,507.0,1.361758589744568,92.8136063379304,-0.5822269439651673,0.6816703127933086,usa_VA_0004,0.06,0.0508,0.0777,0.0269,513.0,2.6203011140814465,0.001326238345551,37.07163029648439,-75.89026059920076
207,225,0.3612395109502903,0.2824306133216258,133.85672925374325,6.6735136645120265,36.88386,36.875407370157184,-75.98381,-75.98112002694323,Medium,High,1.00996914622761,0.02935,0.0732281553398058,0.07,507.0,1.361758589744568,92.8136063379304,-0.5822269439651673,0.6816703127933086,usa_VA_0004,0.055,0.0476,0.0686,0.021,514.0,2.578329300321023,0.0008970839099054,37.07097464277166,-75.89005352784582
208,225,0.3612395109502903,0.2824306133216258,133.85672925374325,6.6735136645120265,36.88386,36.875407370157184,-75.98381,-75.98112002694323,Medium,High,1.00996914622761,0.02935,0.0732281553398058,0.07,507.0,1.361758589744568,92.8136063379304,-0.5822269439651673,0.6816703127933086,usa_VA_0004,0.06,0.0483,0.0717,0.0234,513.0,2.637942247174234,0.0008272051067056,37.07119221041592,-75.89012817896611
209,225,0.3612395109502903,0.2824306133216258,133.85672925374325,6.6735136645120265,36.88386,36.875407370157184,-75.98381,-75.98112002694323,Medium,High,1.00996914622761,0.02935,0.0732281553398058,0.07,507.0,1.361758589744568,92.8136063379304,-0.5822269439651673,0.6816703127933086,usa_VA_0004,0.055,0.0467,0.0681,0.0214,512.0,2.5758901181151947,0.0011356968422103,37.070754340213824,-75.88999452495523
216,243,1.02798167190228,0.8333507687704291,121.9665962328282,7.697310717699618,37.949323,37.96234217853523,-75.283756,-75.29166378020899,Medium,Medium,0.12,0.0278,0.074,0.075,418.0,1.4797189235687256,97.88391859806964,-0.6851610306785377,0.7632458359477057,usa_VA_0020,0.07,0.0594,0.0862,0.0268,424.0,1.7523408947538088,0.0011738666453547,38.18066021244343,-75.14544587452104
217,249,0.6765771923605722,0.5319042504823679,130.8890762128013,7.502858927156635,37.949323,37.96234217853523,-75.283756,-75.29166378020899,Medium,Medium,0.12,0.0278,0.074,0.075,418.0,1.4797189235687256,97.88391859806964,-0.6851610306785377,0.7632458359477057,usa_VA_0020,0.065,0.0554,0.0825,0.0271,422.0,1.8616620367189287,0.0011295159809818,38.38085391058685,-75.1786275865739
218,237,0.561874335595383,0.4571616062638436,134.15997542430677,7.902900652347259,37.949323,37.96234217853523,-75.283756,-75.29166378020899,Medium,Medium,0.12,0.0278,0.074,0.075,418.0,1.4797189235687256,97.88391859806964,-0.6851610306785377,0.7632458359477057,usa_VA_0020,0.07,0.0594,0.0862,0.0268,424.0,1.7523408947538088,0.0011738666453547,37.98065944744343,-75.27878098952104
219,239,0.953775889441722,0.7749956343020817,124.29478245203651,7.806971636642544,37.949323,37.96234217853523,-75.283756,-75.29166378020899,Medium,Medium,0.12,0.0278,0.074,0.075,418.0,1.4797189235687256,97.88391859806964,-0.6851610306785377,0.7632458359477057,usa_VA_0020,0.07,0.0594,0.0862,0.0268,424.0,1.7523408947538088,0.0011738666453547,38.04732700744343,-75.21211533952103
220,242,0.7784284039910777,0.6284871364411557,126.447502250626,7.960418044905962,37.949323,37.96234217853523,-75.283756,-75.29166378020899,Medium,Medium,0.12,0.0278,0.074,0.075,418.0,1.4797189235687256,97.88391859806964,-0.6851610306785377,0.7632458359477057,usa_VA_0020,0.07,0.0563,0.0938,0.0375,421.0,2.0439512475029065,0.0012857106268167,38.14770853321578,-75.17847370973737
221,240,0.7617994739661521,0.6121665186453761,125.9335392544243,7.892468083914034,37.949323,37.96234217853523,-75.283756,-75.29166378020899,Medium,Medium,0.12,0.0278,0.074,0.075,418.0,1.4797189235687256,97.88391859806964,-0.6851610306785377,0.7632458359477057,usa_VA_0020,0.07,0.0563,0.0938,0.0375,421.0,2.0439512475029065,0.0012857106268167,38.08104097821578,-75.21180653473738
222,236,0.9185804883824028,0.7470600064594786,131.06207511199773,7.758894347695806,37.949323,37.96234217853523,-75.283756,-75.29166378020899,Medium,Medium,0.12,0.0278,0.074,0.075,418.0,1.4797189235687256,97.88391859806964,-0.6851610306785377,0.7632458359477057,usa_VA_0020,0.07,0.0563,0.0938,0.0375,421.0,2.0439512475029065,0.0012857106268167,37.94770776821578,-75.27847218473737
223,235,0.7999634199240901,0.6495679381613086,132.42398987126188,7.884401459626823,37.949323,37.96234217853523,-75.283756,-75.29166378020899,Medium,Medium,0.12,0.0278,0.074,0.075,418.0,1.4797189235687256,97.88391859806964,-0.6851610306785377,0.7632458359477057,usa_VA_0020,0.07,0.0599,0.086,0.0261,428.0,1.6640791485503623,0.0014019631394021,37.913802178862056,-75.3122700607799
224,246,0.9099231690110466,0.7309685538287779,122.16161278989236,7.552626928404051,37.949323,37.96234217853523,-75.283756,-75.29166378020899,Medium,Medium,0.12,0.0278,0.074,0.075,418.0,1.4797189235687256,97.88391859806964,-0.6851610306785377,0.7632458359477057,usa_VA_0020,0.07,0.0563,0.0938,0.0375,421.0,2.0439512475029065,0.0012857106268167,38.28104173821578,-75.14513706973736
226,247,0.8914118476722844,0.7144113453836567,125.26854638190484,7.485423903255487,37.949323,37.96234217853523,-75.283756,-75.29166378020899,Medium,Medium,0.12,0.0278,0.074,0.075,418.0,1.4797189235687256,97.88391859806964,-0.6851610306785377,0.7632458359477057,usa_VA_0020,0.07,0.0599,0.086,0.0261,428.0,1.6640791485503623,0.0014019631394021,38.31380370886205,-75.14560212077988
227,244,0.973558741894066,0.7867942492557711,121.1600967857938,7.670129554962754,37.949323,37.96234217853523,-75.283756,-75.29166378020899,Medium,Medium,0.12,0.0278,0.074,0.075,418.0,1.4797189235687256,97.88391859806964,-0.6851610306785377,0.7632458359477057,usa_VA_0020,0.07,0.0599,0.086,0.0261,428.0,1.6640791485503623,0.0014019631394021,38.21380332386205,-75.14560212077988
