,Unnamed: 0,beach_id,beach_slope_average,width_ci_average,quality_flag,mstr,hsig_median,prc_mstr_obs,min_tide_obs,max_tide_obs,sl_points_average,beach_length,coastal_region,primary_comp_id,secondary_comp_id,d50,distance_to_sample,latitude,longitude,hs_mean,hs_max,tp,dir,Wdir_weighted_mean,geometry,dataset_left,index_right,ID_Region,Descriptio,dataset_right
275,301,aus0427,0.0560427833612749,0.0133,High,2.8512842655181885,1.3720000982284546,88.79,-1.5941332043695464,0.937473115326059,178.0,22727.19915595378,Central and Western VIC,VIC03.01,VIC03.01.03,0.18175,1.985842589542592,-38.719088734138566,145.8156371804051,1.8029840728781177,5.030202786946157,11.401887029655668,229.44799962211465,244.53766479383447,POINT (145.8156371804051 -38.719088734138566),Short (2022),5,3,Southern Coasts,Short (2022)
276,303,aus0429,0.0970672693226162,0.0355,Medium,2.8441762924194336,0.8360000252723694,88.71,-1.5863178241815823,0.9367195860907896,230.0,550.7290849438843,Central and Western VIC,VIC03.01,VIC03.01.03,0.29937,662.0238336648634,-38.66409627658109,145.67670380543578,1.3251497645575236,3.42421360189627,12.156084517747605,228.60315658678908,233.26622991143037,POINT (145.67670380543578 -38.66409627658109),Short (2022),5,3,Southern Coasts,Short (2022)
277,304,aus0431,0.1131334960042364,0.0303,Medium,2.840671300888061,1.5520000457763672,88.6,-1.5816086055922711,0.9352079708494264,296.0,274.7206627516598,Central and Western VIC,VIC03.01,VIC03.01.03,0.18686,7.608729898795548,-38.67255736146841,145.6395909633233,1.3251497645575236,3.42421360189627,12.156084517747605,228.60315658678908,233.26622991143037,POINT (145.6395909633233 -38.67255736146841),Short (2022),5,3,Southern Coasts,Short (2022)
278,305,aus0433,0.0299955306136715,0.00435,High,2.840671300888061,1.6140000820159912,86.69,-1.5816086055922711,0.8808560665202324,267.0,323.8198220695629,Central and Western VIC,VIC03.01,VIC03.01.03,0.41466,248.95842606865085,-38.67739348469656,145.6088828775148,1.3251497645575236,3.42421360189627,12.156084517747605,228.60315658678908,233.26622991143037,POINT (145.6088828775148 -38.67739348469656),Short (2022),5,3,Southern Coasts,Short (2022)
279,306,aus0434,0.0856038047286644,0.0185,High,2.840671300888061,1.6140000820159912,86.69,-1.5816086055922711,0.8808560665202324,284.0,821.6405608447528,Central and Western VIC,VIC03.01,VIC03.01.04,0.41466,68.24353342898878,-38.67398460496749,145.60014372703256,1.3251497645575236,3.42421360189627,12.156084517747605,228.60315658678908,233.26622991143037,POINT (145.60014372703256 -38.67398460496749),Short (2022),5,3,Southern Coasts,Short (2022)
280,307,aus0435,0.0604782173950726,0.03505,Medium,2.82299280166626,1.5260000228881836,86.5,-1.5657501184379703,0.8761304136614484,192.0,654.0024029038814,Central and Western VIC,VIC03.01,VIC03.01.04,0.41466,308.6103922175564,-38.66732722766447,145.5881344794085,1.3251497645575236,3.42421360189627,12.156084517747605,228.60315658678908,233.26622991143037,POINT (145.5881344794085 -38.66732722766447),Short (2022),5,3,Southern Coasts,Short (2022)
281,308,aus0437,0.049697473137445,0.0167,High,2.82299280166626,1.5260000228881836,88.43,-1.5657501184379703,0.9307234289852976,199.0,471.1171784547234,Central and Western VIC,VIC03.01,VIC03.01.04,0.70222,321.7179750127194,-38.65237653734997,145.56311204567905,1.3251497645575236,3.42421360189627,12.156084517747605,228.60315658678908,233.26622991143037,POINT (145.56311204567905 -38.65237653734997),Short (2022),5,3,Southern Coasts,Short (2022)
282,309,aus0438,0.0767906110322342,0.0179,High,2.82299280166626,1.5260000228881836,88.43,-1.5657501184379703,0.9307234289852976,276.5,581.6217551137526,Central and Western VIC,VIC03.01,VIC03.01.04,0.70222,7.246350604098084,-38.64464144312823,145.5578608922486,1.3251497645575236,3.42421360189627,12.156084517747605,228.60315658678908,233.26622991143037,POINT (145.5578608922486 -38.64464144312823),Short (2022),5,3,Southern Coasts,Short (2022)
283,310,aus0439,0.0546688218827652,0.00975,High,2.82299280166626,1.5260000228881836,88.43,-1.5657501184379703,0.9307234289852976,277.5,356.472025644266,Central and Western VIC,VIC03.01,VIC03.01.04,0.70222,6.750509011288168,-38.64044703894434,145.55540273337002,1.3251497645575236,3.42421360189627,12.156084517747605,228.60315658678908,233.26622991143037,POINT (145.55540273337002 -38.64044703894434),Short (2022),5,3,Southern Coasts,Short (2022)
284,311,aus0440,0.081935540401259,0.01935,High,2.7989654541015625,1.5260000228881836,88.29,-1.5454797700410454,0.9257034523891576,251.0,5958.819162846918,Central and Western VIC,VIC03.01,VIC03.01.04,0.76844,0.0,-38.60583673446434,145.53174744573454,1.3251497645575236,3.42421360189627,12.156084517747605,228.60315658678908,233.26622991143037,POINT (145.53174744573454 -38.60583673446434),Short (2022),5,3,Southern Coasts,Short (2022)
285,312,aus0442,0.0880152854052776,0.0198,High,2.78615140914917,1.4760000705718994,81.49,-1.3886623988536804,0.881653031375246,290.0,803.2958146999988,Central and Western VIC,VIC03.01,VIC03.01.04,0.49312,262.1827076829515,-38.557364408492646,145.4853103891792,1.3251497645575236,3.42421360189627,12.156084517747605,228.60315658678908,233.26622991143037,POINT (145.4853103891792 -38.557364408492646),Short (2022),5,3,Southern Coasts,Short (2022)
286,314,aus0444,0.0653023092792451,0.0194,High,2.75728702545166,1.0440000295639038,87.92,-1.5107062745805104,0.9134771898859274,263.0,655.8674206888942,Central and Western VIC,VIC03.01,VIC03.01.05,0.19211,507.636829356609,-38.51863144280244,145.3053296537091,1.3251497645575236,3.42421360189627,12.156084517747605,228.60315658678908,233.26622991143037,POINT (145.3053296537091 -38.51863144280244),Short (2022),5,3,Southern Coasts,Short (2022)
287,315,aus0445,0.050128369300386,0.00495,High,2.74216103553772,1.2780001163482666,86.37,-1.4992566642312175,0.8690585993824513,224.0,314.6101047716086,Central and Western VIC,VIC03.01,VIC03.01.05,0.18049,517.4475627739131,-38.505407020034575,145.25547219511472,1.3251497645575236,3.42421360189627,12.156084517747605,228.60315658678908,233.26622991143037,POINT (145.25547219511472 -38.505407020034575),Short (2022),5,3,Southern Coasts,Short (2022)
288,317,aus0447,0.0770000739529001,0.01665,High,2.6226089000701904,1.6740000247955322,85.35,-1.3972447433430406,0.8412265864663927,484.5,2149.999557836529,Central and Western VIC,VIC03.01,VIC03.01.08,0.26794,97.98345902453288,-38.45290689113076,144.86299312160813,1.6673898149240196,4.14884357950964,12.25918118229375,229.01521154152576,232.63852064101437,POINT (144.86299312160813 -38.45290689113076),Short (2022),5,3,Southern Coasts,Short (2022)
289,319,aus0452,0.0515230114010168,0.0106,High,2.56840181350708,1.3360000848770142,85.03,-1.3386457071437423,0.845247279149288,526.0,1834.670819711801,Central and Western VIC,VIC03.02,VIC03.02.01,0.27739,882.5067040529333,-38.28403479662172,144.58676969423647,1.6598696845032743,4.251204796230812,12.03193654477836,220.8829619609596,225.60947424617171,POINT (144.58676969423647 -38.28403479662172),Short (2022),5,3,Southern Coasts,Short (2022)
290,320,aus0455,0.0499760175287058,0.0096,High,2.5328590869903564,1.158000111579895,83.37,-1.3085604158935065,0.8031193044080729,276.0,3986.147265353765,Central and Western VIC,VIC03.02,VIC03.02.01,0.6029,74.17313222589658,-38.28495225971591,144.45049633560205,1.6598696845032743,4.251204796230812,12.03193654477836,220.8829619609596,225.60947424617171,POINT (144.45049633560205 -38.28495225971591),Short (2022),5,3,Southern Coasts,Short (2022)
291,321,aus0456,0.0788988226402279,0.0205,High,2.5328590869903564,0.878000020980835,83.37,-1.3085604158935065,0.8031193044080729,330.0,429.5711818877192,Central and Western VIC,VIC03.02,VIC03.02.01,0.21022,52.44952504554296,-38.29286958492225,144.4057648296502,1.6598696845032743,4.251204796230812,12.03193654477836,220.8829619609596,225.60947424617171,POINT (144.4057648296502 -38.29286958492225),Short (2022),5,3,Southern Coasts,Short (2022)
292,322,aus0457,0.0530333325840498,0.0111,High,2.5328590869903564,0.878000020980835,83.35,-1.3080184787070368,0.8031193044080729,306.0,1742.308125672373,Central and Western VIC,VIC03.02,VIC03.02.01,0.30993,86.90664427062102,-38.29971038319427,144.38748559805964,1.6598696845032743,4.251204796230812,12.03193654477836,220.8829619609596,225.60947424617171,POINT (144.38748559805964 -38.29971038319427),Short (2022),5,3,Southern Coasts,Short (2022)
293,323,aus0458,0.0379331268958475,0.0064,High,2.506535291671753,0.878000020980835,83.26,-1.2907933141869676,0.7961835657470201,246.0,5368.239700927454,Central and Western VIC,VIC03.02,VIC03.02.01,0.14762,108.1012667355118,-38.32228641758462,144.34416169945112,1.6598696845032743,4.251204796230812,12.03193654477836,220.8829619609596,225.60947424617171,POINT (144.34416169945112 -38.32228641758462),Short (2022),5,3,Southern Coasts,Short (2022)
294,324,aus0459,0.0615075672119701,0.01675,High,2.493212938308716,1.1660000085830688,83.3,-1.2844534223886737,0.7924155407658969,270.5,500.3661328613122,Central and Western VIC,VIC03.02,VIC03.02.01,0.22531,17.58045833411839,-38.34237767066117,144.32103227434058,1.6598696845032743,4.251204796230812,12.03193654477836,220.8829619609596,225.60947424617171,POINT (144.32103227434058 -38.34237767066117),Short (2022),5,3,Southern Coasts,Short (2022)
295,325,aus0460,0.0691206777824483,0.0233,High,2.493212938308716,1.1660000085830688,83.3,-1.2844534223886737,0.7924155407658969,281.0,1044.956199220099,Central and Western VIC,VIC03.02,VIC03.02.01,0.41754,48.193773264218365,-38.34731200020583,144.3090604037535,1.6598696845032743,4.251204796230812,12.03193654477836,220.8829619609596,225.60947424617171,POINT (144.3090604037535 -38.34731200020583),Short (2022),5,3,Southern Coasts,Short (2022)
296,326,aus0462,0.0443434246134817,0.0064,High,2.493212938308716,0.8920000195503235,83.3,-1.2844534223886737,0.7924155407658969,260.0,922.4481364795022,Central and Western VIC,VIC03.02,VIC03.02.01,0.55095,682.8172014162341,-38.375082251248,144.27364096492593,1.6598696845032743,4.251204796230812,12.03193654477836,220.8829619609596,225.60947424617171,POINT (144.27364096492593 -38.375082251248),Short (2022),5,3,Southern Coasts,Short (2022)
297,327,aus0466,0.0469850036006493,0.0084,High,2.4356589317321777,1.1540000438690186,82.29,-1.2454282542495705,0.7588507102630375,259.0,2093.333855961599,Central and Western VIC,VIC03.02,VIC03.02.01,0.21613,75.45727129128143,-38.41911298333358,144.18379634650108,1.5755602869712462,4.0361604080366575,12.274756561667402,214.2650410848148,218.89150931891035,POINT (144.18379634650108 -38.41911298333358),Short (2022),5,3,Southern Coasts,Short (2022)
298,328,aus0467,0.0459486179198214,0.0093,High,2.4356589317321777,0.8820000290870667,82.29,-1.2454282542495705,0.7588507102630375,242.0,4282.308965222336,Central and Western VIC,VIC03.02,VIC03.02.01,0.16154,69.69801080786594,-38.43147582456065,144.1548262957787,1.5755602869712462,4.0361604080366575,12.274756561667402,214.2650410848148,218.89150931891035,POINT (144.1548262957787 -38.43147582456065),Short (2022),5,3,Southern Coasts,Short (2022)
299,329,aus0468,0.0544161686605277,0.0142,High,2.3705501556396484,1.0460000038146973,82.42,-1.2024143389542206,0.7514690254487091,236.0,5228.057613444406,Central and Western VIC,VIC03.02,VIC03.02.02,0.25,54.32817878402784,-38.471463828677386,144.0619098367761,1.5755602869712462,4.0361604080366575,12.274756561667402,214.2650410848148,218.89150931891035,POINT (144.0619098367761 -38.471463828677386),Short (2022),5,3,Southern Coasts,Short (2022)
300,332,aus0471,0.0589584615748101,0.0202,High,1.945402264595032,1.1400001049041748,77.36,-0.9556312190869244,0.5493684505580567,195.0,3440.955615662272,Central and Western VIC,VIC03.02,VIC03.02.02,0.32988,492.5966802599121,-38.74463761345507,143.67713360855942,2.7351875380879083,6.599954802048307,12.633942978431056,230.22887651304328,234.9537644243225,POINT (143.67713360855942 -38.74463761345507),Short (2022),5,3,Southern Coasts,Short (2022)
301,333,aus0472,0.0686900807805,0.0265,Medium,1.945402264595032,1.374000072479248,77.36,-0.9556312190869244,0.5493684505580567,204.5,1702.201121444771,Central and Western VIC,VIC03.02,VIC03.02.02,0.24486,47.7621375563114,-38.768322493932125,143.66851808550044,2.7351875380879083,6.599954802048307,12.633942978431056,230.22887651304328,234.9537644243225,POINT (143.66851808550044 -38.768322493932125),Short (2022),5,3,Southern Coasts,Short (2022)
302,338,aus0482,0.032534137200254,0.0224,High,1.208622694015503,2.2960000038146973,70.51,-0.5280961468144374,0.3241360496363073,268.0,857.5161372967673,Central and Western VIC,VIC03.03,VIC03.03.02,0.35355,27.850247615477745,-38.58774262371328,142.8386686446988,2.359513190582047,5.6612797960169,12.283198563767456,226.79135210635613,228.82095651040223,POINT (142.8386686446988 -38.58774262371328),Short (2022),5,3,Southern Coasts,Short (2022)
303,339,aus0485,0.0224500411042627,0.0144,High,1.1870125532150269,2.2920000553131104,65.79,-0.4862090302416399,0.2947700589288082,185.0,3816.387878942997,Central and Western VIC,VIC03.03,VIC03.03.02,0.37631,3.95736626790354,-38.52241928853692,142.72154220956898,2.359513190582047,5.6612797960169,12.283198563767456,226.79135210635613,228.82095651040223,POINT (142.72154220956898 -38.52241928853692),Short (2022),5,3,Southern Coasts,Short (2022)
304,340,aus0486,0.0475344611348245,0.04515,Medium,1.176112413406372,2.2920000553131104,62.77,-0.4401331550029673,0.2981146354405926,249.0,539.0602042053504,Central and Western VIC,VIC03.03,VIC03.03.02,0.21613,941.9065572669429,-38.49480138644714,142.68256580180315,2.359513190582047,5.6612797960169,12.283198563767456,226.79135210635613,228.82095651040223,POINT (142.68256580180315 -38.49480138644714),Short (2022),5,3,Southern Coasts,Short (2022)
305,341,aus0487,0.0297102013322516,0.0453,Medium,1.1706938743591309,2.2880001068115234,63.51,-0.4445664481719212,0.298959452602769,247.0,3743.180919322984,Central and Western VIC,VIC03.03,VIC03.03.02,0.399,0.0,-38.408072486687296,142.5301114106254,2.359513190582047,5.6612797960169,12.283198563767456,226.79135210635613,228.82095651040223,POINT (142.5301114106254 -38.408072486687296),Short (2022),5,3,Southern Coasts,Short (2022)
306,342,aus0488,0.0348958905872196,0.0241,High,1.170426607131958,1.99400007724762,63.37,-0.4426433961989964,0.2990843126522036,274.0,3619.161380371276,Central and Western VIC,VIC03.03,VIC03.03.02,0.21464,11.949969770666549,-38.39641389187042,142.49003827739165,2.359513190582047,5.6612797960169,12.283198563767456,226.79135210635613,228.82095651040223,POINT (142.49003827739165 -38.39641389187042),Short (2022),5,3,Southern Coasts,Short (2022)
307,343,aus0489,0.0307441804621313,0.018,High,1.169628381729126,1.99400007724762,63.51,-0.4405200387708474,0.3022584602641675,286.0,564.6688996213818,Central and Western VIC,VIC03.03,VIC03.03.02,0.274,460.50799358979424,-38.38740787430097,142.44737848094445,2.359513190582047,5.6612797960169,12.283198563767456,226.79135210635613,228.82095651040223,POINT (142.44737848094445 -38.38740787430097),Short (2022),5,3,Southern Coasts,Short (2022)
308,344,aus0490,0.0292078301859672,0.0264,Medium,1.165705680847168,2.0420000553131104,59.97,-0.4372574629678577,0.2618240244017494,231.0,9084.947452221366,Central and Western VIC,VIC03.03,VIC03.03.02,0.274,0.0,-38.36051014226758,142.3933901538088,2.359513190582047,5.6612797960169,12.283198563767456,226.79135210635613,228.82095651040223,POINT (142.3933901538088 -38.36051014226758),Short (2022),5,3,Southern Coasts,Short (2022)
309,345,aus0491,0.0338641000880903,0.0123,High,1.164797306060791,1.936000108718872,63.44,-0.4357351568135523,0.3032208541494823,250.0,779.3177744550221,Central and Western VIC,VIC03.03,VIC03.03.02,0.17076,31.61648941098262,-38.35379797312619,142.33768190340834,2.359513190582047,5.6612797960169,12.283198563767456,226.79135210635613,228.82095651040223,POINT (142.33768190340834 -38.35379797312619),Short (2022),5,3,Southern Coasts,Short (2022)
310,346,aus0492,0.0250480042430321,0.01335,High,1.164797306060791,1.936000108718872,62.11,-0.4601821962007555,0.2632429859622065,243.0,1531.731601225559,Central and Western VIC,VIC03.03,VIC03.03.02,0.18946,5.018659095888378,-38.35867435887422,142.32220783254525,2.359513190582047,5.6612797960169,12.283198563767456,226.79135210635613,228.82095651040223,POINT (142.32220783254525 -38.35867435887422),Short (2022),5,3,Southern Coasts,Short (2022)
311,347,aus0495,0.026143896184494,0.01065,High,1.164797306060791,1.534000039100647,62.11,-0.4601821962007555,0.2632429859622065,233.0,5399.454671390577,Central and Western VIC,VIC03.03,VIC03.03.02,0.19211,33.61833279717994,-38.3697961312581,142.25993617476044,2.359513190582047,5.6612797960169,12.283198563767456,226.79135210635613,228.82095651040223,POINT (142.25993617476044 -38.3697961312581),Short (2022),5,3,Southern Coasts,Short (2022)
312,348,aus0496,0.0224768440875425,0.00975,High,1.1650490760803225,1.534000039100647,65.55,-0.4574545515816373,0.3062714841085129,255.0,375.623701544331,Central and Western VIC,VIC03.03,VIC03.03.03,0.18946,425.9262087920445,-38.39273129001902,142.23280959030586,2.501486238130919,5.987652984736654,12.429312396078757,227.6810749776009,230.31025000968415,POINT (142.23280959030586 -38.39273129001902),Short (2022),5,3,Southern Coasts,Short (2022)
313,350,aus0503,0.0293213973790667,0.02,High,1.1632198095321655,1.2080000638961792,63.38,-0.4214875227450204,0.3157543814847487,372.0,5574.047853631047,Central and Western VIC,VIC03.03,VIC03.03.03,0.13679,173.88864832118367,-38.258702929338575,141.77077104807407,2.501486238130919,5.987652984736654,12.429312396078757,227.6810749776009,230.31025000968415,POINT (141.77077104807407 -38.258702929338575),Short (2022),5,3,Southern Coasts,Short (2022)
314,353,aus0506,0.0217531525490555,0.0089,High,1.1510663032531738,2.150000095367432,66.25,-0.4447418762794767,0.3178833441455976,339.0,5656.164014542286,Central and Western VIC,VIC03.03,VIC03.03.04,0.149,26.26693129546321,-38.374677424328304,141.48883872400128,2.782859447771529,6.852559724871046,12.69902453070246,229.7810538316855,233.212557484831,POINT (141.48883872400128 -38.374677424328304),Short (2022),5,3,Southern Coasts,Short (2022)
315,354,aus0507,0.0284437019748392,0.0157,High,1.1510663032531738,2.504000186920166,68.62,-0.4447418762794767,0.3451357220585622,312.0,3225.893476482765,Central and Western VIC,VIC03.03,VIC03.03.04,0.18946,2.804309611077592,-38.364852843426746,141.4200318126257,2.782859447771529,6.852559724871046,12.69902453070246,229.7810538316855,233.212557484831,POINT (141.4200318126257 -38.364852843426746),Short (2022),5,3,Southern Coasts,Short (2022)
316,355,aus0510,0.0283583154064785,0.0409,Medium,1.1523703336715698,2.2920000553131104,63.0,-0.4090917727421954,0.3169477089774027,178.0,617.4335962672327,Central and Western VIC,VIC03.03,VIC03.03.04,0.312,17.70647668504052,-38.26457956809686,141.34122576475002,2.782859447771529,6.852559724871046,12.69902453070246,229.7810538316855,233.212557484831,POINT (141.34122576475002 -38.26457956809686),Short (2022),5,3,Southern Coasts,Short (2022)
317,356,aus0511,0.0346790731614077,0.0376,Medium,1.1533715724945068,2.3460001945495605,63.04,-0.4092478528119534,0.3177870595283645,206.0,321.0999442099349,Central and Western VIC,VIC03.03,VIC03.03.04,0.312,0.0,-38.15197479774107,141.19069842263602,2.443827345291703,5.823431361593014,12.52256823720956,229.1750071977781,231.6902653683805,POINT (141.19069842263602 -38.15197479774107),Short (2022),5,3,Southern Coasts,Short (2022)
318,357,aus0512,0.0308404844817702,0.02715,Medium,1.1528117656707764,2.3320000171661377,62.93,-0.4083039230920593,0.3171222879813721,225.0,10778.83735131183,Central and Western VIC,VIC03.03,VIC03.03.04,0.19751,0.0,-38.08028196805853,141.0446503517866,2.443827345291703,5.823431361593014,12.52256823720956,229.1750071977781,231.6902653683805,POINT (141.0446503517866 -38.08028196805853),Short (2022),5,3,Southern Coasts,Short (2022)
319,358,aus0513,0.0283618509744264,0.01925,High,1.1532564163208008,1.9260001182556152,66.25,-0.4382112356212697,0.3258396353048782,234.0,10060.91681338315,Central and Western VIC,VIC03.03,VIC03.03.04,0.18175,4.736663830209845,-38.05317470605154,140.9298116028305,2.443827345291703,5.823431361593014,12.52256823720956,229.1750071977781,231.6902653683805,POINT (140.9298116028305 -38.05317470605154),Short (2022),5,3,Southern Coasts,Short (2022)
320,359,aus0516,0.0207106928835819,0.0057,High,1.1527223587036133,1.900000095367432,66.18,-0.4359670086730909,0.3269393026028697,218.0,1281.356574061949,Southern SA,SA01.01,SA01.01.01,0.13584,0.0,-38.04574537403142,140.79077281891446,2.443827345291703,5.823431361593014,12.52256823720956,229.1750071977781,231.6902653683805,POINT (140.79077281891446 -38.04574537403142),Short (2022),5,3,Southern Coasts,Short (2022)
321,360,aus0518,0.0280665265046421,0.0189,High,1.1527223587036133,2.0,66.14,-0.4355048359037066,0.3269393026028697,257.0,2843.512696802636,Southern SA,SA01.01,SA01.01.01,0.15604,9.879037895629995,-38.0528048297101,140.7230855577622,2.7206740886236807,6.757687525062743,12.943602733670083,230.8881955519273,234.0072320809372,POINT (140.7230855577622 -38.0528048297101),Short (2022),5,3,Southern Coasts,Short (2022)
322,361,aus0522,0.0338720946169483,0.014,High,1.154625654220581,2.322000026702881,68.93,-0.4333833144908636,0.3625056375082679,488.0,296.6594998261895,Southern SA,SA01.01,SA01.01.01,0.11826,562.6203275309477,-38.0187663036394,140.57150279975016,2.7206740886236807,6.757687525062743,12.943602733670083,230.8881955519273,234.0072320809372,POINT (140.57150279975016 -38.0187663036394),Short (2022),5,3,Southern Coasts,Short (2022)
323,362,aus0524,0.0337825848648746,0.0246,High,1.1560615301132202,2.322000026702881,68.95,-0.4330919595390654,0.3639769233691537,446.0,4547.424643317832,Southern SA,SA01.01,SA01.01.01,0.13397,46.946364955637904,-37.97312137763534,140.50066671168304,2.7206740886236807,6.757687525062743,12.943602733670083,230.8881955519273,234.0072320809372,POINT (140.50066671168304 -37.97312137763534),Short (2022),5,3,Southern Coasts,Short (2022)
324,372,aus0538,0.0349849596660248,0.03315,Medium,1.1635119915008545,2.062000036239624,65.98,-0.4230917807670346,0.3446149453614568,302.0,17241.11670878246,Southern SA,SA01.01,SA01.01.02,0.24316,132.7798411416957,-37.51174853996083,140.08498504327616,3.0293792987994124,7.579739790190663,12.988987098626232,231.46607253625817,235.0441176848816,POINT (140.08498504327616 -37.51174853996083),Short (2022),5,3,Southern Coasts,Short (2022)
325,373,aus0539,0.0571226239418183,0.0305,Medium,1.1607565879821775,2.4840002059936523,67.51,-0.4110677655668331,0.3725706256351986,321.0,466.4142941123239,Southern SA,SA01.01,SA01.01.02,0.24316,77.4883162716579,-37.491336679005634,140.01374563369572,3.0293792987994124,7.579739790190663,12.988987098626232,231.46607253625817,235.0441176848816,POINT (140.01374563369572 -37.491336679005634),Short (2022),5,3,Southern Coasts,Short (2022)
326,378,aus0546,0.0602047913945848,0.0444,Medium,1.153958439826965,2.552000045776367,67.53,-0.4174098575771616,0.3619025999561905,449.0,1217.754250573528,Southern SA,SA01.01,SA01.01.01,0.11826,17.594124424154256,-38.02733766821526,140.605525708461,2.7206740886236807,6.757687525062743,12.943602733670083,230.8881955519273,234.0072320809372,POINT (140.605525708461 -38.02733766821526),Short (2022),5,3,Southern Coasts,Short (2022)
327,380,aus0549,0.0395543457635688,0.04,Medium,1.1543360948562622,2.440000057220459,64.89,-0.4074173278884795,0.3416059753925224,309.5,924.7370067064882,Southern SA,SA01.01,SA01.01.02,0.16586,23.7326699743568,-37.44336014717841,139.95916723326764,2.976242972551434,7.345024180494514,12.961769107905,230.871960075218,234.03220385584947,POINT (139.95916723326764 -37.44336014717841),Short (2022),5,3,Southern Coasts,Short (2022)
328,381,aus0553,0.0334112572092974,0.0399,Medium,1.14460027217865,2.328000068664551,67.07,-0.4038111999610014,0.3638579726825266,298.0,5267.104272531826,Southern SA,SA01.01,SA01.01.02,0.18946,42.79064806873259,-37.34394308468004,139.86899931362606,2.976242972551434,7.345024180494514,12.961769107905,230.871960075218,234.03220385584947,POINT (139.86899931362606 -37.34394308468004),Short (2022),5,3,Southern Coasts,Short (2022)
329,382,aus0554,0.0480768212897942,0.0344,Medium,1.1364727020263672,2.3940000534057617,66.59,-0.4020873021378943,0.3547380490903392,333.0,1073.953021150951,Southern SA,SA01.01,SA01.01.02,0.13966,28.420264789589798,-37.32354103809901,139.84868807406454,2.976242972551434,7.345024180494514,12.961769107905,230.871960075218,234.03220385584947,POINT (139.84868807406454 -37.32354103809901),Short (2022),5,3,Southern Coasts,Short (2022)
330,385,aus0560,0.0443766773033597,0.0489,Medium,1.133467435836792,2.2680001258850098,65.93,-0.402562647742662,0.3447603702200111,349.0,287.0176672911696,Southern SA,SA01.01,SA01.01.02,0.22052,409.83095622644544,-37.26149719015133,139.7996420616814,2.976242972551434,7.345024180494514,12.961769107905,230.871960075218,234.03220385584947,POINT (139.7996420616814 -37.26149719015133),Short (2022),5,3,Southern Coasts,Short (2022)
331,386,aus0561,0.0370252762816439,0.0366,Medium,1.133467435836792,2.2680001258850098,65.93,-0.402562647742662,0.3447603702200111,327.0,1296.602263093773,Southern SA,SA01.01,SA01.01.02,0.18725,20.78656680456446,-37.24887831967772,139.79268340787775,2.976242972551434,7.345024180494514,12.961769107905,230.871960075218,234.03220385584947,POINT (139.79268340787775 -37.24887831967772),Short (2022),5,3,Southern Coasts,Short (2022)
332,390,aus0566,0.0433731656790046,0.04925,Medium,1.133467435836792,2.25600004196167,65.93,-0.402562647742662,0.3447603702200111,339.0,1350.754592277952,Southern SA,SA01.01,SA01.01.02,0.308,93.0905054806724,-37.19792708970516,139.76007306003345,2.6523886562684478,6.5077951664785125,12.78813759237456,230.4086308103106,232.8882339942608,POINT (139.76007306003345 -37.19792708970516),Short (2022),5,3,Southern Coasts,Short (2022)
333,391,aus0567,0.0561991073960569,0.0499,Medium,1.1375175714492798,2.25600004196167,65.1,-0.4049651966505557,0.3355854005926462,348.5,775.1559962256637,Southern SA,SA01.01,SA01.01.02,0.38582,9.456907642021225,-37.18441129774312,139.7459776559469,2.6523886562684478,6.5077951664785125,12.78813759237456,230.4086308103106,232.8882339942608,POINT (139.7459776559469 -37.18441129774312),Short (2022),5,3,Southern Coasts,Short (2022)
334,409,aus0622,0.0782982505010205,0.0354,Medium,2.4207406044006348,0.2800000011920929,59.87,-0.8904265511875705,0.5588700045894819,411.0,2671.97933907058,South Australian Gulfs,SA02.01,SA02.01.04,0.19888,44.17748630203417,-35.233968318488,138.46916557669027,0.8021711623577716,3.343543683173479,8.796167763684037,201.64850728955588,215.36752055884372,POINT (138.46916557669027 -35.233968318488),Short (2022),5,3,Southern Coasts,Short (2022)
335,410,aus0623,0.0389459813642588,0.0077,High,2.4708640575408936,0.2800000011920929,59.88,-0.9116040109247256,0.5680411612626733,400.0,2460.85544561792,South Australian Gulfs,SA02.01,SA02.01.04,0.19211,57.138461063983925,-35.20095543061506,138.46970752924636,0.8021711623577716,3.343543683173479,8.796167763684037,201.64850728955588,215.36752055884372,POINT (138.46970752924636 -35.20095543061506),Short (2022),5,3,Southern Coasts,Short (2022)
336,411,aus0624,0.0591673872112344,0.01525,High,2.4708640575408936,0.2800000011920929,58.36,-0.914714856191466,0.5273931132373045,408.0,1776.980347134542,South Australian Gulfs,SA02.01,SA02.01.04,0.19211,254.3510344421181,-35.17526858730007,138.4660807092364,0.8021711623577716,3.343543683173479,8.796167763684037,201.64850728955588,215.36752055884372,POINT (138.4660807092364 -35.17526858730007),Short (2022),5,3,Southern Coasts,Short (2022)
337,412,aus0625,0.0600305630184231,0.01855,High,2.4708640575408936,0.3140000104904175,58.41,-0.9158589168085473,0.5273931132373045,395.5,1993.104016478022,South Australian Gulfs,SA02.01,SA02.01.04,0.20027,15.757034525199794,-35.15501745977159,138.46840999647625,0.8021711623577716,3.343543683173479,8.796167763684037,201.64850728955588,215.36752055884372,POINT (138.46840999647625 -35.15501745977159),Short (2022),5,3,Southern Coasts,Short (2022)
338,413,aus0626,0.0757121282891612,0.03205,Medium,2.5307743549346924,0.3140000104904175,58.43,-0.9426549544677691,0.5361155734039372,392.0,2232.785530707486,South Australian Gulfs,SA02.01,SA02.01.04,0.26794,27.66643430436564,-35.13130055666163,138.4689781717169,0.8021711623577716,3.343543683173479,8.796167763684037,201.64850728955588,215.36752055884372,POINT (138.4689781717169 -35.13130055666163),Short (2022),5,3,Southern Coasts,Short (2022)
339,426,aus0642,0.0549173798612544,0.0323,Medium,1.2332969903945925,0.7140000462532043,66.27,-0.4543438728436145,0.3629464042875757,385.0,1064.851123038919,South Australian Gulfs,SA02.01,SA02.01.07,0.26609,496.570668466215,-35.250246497514524,136.97647748794068,1.5173056677491816,4.757339800037455,12.433300030074244,226.71932338678585,232.7760115250039,POINT (136.97647748794068 -35.250246497514524),Short (2022),5,3,Southern Coasts,Short (2022)
340,430,aus0647,0.0484078128485172,0.0275,Medium,1.222201585769653,1.7680001258850098,66.18,-0.4404170108883467,0.3683939586378997,444.0,4099.622382539149,South Australian Gulfs,SA02.02,SA02.02.01,0.22221,0.0,-35.22538991365777,136.8429881696339,1.5173056677491816,4.757339800037455,12.433300030074244,226.71932338678585,232.7760115250039,POINT (136.8429881696339 -35.22538991365777),Short (2022),5,3,Southern Coasts,Short (2022)
341,431,aus0648,0.0583290233391538,0.0485,Medium,1.1986521482467651,1.25600004196167,67.01,-0.4531250540961252,0.3501344073383186,422.0,645.4476858262612,South Australian Gulfs,SA02.02,SA02.02.01,0.20877,164.66037668357288,-35.19404276655137,136.86631067577065,1.5173056677491816,4.757339800037455,12.433300030074244,226.71932338678585,232.7760115250039,POINT (136.86631067577065 -35.19404276655137),Short (2022),5,3,Southern Coasts,Short (2022)
342,435,aus0655,0.0420472772580786,0.0266,Medium,1.2260098457336426,1.25600004196167,67.03,-0.4674815675492624,0.354325676453363,364.0,1090.705948653352,South Australian Gulfs,SA02.02,SA02.02.01,0.31208,75.55588398641777,-35.149566689976744,136.91626715763508,1.5173056677491816,4.757339800037455,12.433300030074244,226.71932338678585,232.7760115250039,POINT (136.91626715763508 -35.149566689976744),Short (2022),5,3,Southern Coasts,Short (2022)
343,438,aus0661,0.0639401965944118,0.0393,Medium,1.2797348499298096,1.1880000829696655,66.5,-0.4989890029191654,0.3519733058432296,379.0,676.4171188700086,South Australian Gulfs,SA02.02,SA02.02.01,0.89503,338.5379864631324,-35.018653364335954,136.9457564803239,1.5173056677491816,4.757339800037455,12.433300030074244,226.71932338678585,232.7760115250039,POINT (136.9457564803239 -35.018653364335954),Short (2022),5,3,Southern Coasts,Short (2022)
344,441,aus0664,0.064958851713084,0.0337,Medium,1.326034665107727,0.9040000438690186,65.61,-0.5206915196173539,0.34934426641852,365.0,2104.358916780754,South Australian Gulfs,SA02.02,SA02.02.01,0.23005,7.5494864395650545,-34.91124891033768,137.01331349965534,1.5173056677491816,4.757339800037455,12.433300030074244,226.71932338678585,232.7760115250039,POINT (137.01331349965534 -34.91124891033768),Short (2022),5,3,Southern Coasts,Short (2022)
345,443,aus0667,0.0373300403029135,0.0219,High,1.3773633241653442,0.6140000224113464,64.55,-0.5387577972906898,0.3503441190920757,280.0,2883.115166680732,South Australian Gulfs,SA02.02,SA02.02.02,0.15604,390.8103867200782,-34.91397397522465,137.06619529254286,1.5173056677491816,4.757339800037455,12.433300030074244,226.71932338678585,232.7760115250039,POINT (137.06619529254286 -34.91397397522465),Short (2022),5,3,Southern Coasts,Short (2022)
346,450,aus0674,0.0473258099041377,0.0186,High,1.484463810920715,0.0680000036954879,57.16,-0.5160917686184455,0.3324293375424005,431.0,355.6520929261442,South Australian Gulfs,SA02.02,SA02.02.02,0.15822,14.511815765713768,-34.480500780538634,137.4860328247326,0.8485467713695493,3.7039400181808633,8.462415243883177,208.8064091847542,219.34401696430984,POINT (137.4860328247326 -34.480500780538634),Short (2022),5,3,Southern Coasts,Short (2022)
347,453,aus0677,0.0252678242034997,0.0058,High,1.5291534662246704,0.3260000050067901,62.41,-0.5690695088221271,0.385322701182271,408.0,1273.57346449925,South Australian Gulfs,SA02.02,SA02.02.03,0.20306,43.27306572728365,-34.245745718352794,137.4995366716851,0.8485467713695493,3.7039400181808633,8.462415243883177,208.8064091847542,219.34401696430984,POINT (137.4995366716851 -34.245745718352794),Short (2022),5,3,Southern Coasts,Short (2022)
348,455,aus0680,0.0298389492806141,0.0071,High,1.517688870429993,0.1460000127553939,63.29,-0.5331680474198037,0.4273766979664352,429.0,668.8412780340003,South Australian Gulfs,SA02.02,SA02.02.03,0.90752,9.507068956690675,-34.07237037472621,137.55235189354272,0.8485467713695493,3.7039400181808633,8.462415243883177,208.8064091847542,219.34401696430984,POINT (137.55235189354272 -34.07237037472621),Short (2022),5,3,Southern Coasts,Short (2022)
349,456,aus0681,0.0742072528777372,0.03175,Medium,1.517688870429993,0.1460000127553939,63.29,-0.5331680474198037,0.4273766979664352,436.5,324.1629007778716,South Australian Gulfs,SA02.02,SA02.02.03,0.38689,0.0,-34.067544536088626,137.55545787563082,0.8485467713695493,3.7039400181808633,8.462415243883177,208.8064091847542,219.34401696430984,POINT (137.55545787563082 -34.067544536088626),Short (2022),5,3,Southern Coasts,Short (2022)
350,457,aus0682,0.0264723355449739,0.0048,High,1.517688870429993,0.1460000127553939,63.29,-0.5331680474198037,0.4273766979664352,420.0,784.7391661741501,South Australian Gulfs,SA02.02,SA02.02.03,0.28717,379.5734279896683,-34.062669455446795,137.55773920596764,0.8485467713695493,3.7039400181808633,8.462415243883177,208.8064091847542,219.34401696430984,POINT (137.55773920596764 -34.062669455446795),Short (2022),5,3,Southern Coasts,Short (2022)
351,458,aus0683,0.0121513975835847,0.0023,High,1.650426149368286,0.1900000125169754,63.42,-0.5303691054815984,0.5164006598233366,297.0,2302.455725300643,South Australian Gulfs,SA02.02,SA02.02.03,0.40053,44.365516857647805,-33.91167596635046,137.63052410806966,0.8485467713695493,3.7039400181808633,8.462415243883177,208.8064091847542,219.34401696430984,POINT (137.63052410806966 -33.91167596635046),Short (2022),5,3,Southern Coasts,Short (2022)
352,462,aus0687,0.075642418742985,0.0275,Medium,2.018730878829956,0.3800000250339508,63.71,-0.8148499940914071,0.4713416292318496,816.0,663.4777156238081,South Australian Gulfs,SA02.02,SA02.02.06,0.22068,85.02300556508858,-33.79900673301962,136.8493544088002,0.9334683214178632,3.4314309617050647,10.548902982014292,194.34172396913448,204.81666821428365,POINT (136.8493544088002 -33.79900673301962),Short (2022),5,3,Southern Coasts,Short (2022)
353,468,aus0697,0.0702595910363281,0.0225,High,1.9260475635528564,0.3620000183582306,61.1,-0.7383091281980638,0.4384701076805909,358.0,1501.887276045735,South Australian Gulfs,SA02.02,SA02.02.06,0.19888,22.2415581539519,-34.05346908986633,136.38335169538442,0.8011946556703714,2.620003924369512,9.867062286490896,185.19622822952223,193.5779000092377,POINT (136.38335169538442 -34.05346908986633),Short (2022),5,3,Southern Coasts,Short (2022)
354,472,aus0703,0.0445687524725808,0.0157,High,1.9018685817718504,0.406000018119812,61.23,-0.7270810339178121,0.437345587196771,349.0,283.9139707032979,South Australian Gulfs,SA02.02,SA02.02.06,0.14968,82.05128400847063,-34.11972958731812,136.35408831811412,0.8011946556703714,2.620003924369512,9.867062286490896,185.19622822952223,193.5779000092377,POINT (136.35408831811412 -34.11972958731812),Short (2022),5,3,Southern Coasts,Short (2022)
355,487,aus0763,0.0366353760375258,0.0119,High,1.3570343255996704,2.1000001430511475,67.76,-0.4540123822731526,0.4654977377540391,339.0,454.2315288591021,Western Eyre Peninsula,SA03.01,SA03.01.01,0.43528,16.656625543369824,-34.99078936465078,135.96400816065534,2.2301079167568374,6.622563859616129,12.815570256352007,219.44547478382384,223.81254752515076,POINT (135.96400816065534 -34.99078936465078),Short (2022),5,3,Southern Coasts,Short (2022)
356,488,aus0766,0.060389433912678,0.0382,Medium,1.3398621082305908,2.01200008392334,68.09,-0.4445741824119302,0.4676804617119541,347.0,437.5665468107315,Western Eyre Peninsula,SA03.01,SA03.01.01,0.33448,773.3296403666694,-34.88778811792369,135.85431858227577,2.2301079167568374,6.622563859616129,12.815570256352007,219.44547478382384,223.81254752515076,POINT (135.85431858227577 -34.88778811792369),Short (2022),5,3,Southern Coasts,Short (2022)
357,489,aus0767,0.0282716889122767,0.01055,High,1.3398621082305908,2.01200008392334,68.09,-0.4445741824119302,0.4676804617119541,340.5,568.1132929444832,Western Eyre Peninsula,SA03.01,SA03.01.01,0.33448,55.62121620358811,-34.91975602433742,135.86732577949968,2.2301079167568374,6.622563859616129,12.815570256352007,219.44547478382384,223.81254752515076,POINT (135.86732577949968 -34.91975602433742),Short (2022),5,3,Southern Coasts,Short (2022)
358,493,aus0772,0.0537886759872516,0.0229,High,1.2819771766662598,1.50600004196167,68.07,-0.4203167045303525,0.4523235487768744,640.0,4021.351155427542,Western Eyre Peninsula,SA03.01,SA03.01.01,0.17556,14.892341195255897,-34.65208814857321,135.34730651668184,1.6384865534898136,4.547020954241013,12.940095661004849,224.63451970311905,227.94135163556567,POINT (135.34730651668184 -34.65208814857321),Short (2022),5,3,Southern Coasts,Short (2022)
359,494,aus0773,0.057113029721717,0.03245,Medium,1.2902708053588867,1.50600004196167,63.6,-0.3685579751017439,0.4521069786919141,590.0,5614.338980725273,Western Eyre Peninsula,SA03.01,SA03.01.01,0.17924,39.20031888278134,-34.61431212974696,135.32619077409257,1.6384865534898136,4.547020954241013,12.940095661004849,224.63451970311905,227.94135163556567,POINT (135.32619077409257 -34.61431212974696),Short (2022),5,3,Southern Coasts,Short (2022)
360,495,aus0776,0.0655245737790543,0.03795,Medium,1.4315372705459597,1.6460000276565552,62.55,-0.4220823119162051,0.4734073424734936,592.0,5350.387769661117,Western Eyre Peninsula,SA03.01,SA03.01.01,0.19615,47.731042878308166,-34.5473422794274,135.23070914842083,1.6384865534898136,4.547020954241013,12.940095661004849,224.63451970311905,227.94135163556567,POINT (135.23070914842083 -34.5473422794274),Short (2022),5,3,Southern Coasts,Short (2022)
361,496,aus0795,0.0594435904672766,0.0489,Medium,1.436161756515503,1.2300000190734863,65.66,-0.4663995554878575,0.4765896691513513,704.0,1388.619790749278,Western Eyre Peninsula,SA03.01,SA03.01.04,0.36602,0.0,-34.36306938078357,135.35720011394463,1.6384865534898136,4.547020954241013,12.940095661004849,224.63451970311905,227.94135163556567,POINT (135.35720011394463 -34.36306938078357),Short (2022),5,3,Southern Coasts,Short (2022)
362,501,aus0810,0.053449048873939,0.028,Medium,1.6089892387390137,1.3960000276565552,61.8,-0.4849974074211341,0.50939645564541,391.5,27613.4002249658,Western Eyre Peninsula,SA03.01,SA03.01.05,0.99309,23.59323411861103,-33.441978576523454,134.8415906846822,2.3077634454106657,7.350649591313232,13.13879958849274,222.0311264582436,225.27407334090225,POINT (134.8415906846822 -33.441978576523454),Short (2022),5,3,Southern Coasts,Short (2022)
363,503,aus0812,0.0583700997379954,0.0204,High,1.6478142738342283,1.7280000448226929,60.24,-0.469947296168735,0.5226448084001685,439.0,1513.358547688784,Western Eyre Peninsula,SA03.01,SA03.01.05,0.77378,11.058379130739072,-33.174472098285364,134.3777404498054,1.6740761247963074,5.196601906297196,13.132466178386162,220.61408399020823,223.73305432279415,POINT (134.3777404498054 -33.174472098285364),Short (2022),5,3,Southern Coasts,Short (2022)
364,505,aus0817,0.0483124836820667,0.01595,High,1.7136067152023315,2.150000095367432,62.61,-0.4912489944892836,0.5816505936951437,700.0,15591.47473356436,Western Eyre Peninsula,SA03.02,SA03.02.01,0.12674,205.50149652704425,-32.958301652711995,134.1840287496568,2.333720537214173,7.311605335015006,13.218630973572632,219.37852232842957,222.44683256428465,POINT (134.1840287496568 -32.958301652711995),Short (2022),5,3,Southern Coasts,Short (2022)
365,506,aus0820,0.0526010005505489,0.0273,Medium,1.7596720457077026,1.6720000505447388,62.75,-0.5059514477826675,0.5981943057230104,768.5,1640.499784739242,Western Eyre Peninsula,SA03.02,SA03.02.01,0.32534,65.85154831844386,-32.89305368607543,134.0776982310805,2.333720537214173,7.311605335015006,13.218630973572632,219.37852232842957,222.44683256428465,POINT (134.0776982310805 -32.89305368607543),Short (2022),5,3,Southern Coasts,Short (2022)
366,508,aus0825,0.0515961912777839,0.0193,High,1.7783737182617188,1.7780001163482666,62.93,-0.514347702126585,0.6047560821172342,798.5,8144.360673585001,Western Eyre Peninsula,SA03.02,SA03.02.01,0.26425,23.43616910845849,-32.77654851968737,134.11209337929097,2.333720537214173,7.311605335015006,13.218630973572632,219.37852232842957,222.44683256428465,POINT (134.11209337929097 -32.77654851968737),Short (2022),5,3,Southern Coasts,Short (2022)
367,509,aus0826,0.0552017881382549,0.02395,High,1.864342212677002,1.2300000190734863,63.84,-0.560883952140595,0.6292967805452486,604.0,4612.146778318338,Western Eyre Peninsula,SA03.02,SA03.02.02,0.92019,101.47613395219422,-32.717920191674715,134.10745301649698,1.4044196759895384,4.15956340440753,12.325971950739708,216.8987201168238,219.82822823695088,POINT (134.10745301649698 -32.717920191674715),Short (2022),5,3,Southern Coasts,Short (2022)
368,510,aus0832,0.0471402525771108,0.0138,High,1.9037960767745967,0.2220000177621841,64.3,-0.5827671390678398,0.6413379107111568,680.0,2676.767172523855,Western Eyre Peninsula,SA03.02,SA03.02.02,0.42928,4.1963649168534864,-32.67201560150306,134.2909264268509,1.4044196759895384,4.15956340440753,12.325971950739708,216.8987201168238,219.82822823695088,POINT (134.2909264268509 -32.67201560150306),Short (2022),5,3,Southern Coasts,Short (2022)
369,511,aus0833,0.0830282747819922,0.03155,Medium,1.906948447227478,0.2220000177621841,64.35,-0.5820172778398135,0.645158733098871,898.0,564.2909120889367,Western Eyre Peninsula,SA03.02,SA03.02.02,0.42928,40.418740154830445,-32.63972519832816,134.2793255950267,1.4044196759895384,4.15956340440753,12.325971950739708,216.8987201168238,219.82822823695088,POINT (134.2793255950267 -32.63972519832816),Short (2022),5,3,Southern Coasts,Short (2022)
370,512,aus0834,0.1103966484616383,0.04195,Medium,1.906948447227478,0.3220000267028808,64.28,-0.5820172778398135,0.6437920218032487,837.0,12565.53590235459,Western Eyre Peninsula,SA03.02,SA03.02.02,0.63288,11.277516042999602,-32.58149525575461,134.26465988330023,1.4044196759895384,4.15956340440753,12.325971950739708,216.8987201168238,219.82822823695088,POINT (134.26465988330023 -32.58149525575461),Short (2022),5,3,Southern Coasts,Short (2022)
371,514,aus0839,0.1084378667620981,0.0431,Medium,1.88263475894928,0.9240000247955322,63.82,-0.5594765916418983,0.6420856297858469,791.0,11629.02785305753,Western Eyre Peninsula,SA03.02,SA03.02.02,0.24486,15.784968010756629,-32.46864994869247,134.04040199708427,1.4044196759895384,4.15956340440753,12.325971950739708,216.8987201168238,219.82822823695088,POINT (134.04040199708427 -32.46864994869247),Short (2022),5,3,Southern Coasts,Short (2022)
372,515,aus0840,0.0768456225958049,0.04,Medium,1.870283603668213,1.224000096321106,61.55,-0.5100228661508815,0.6410612549476429,784.5,601.2557722362726,Western Eyre Peninsula,SA03.02,SA03.02.02,0.28717,17.125204350276505,-32.49383388256556,133.99365375780334,1.4044196759895384,4.15956340440753,12.325971950739708,216.8987201168238,219.82822823695088,POINT (133.99365375780334 -32.49383388256556),Short (2022),5,3,Southern Coasts,Short (2022)
373,516,aus0848,0.0550467097563734,0.02505,Medium,1.8542839288711548,1.686000108718872,63.37,-0.5369701805698258,0.6380565214332314,514.5,2078.402080354807,Western Eyre Peninsula,SA03.02,SA03.02.03,0.25349,8.56648830102548,-32.524933671219735,133.8558347353162,1.4044196759895384,4.15956340440753,12.325971950739708,216.8987201168238,219.82822823695088,POINT (133.8558347353162 -32.524933671219735),Short (2022),5,3,Southern Coasts,Short (2022)
374,518,aus0867,0.0565228974566604,0.0163,High,1.9142624139785769,0.5680000185966492,62.07,-0.5315314623484109,0.656628738732916,475.5,1876.354013422859,Western Eyre Peninsula,SA03.02,SA03.02.03,0.16724,724.0434808734848,-32.204508399291015,133.75330504162352,1.4044196759895384,4.15956340440753,12.325971950739708,216.8987201168238,219.82822823695088,POINT (133.75330504162352 -32.204508399291015),Short (2022),5,3,Southern Coasts,Short (2022)
375,520,aus0874,0.0492058227886533,0.0157,High,1.9224176406860352,0.1200000047683715,62.03,-0.5311298556728271,0.6614157468992201,480.0,3101.758174055727,Western Eyre Peninsula,SA03.02,SA03.02.03,0.93303,69.2883888416046,-32.15050586822038,133.68598703787995,2.0437051709608745,6.148497809196408,12.697815894164146,213.3745320461433,217.0626128915514,POINT (133.68598703787995 -32.15050586822038),Short (2022),5,3,Southern Coasts,Short (2022)
376,521,aus0875,0.0586698945082906,0.01635,High,1.9224176406860352,0.1200000047683715,60.45,-0.5007673452174437,0.6614157468992201,506.5,954.375719316302,Western Eyre Peninsula,SA03.02,SA03.02.03,0.8827,14.577510908763257,-32.13083107703837,133.67166289129557,2.0437051709608745,6.148497809196408,12.697815894164146,213.3745320461433,217.0626128915514,POINT (133.67166289129557 -32.13083107703837),Short (2022),5,3,Southern Coasts,Short (2022)
377,522,aus0876,0.0786120174988262,0.03385,Medium,1.9224176406860352,0.1240000054240226,60.45,-0.5007673452174437,0.6614157468992201,507.0,468.439747467244,Western Eyre Peninsula,SA03.02,SA03.02.03,0.8827,11.225904810975246,-32.12384350915691,133.6715126861715,2.0437051709608745,6.148497809196408,12.697815894164146,213.3745320461433,217.0626128915514,POINT (133.6715126861715 -32.12384350915691),Short (2022),5,3,Southern Coasts,Short (2022)
378,523,aus0887,0.0607063039366703,0.0177,High,1.8610413074493408,0.5940000414848328,60.33,-0.4721243909343577,0.6506334849409445,529.0,589.675609139838,Western Eyre Peninsula,SA03.03,SA03.03.01,0.13966,4.918186010022463,-32.1954818263352,133.41759785741056,2.0437051709608745,6.148497809196408,12.697815894164146,213.3745320461433,217.0626128915514,POINT (133.41759785741056 -32.1954818263352),Short (2022),5,3,Southern Coasts,Short (2022)
379,525,aus0893,0.0357687703749727,0.0093,High,1.8143105506896973,1.4760000705718994,60.26,-0.4560657786049898,0.6372735250718032,366.5,18296.29722521974,Western Eyre Peninsula,SA03.03,SA03.03.01,0.14359,5.192117594416496,-32.12387790077011,133.0772009652079,1.9401007766260805,5.893015723726026,13.027012715032566,210.75757352895695,213.27659072284348,POINT (133.0772009652079 -32.12387790077011),Short (2022),5,3,Southern Coasts,Short (2022)
380,526,aus0894,0.0524122670976845,0.0172,High,1.8111321926116943,1.7020000219345093,60.61,-0.4553416649206809,0.6424528914837121,702.5,328.7556962890117,Western Eyre Peninsula,SA03.03,SA03.03.01,0.13966,207.2993797002195,-32.084023390242606,132.98216944974,1.9401007766260805,5.893015723726026,13.027012715032566,210.75757352895695,213.27659072284348,POINT (132.98216944974 -32.084023390242606),Short (2022),5,3,Southern Coasts,Short (2022)
381,527,aus0904,0.0983624744755192,0.0333,Medium,1.800727367401123,1.752000093460083,61.85,-0.4517216854361295,0.6620867791452452,818.0,911.9986321489832,Western Eyre Peninsula,SA03.03,SA03.03.01,0.36602,3.8100202865094905,-31.95095221506379,132.69035048258527,1.9866517936808772,5.86794074218885,12.9026570601561,208.31373181229336,211.46979223684104,POINT (132.69035048258527 -31.95095221506379),Short (2022),5,3,Southern Coasts,Short (2022)
382,528,aus0906,0.0624134929069458,0.0169,High,1.7981213331222534,1.7280000448226929,61.83,-0.4507139889753377,0.6610385314972979,809.0,2684.094124654245,Western Eyre Peninsula,SA03.03,SA03.03.01,0.16199,31.19445706784516,-31.94014685426756,132.6233840518946,1.9866517936808772,5.86794074218885,12.9026570601561,208.31373181229336,211.46979223684104,POINT (132.6233840518946 -31.94014685426756),Short (2022),5,3,Southern Coasts,Short (2022)
383,529,aus0908,0.051213591095601,0.0158,High,1.7963429689407349,1.662000060081482,60.6,-0.4512533621865022,0.6374009264156184,485.0,19522.81928402247,Western Eyre Peninsula,SA03.03,SA03.03.01,0.16199,18.91523486947879,-31.94517315535221,132.51449393655022,1.9866517936808772,5.86794074218885,12.9026570601561,208.31373181229336,211.46979223684104,POINT (132.51449393655022 -31.94517315535221),Short (2022),5,3,Southern Coasts,Short (2022)
384,531,aus0910,0.0690782024689124,0.0304,Medium,1.7743353843688965,1.856000065803528,62.02,-0.4492303759498404,0.6511570772693331,393.0,3539.457876209729,Western Eyre Peninsula,SA03.03,SA03.03.01,0.29321,5.76380476578708,-32.01367764598282,132.35197918713263,1.9866517936808772,5.86794074218885,12.9026570601561,208.31373181229336,211.46979223684104,POINT (132.35197918713263 -32.01367764598282),Short (2022),5,3,Southern Coasts,Short (2022)
385,534,aus0915,0.0391369490864823,0.0164,High,1.7698121070861816,1.9820001125335691,62.76,-0.4689009303080647,0.641760237295354,351.0,6261.322352230569,Western Eyre Peninsula,SA03.03,SA03.03.02,0.16551,652.8585526123829,-31.88173858727061,132.01012378564474,2.194675966292868,6.315594119149969,12.94696390745299,209.84350690306167,213.47090579608405,POINT (132.01012378564474 -31.88173858727061),Short (2022),5,3,Southern Coasts,Short (2022)
386,535,aus0916,0.0598046531277302,0.0337,Medium,1.7716946601867676,1.846000075340271,62.07,-0.4684008398492497,0.6313654633594293,326.0,12877.45042599526,Western Eyre Peninsula,SA03.03,SA03.03.02,0.14132,22.20160607432551,-31.82305334329337,131.9211028847586,2.194675966292868,6.315594119149969,12.94696390745299,209.84350690306167,213.47090579608405,POINT (131.9211028847586 -31.82305334329337),Short (2022),5,3,Southern Coasts,Short (2022)
387,537,aus0918,0.079230839971142,0.0342,Medium,1.7966995239257812,1.5980000495910645,63.66,-0.4714311294388706,0.6724085679157292,737.0,3875.778477998479,Western Eyre Peninsula,SA03.03,SA03.03.02,0.20877,390.7728353140135,-31.54353132409383,131.37012995940498,1.9482987004997565,5.5572861085916,12.563042558841737,199.72642618607185,204.28682201179697,POINT (131.37012995940498 -31.54353132409383),Short (2022),5,3,Southern Coasts,Short (2022)
388,538,aus0919,0.0706085584169141,0.0429,Medium,1.795084834098816,1.6940001249313354,61.82,-0.4363781231674727,0.6733157218365818,316.5,24216.50504702008,Western Eyre Peninsula,SA03.03,SA03.03.02,0.16551,0.0,-31.494383727239573,131.24239100133136,1.9482987004997565,5.5572861085916,12.563042558841737,199.72642618607185,204.28682201179697,POINT (131.24239100133136 -31.494383727239573),Short (2022),5,3,Southern Coasts,Short (2022)
389,551,aus0939,0.0559742108484261,0.0308,Medium,1.3048698902130127,1.50600004196167,63.08,-0.2683896802947981,0.5547000322364788,351.5,2077.723013038753,Nullarbor,WA01.01,WA01.01.02,0.12674,61.171643235878086,-32.2951834608061,126.83028267499486,1.9909854140265484,5.816158428850942,11.901646205154726,187.9810371181211,196.63365351060548,POINT (126.83028267499486 -32.2951834608061),Short (2022),5,3,Southern Coasts,Short (2022)
390,552,aus0940,0.0468096352029015,0.0228,High,1.3048698902130127,1.50600004196167,63.08,-0.2683896802947981,0.5547000322364788,383.0,1599.122354098444,Nullarbor,WA01.01,WA01.01.02,0.12674,21.58783163638424,-32.2932787902159,126.80782594169114,1.9909854140265484,5.816158428850942,11.901646205154726,187.9810371181211,196.63365351060548,POINT (126.80782594169114 -32.2932787902159),Short (2022),5,3,Southern Coasts,Short (2022)
391,555,aus0948,0.0387578533586766,0.0217,High,1.2806267738342283,1.058000087738037,70.51,-0.3098196460881726,0.5930993414968484,425.0,1212.76543351655,Nullarbor,WA01.03,WA01.03.01,0.16267,8.44214708670754,-32.92952213656174,124.50775647348112,1.549061468900104,4.335524889512166,10.095718271653414,166.78366378671984,175.8408198674167,POINT (124.50775647348112 -32.92952213656174),Short (2022),5,3,Southern Coasts,Short (2022)
392,556,aus0949,0.0455494152347769,0.0254,Medium,1.280896782875061,1.194000005722046,64.04,-0.2612737291418948,0.5589910247187647,370.5,2024.758142720171,Nullarbor,WA01.03,WA01.03.01,0.16267,30.242643052305034,-32.93675928340101,124.45293788308808,1.549061468900104,4.335524889512166,10.095718271653414,166.78366378671984,175.8408198674167,POINT (124.45293788308808 -32.93675928340101),Short (2022),5,3,Southern Coasts,Short (2022)
393,557,aus0950,0.0518076650175184,0.03045,Medium,1.2809195518493652,1.1200000047683716,64.12,-0.2618278669824641,0.559448201775468,184.0,268.5848977471844,Nullarbor,WA01.03,WA01.03.01,0.16267,28.049341189413862,-32.94813824657212,124.39898873811477,1.549061468900104,4.335524889512166,10.095718271653414,166.78366378671984,175.8408198674167,POINT (124.39898873811477 -32.94813824657212),Short (2022),5,3,Southern Coasts,Short (2022)
394,558,aus0953,0.0433520260477403,0.025,High,1.2797613143920898,1.02400004863739,64.26,-0.2627904725656884,0.559623222244983,280.0,338.8691399527212,Nullarbor,WA01.03,WA01.03.01,0.16267,3.581884965952032,-33.010956455328255,124.25078845596973,1.549061468900104,4.335524889512166,10.095718271653414,166.78366378671984,175.8408198674167,POINT (124.25078845596973 -33.010956455328255),Short (2022),5,3,Southern Coasts,Short (2022)
395,559,aus0954,0.0566691798404151,0.03635,Medium,1.2797613143920898,0.8920000195503235,64.26,-0.2627904725656884,0.559623222244983,368.5,591.1745427319883,Nullarbor,WA01.03,WA01.03.01,0.16267,0.0,-33.04266763816366,124.21018369807145,1.1649993765638875,2.9365257930645017,8.785630849850484,156.62183109336468,162.2003067640233,POINT (124.21018369807145 -33.04266763816366),Short (2022),5,3,Southern Coasts,Short (2022)
396,560,aus0955,0.0522987981035915,0.02225,High,1.2778310775756836,0.8920000195503235,64.69,-0.2673179359363103,0.5592618365387535,376.0,399.4776678490939,Nullarbor,WA01.03,WA01.03.01,0.16267,0.0,-33.07740533999315,124.17288318220768,1.1649993765638875,2.9365257930645017,8.785630849850484,156.62183109336468,162.2003067640233,POINT (124.17288318220768 -33.07740533999315),Short (2022),5,3,Southern Coasts,Short (2022)
397,561,aus0956,0.0593213447408638,0.0317,Medium,1.2778310775756836,0.8180000185966492,64.69,-0.2673179359363103,0.5592618365387535,364.0,2970.841827595321,Nullarbor,WA01.03,WA01.03.01,0.16267,0.0,-33.11490441186406,124.13933685488637,1.1649993765638875,2.9365257930645017,8.785630849850484,156.62183109336468,162.2003067640233,POINT (124.13933685488637 -33.11490441186406),Short (2022),5,3,Southern Coasts,Short (2022)
398,562,aus0957,0.0570534366004699,0.0428,Medium,1.2749568223953247,0.8180000185966492,64.82,-0.2677427008755022,0.5587269138543451,364.0,918.3339505634938,Nullarbor,WA01.03,WA01.03.01,0.16267,12.432093554429205,-33.156251866036364,124.11233950537704,1.1649993765638875,2.9365257930645017,8.785630849850484,156.62183109336468,162.2003067640233,POINT (124.11233950537704 -33.156251866036364),Short (2022),5,3,Southern Coasts,Short (2022)
399,563,aus0958,0.0490845060445496,0.0234,High,1.2749568223953247,0.930000066757202,64.82,-0.2677427008755022,0.5587269138543451,381.0,820.2020870462896,Nullarbor,WA01.03,WA01.03.01,0.16267,13.56262414718844,-33.20029671195291,124.09261863929407,1.1649993765638875,2.9365257930645017,8.785630849850484,156.62183109336468,162.2003067640233,POINT (124.09261863929407 -33.20029671195291),Short (2022),5,3,Southern Coasts,Short (2022)
400,564,aus0959,0.0624432362224385,0.0423,Medium,1.2709019184112549,1.0040000677108765,64.91,-0.2678003585685014,0.5571186339493478,380.0,1096.590531192542,Nullarbor,WA01.03,WA01.03.02,0.16267,0.0,-33.24614564250226,124.079145961943,1.1649993765638875,2.9365257930645017,8.785630849850484,156.62183109336468,162.2003067640233,POINT (124.079145961943 -33.24614564250226),Short (2022),5,3,Southern Coasts,Short (2022)
401,570,aus0969,0.057088276396526,0.022,High,1.216128706932068,0.5060000419616699,66.04,-0.2689472699718576,0.5341554042486916,409.0,529.3037460065174,Nullarbor,WA01.03,WA01.03.03,0.34389,0.1025549722720252,-33.58680841879516,123.92729322569262,2.2366781063581027,5.572984464616076,12.110741687382712,188.73245203615136,201.5034482861342,POINT (123.92729322569262 -33.58680841879516),Short (2022),5,3,Southern Coasts,Short (2022)
402,571,aus0971,0.0608726502585109,0.02845,Medium,1.216128706932068,0.5060000419616699,66.04,-0.2689472699718576,0.5341554042486916,369.0,4261.779152413323,Nullarbor,WA01.03,WA01.03.03,0.20166,152.75423537505824,-33.595761586675025,123.88430748472769,2.2366781063581027,5.572984464616076,12.110741687382712,188.73245203615136,201.5034482861342,POINT (123.88430748472769 -33.595761586675025),Short (2022),5,3,Southern Coasts,Short (2022)
403,572,aus0972,0.0659090289912801,0.0412,Medium,1.2059788703918457,1.0660001039505005,66.42,-0.2711036012030087,0.5298976221698615,319.0,23135.15288556173,Nullarbor,WA01.03,WA01.03.03,0.30993,0.0,-33.69278922310634,123.79358944755243,2.2366781063581027,5.572984464616076,12.110741687382712,188.73245203615136,201.5034482861342,POINT (123.79358944755243 -33.69278922310634),Short (2022),5,3,Southern Coasts,Short (2022)
404,573,aus0973,0.054326195403012,0.04265,Medium,1.181734323501587,1.0920000076293943,67.28,-0.2750350344854111,0.5200315812167983,379.5,3472.492871096294,Nullarbor,WA01.03,WA01.03.04,0.30993,594.764011683349,-33.8061577246186,123.74283366554565,2.2366781063581027,5.572984464616076,12.110741687382712,188.73245203615136,201.5034482861342,POINT (123.74283366554565 -33.8061577246186),Short (2022),5,3,Southern Coasts,Short (2022)
405,575,aus0989,0.0555348394607286,0.04,Medium,1.1395124197006226,1.0480000972747805,70.41,-0.2589929290540484,0.5433217293150927,355.0,1808.205529152993,Southern WA,WA02.01,WA02.01.01,0.19751,37.797161293563626,-33.91534529140481,123.3369088683572,2.155073505377364,5.228282393593945,11.979806590002845,189.4580765717588,201.6568505235064,POINT (123.3369088683572 -33.91534529140481),Short (2022),5,3,Southern Coasts,Short (2022)
406,576,aus0990,0.0598836508020279,0.0347,Medium,1.1395124197006226,1.0480000972747805,70.38,-0.25861360314937,0.5433217293150927,343.0,319.0369690375992,Southern WA,WA02.01,WA02.01.01,0.26794,3.6386376874022273,-33.93206215857085,123.3248289340772,2.155073505377364,5.228282393593945,11.979806590002845,189.4580765717588,201.6568505235064,POINT (123.3248289340772 -33.93206215857085),Short (2022),5,3,Southern Coasts,Short (2022)
407,577,aus1004,0.0563501598547705,0.0435,Medium,1.1412023305892944,0.2860000133514404,78.37,-0.3485543582518807,0.5458053288254917,598.0,15307.37118430341,Southern WA,WA02.01,WA02.01.02,0.15713,0.0,-33.87645546287317,123.0834486583128,1.740452097153419,4.239448856016256,10.857907510590111,196.282278388848,204.66972557800565,POINT (123.0834486583128 -33.87645546287317),Short (2022),5,3,Southern Coasts,Short (2022)
408,579,aus1007,0.0459099096363041,0.0237,High,1.141034722328186,0.2000000029802322,78.46,-0.3498987367183516,0.5454125198060222,281.0,2029.594518167409,Southern WA,WA02.01,WA02.01.02,0.24486,97.87413349578436,-33.88340018609765,122.9869253521136,1.740452097153419,4.239448856016256,10.857907510590111,196.282278388848,204.66972557800565,POINT (122.9869253521136 -33.88340018609765),Short (2022),5,3,Southern Coasts,Short (2022)
409,581,aus1018,0.0576690213128799,0.048,Medium,1.130484104156494,0.3640000224113464,79.38,-0.3522401370584311,0.5451569733947607,449.0,4585.225183493568,Southern WA,WA02.01,WA02.01.03,0.37113,57.25086536174012,-33.88896441197158,122.67218261811377,1.740452097153419,4.239448856016256,10.857907510590111,196.282278388848,204.66972557800565,POINT (122.67218261811377 -33.88896441197158),Short (2022),5,3,Southern Coasts,Short (2022)
410,587,aus1026,0.0484347117868603,0.0335,Medium,1.122778296470642,0.3180000185966491,80.06,-0.3547100683479517,0.5441312258724558,361.0,5103.49077141094,Southern WA,WA02.01,WA02.01.04,0.15713,69.6642586516297,-33.93684782733345,122.54290087150753,1.740452097153419,4.239448856016256,10.857907510590111,196.282278388848,204.66972557800565,POINT (122.54290087150753 -33.93684782733345),Short (2022),5,3,Southern Coasts,Short (2022)
411,590,aus1037,0.0607329224417339,0.0499,Medium,1.114882230758667,0.4960000216960907,80.9,-0.3589556556549986,0.542942151605276,389.0,2970.841827595321,Southern WA,WA02.01,WA02.01.05,0.15073,0.0,-33.99015039606811,122.231884683483,2.779176387783626,6.844561006956898,12.898821428465602,205.61656884719437,215.7272064481412,POINT (122.231884683483 -33.99015039606811),Short (2022),5,3,Southern Coasts,Short (2022)
412,591,aus1039,0.0567798145253065,0.0267,Medium,1.1033085584640503,0.3420000076293945,72.82,-0.2614123161045733,0.5420371995722637,388.0,820.2020870462896,Southern WA,WA02.01,WA02.01.05,0.16154,45.0258950978035,-34.002695432251194,122.16536429585616,2.779176387783626,6.844561006956898,12.898821428465602,205.61656884719437,215.7272064481412,POINT (122.16536429585616 -34.002695432251194),Short (2022),5,3,Southern Coasts,Short (2022)
413,592,aus1043,0.0351926475958789,0.0314,Medium,1.0955560207366943,0.356000006198883,70.98,-0.238054618740882,0.5395268589898694,317.0,25112.48208693242,Southern WA,WA02.01,WA02.01.06,0.14865,75.10014351177458,-33.88924638615362,122.0622943868563,2.779176387783626,6.844561006956898,12.898821428465602,205.61656884719437,215.7272064481412,POINT (122.0622943868563 -33.88924638615362),Short (2022),5,3,Southern Coasts,Short (2022)
414,593,aus1044,0.0326404107749089,0.01665,High,1.0914485454559326,0.2200000137090683,72.68,-0.2576446586282402,0.5355941895889154,371.0,4936.72407692412,Southern WA,WA02.01,WA02.01.06,0.16724,40.65209148214463,-33.83483094238033,121.95932702214704,2.163046943653121,5.320538495776181,12.638337615892608,202.60608955539573,209.5033525744204,POINT (121.95932702214704 -33.83483094238033),Short (2022),5,3,Southern Coasts,Short (2022)
415,594,aus1045,0.0566722954424399,0.03905,Medium,1.0914485454559326,0.2200000137090683,72.73,-0.2576446586282402,0.5362032312435833,371.5,3506.829406166722,Southern WA,WA02.01,WA02.01.06,0.16958,0.0,-33.8394399028166,121.9152003925768,2.163046943653121,5.320538495776181,12.638337615892608,202.60608955539573,209.5033525744204,POINT (121.9152003925768 -33.8394399028166),Short (2022),5,3,Southern Coasts,Short (2022)
416,597,aus1048,0.0329578164970809,0.0167,High,1.0888313055038452,0.2200000137090683,71.25,-0.2412126523285205,0.5345778756465831,389.5,857.7328182558516,Southern WA,WA02.01,WA02.01.06,0.25703,0.0,-33.87802461149017,121.88109191327425,2.163046943653121,5.320538495776181,12.638337615892608,202.60608955539573,209.5033525744204,POINT (121.88109191327425 -33.87802461149017),Short (2022),5,3,Southern Coasts,Short (2022)
417,599,aus1051,0.0408634526693095,0.02755,Medium,1.0863717794418335,1.2680000066757202,71.42,-0.2422891366418939,0.5336518758915971,378.0,3532.527475866207,Southern WA,WA02.01,WA02.01.06,0.16494,4.411502564768512,-33.888876252004295,121.83584970397742,2.163046943653121,5.320538495776181,12.638337615892608,202.60608955539573,209.5033525744204,POINT (121.83584970397742 -33.888876252004295),Short (2022),5,3,Southern Coasts,Short (2022)
418,600,aus1052,0.0372791618140444,0.0212,High,1.0863717794418335,1.2380000352859497,72.88,-0.258091773332276,0.5336518758915971,387.0,948.5586411937268,Southern WA,WA02.01,WA02.01.06,0.18301,7.878393488760008,-33.89718910391356,121.81716570952878,2.163046943653121,5.320538495776181,12.638337615892608,202.60608955539573,209.5033525744204,POINT (121.81716570952878 -33.89718910391356),Short (2022),5,3,Southern Coasts,Short (2022)
419,601,aus1054,0.0415048735973934,0.03165,Medium,1.084217548370361,1.2380000352859497,73.71,-0.2662891294787957,0.5328659242098805,376.0,1129.605198102849,Southern WA,WA02.01,WA02.01.07,0.25349,106.23938843730252,-33.902233883555155,121.77969924144574,2.163046943653121,5.320538495776181,12.638337615892608,202.60608955539573,209.5033525744204,POINT (121.77969924144574 -33.902233883555155),Short (2022),5,3,Southern Coasts,Short (2022)
420,607,aus1065,0.0369538373062123,0.0295,Medium,1.0731027126312256,1.7700001001358032,83.09,-0.3631398977785284,0.5285448496875885,605.0,7167.989889692512,Southern WA,WA02.01,WA02.01.07,0.49312,0.0,-33.81816683016889,121.38101596104474,2.163046943653121,5.320538495776181,12.638337615892608,202.60608955539573,209.5033525744204,POINT (121.38101596104474 -33.81816683016889),Short (2022),5,3,Southern Coasts,Short (2022)
421,612,aus1070,0.0502434017771161,0.0285,Medium,1.069056749343872,1.618000030517578,83.45,-0.3643543708849961,0.5277206643751794,648.0,6833.850907717966,Southern WA,WA02.01,WA02.01.07,0.19615,0.0,-33.84477577048505,121.2163032836594,2.117882590894594,5.334930754221956,12.433939860047396,197.41387086290095,204.6463368649821,POINT (121.2163032836594 -33.84477577048505),Short (2022),5,3,Southern Coasts,Short (2022)
422,615,aus1073,0.0349456418452787,0.0237,High,1.0671167373657229,1.618000030517578,83.38,-0.3651219802808025,0.5246591594576516,608.0,904.8137651649168,Southern WA,WA02.02,WA02.02.01,0.37113,9.381825819427556,-33.86712958965307,121.17084213144256,2.117882590894594,5.334930754221956,12.433939860047396,197.41387086290095,204.6463368649821,POINT (121.17084213144256 -33.86712958965307),Short (2022),5,3,Southern Coasts,Short (2022)
423,616,aus1075,0.0415748055012316,0.046,Medium,1.0652002096176147,1.574000120162964,83.52,-0.3658039848133383,0.5238640222604117,398.0,6890.684992767171,Southern WA,WA02.02,WA02.02.01,0.26981,0.0,-33.85084617399264,121.1125862928935,2.117882590894594,5.334930754221956,12.433939860047396,197.41387086290095,204.6463368649821,POINT (121.1125862928935 -33.85084617399264),Short (2022),5,3,Southern Coasts,Short (2022)
424,622,aus1086,0.0673070645826035,0.04285,Medium,1.0553324222564695,1.272000074386597,84.22,-0.3692667039045093,0.5195216608650223,431.0,1227.716762479691,Southern WA,WA02.02,WA02.02.01,0.53589,337.34466359971543,-33.8779889615054,120.82546343631044,2.117882590894594,5.334930754221956,12.433939860047396,197.41387086290095,204.6463368649821,POINT (120.82546343631044 -33.8779889615054),Short (2022),5,3,Southern Coasts,Short (2022)
425,638,aus1123,0.0398166100141909,0.02345,High,1.0001763105392456,1.574000120162964,87.98,-0.3700382725923922,0.5098900270063454,343.5,573.1987720352681,Southern WA,WA03.01,WA03.01.02,0.29525,0.0,-34.4395760910087,119.39757822837444,1.9574694605161875,4.823057737596931,12.218393612649386,190.89031946088917,199.73822186195628,POINT (119.39757822837444 -34.4395760910087),Short (2022),5,3,Southern Coasts,Short (2022)
426,649,aus1158,0.054975268722571,0.0321,Medium,0.972022533416748,1.2580000162124634,94.36,-0.3836471478523644,0.5335463224771927,533.0,966.024474305366,Southern WA,WA03.01,WA03.01.05,0.32988,0.0,-34.92711273284154,118.21282831386598,2.384722681148736,5.608003462483117,12.2782412906563,197.9850158437368,208.7858736893627,POINT (118.21282831386598 -34.92711273284154),Short (2022),5,3,Southern Coasts,Short (2022)
427,651,aus1161,0.0417406024719157,0.03135,Medium,0.970139741897583,1.2760000228881836,95.06,-0.3875738803421275,0.5346529982643236,494.0,5847.975120517954,Southern WA,WA03.01,WA03.01.06,0.19479,13.144909540613233,-34.99075847432996,118.0852146550296,2.384722681148736,5.608003462483117,12.2782412906563,197.9850158437368,208.7858736893627,POINT (118.0852146550296 -34.99075847432996),Short (2022),5,3,Southern Coasts,Short (2022)
428,653,aus1166,0.0600922723894174,0.04265,Medium,0.971585214138031,1.212000012397766,95.03,-0.3882668447749698,0.5350652964124913,517.0,2411.143599386672,Southern WA,WA03.02,WA03.02.01,0.21764,6.798392743101484,-35.01110606837347,117.99513631968924,3.095554635054092,7.932093398038718,12.880477983024644,213.89008825827685,224.39436580155325,POINT (117.99513631968924 -35.01110606837347),Short (2022),5,3,Southern Coasts,Short (2022)
429,663,aus1186,0.0404999251766141,0.0495,Medium,0.934924066066742,2.462000131607056,92.42,-0.362191134341064,0.501878327565703,193.0,3029.642623677938,Southern WA,WA04.01,WA04.01.02,0.40053,306.1057597705184,-35.09305829906005,117.57048281339702,3.106492086800077,7.921425397699544,12.879318754230464,214.987969101802,225.1580244997735,POINT (117.57048281339702 -35.09305829906005),Short (2022),5,3,Southern Coasts,Short (2022)
430,667,aus1196,0.0457101420897408,0.0435,Medium,0.908530592918396,2.2880001068115234,96.73,-0.3661250040251524,0.5126837609594468,270.0,1005.151765842621,Southern WA,WA04.01,WA04.01.04,0.1638,361.2530133014501,-35.03085249155583,117.08016235382703,3.1243978722772185,7.988333443695404,12.879871211051013,215.91401160180587,225.97488568544497,POINT (117.08016235382703 -35.03085249155583),Short (2022),5,3,Southern Coasts,Short (2022)
431,669,aus1204,0.0287797512982108,0.0363,Medium,0.8917486667633057,2.2160000801086426,94.27,-0.3620261079820858,0.4786213583157325,216.0,1725.297230278587,Southern WA,WA04.01,WA04.01.05,0.30145,301.4932826393988,-35.04948440031736,116.88559504547575,2.6481506770683887,6.4981232164158325,12.877691836677997,218.2040592652812,224.50738108253108,POINT (116.88559504547575 -35.04948440031736),Short (2022),5,3,Southern Coasts,Short (2022)
432,670,aus1205,0.0296605149340249,0.01535,High,0.8917486667633057,2.2160000801086426,94.27,-0.3620261079820858,0.4786213583157325,253.5,396.6198266101963,Southern WA,WA04.01,WA04.01.05,0.30145,236.2804772309101,-35.04870192695769,116.8721858515042,2.6481506770683887,6.4981232164158325,12.877691836677997,218.2040592652812,224.50738108253108,POINT (116.8721858515042 -35.04870192695769),Short (2022),5,3,Southern Coasts,Short (2022)
433,671,aus1207,0.0287037402755135,0.0396,Medium,0.8917486667633057,2.2160000801086426,94.27,-0.3620261079820858,0.4786213583157325,213.5,1588.875604744386,Southern WA,WA04.01,WA04.01.05,0.29937,0.0,-35.0415292031623,116.84436236060886,2.6481506770683887,6.4981232164158325,12.877691836677997,218.2040592652812,224.50738108253108,POINT (116.84436236060886 -35.0415292031623),Short (2022),5,3,Southern Coasts,Short (2022)
434,672,aus1208,0.0306714762334107,0.0343,Medium,0.8869099617004395,2.212000131607056,96.7,-0.3610814129474238,0.4966012047092853,300.0,10828.1062674862,Southern WA,WA04.01,WA04.01.05,0.57834,63.322224563571005,-35.021346777935086,116.78195060905604,2.6481506770683887,6.4981232164158325,12.877691836677997,218.2040592652812,224.50738108253108,POINT (116.78195060905604 -35.021346777935086),Short (2022),5,3,Southern Coasts,Short (2022)
435,673,aus1213,0.030100233861869,0.0424,Medium,0.8626336455345154,2.700000047683716,98.18,-0.3549098394946193,0.4919985717720585,455.0,1554.043650164339,Southern WA,WA04.02,WA04.02.01,0.29118,4.370684788368751,-35.00661532952076,116.53852887746883,2.6481506770683887,6.4981232164158325,12.877691836677997,218.2040592652812,224.50738108253108,POINT (116.53852887746883 -35.00661532952076),Short (2022),5,3,Southern Coasts,Short (2022)
436,674,aus1215,0.048131064342765,0.04645,Medium,0.8626336455345154,2.562000036239624,97.7,-0.3549098394946193,0.4879212508484045,482.0,406.4770069064195,Southern WA,WA04.02,WA04.02.01,0.37371,16.329026835225907,-35.005445386109216,116.50833228794528,2.6481506770683887,6.4981232164158325,12.877691836677997,218.2040592652812,224.50738108253108,POINT (116.50833228794528 -35.005445386109216),Short (2022),5,3,Southern Coasts,Short (2022)
437,675,aus1223,0.0310725261904481,0.0153,High,0.8665503859519958,2.182000160217285,98.81,-0.3579807224030418,0.4982626136526473,244.0,10867.86453374633,Southern WA,WA04.02,WA04.02.02,0.39229,5.262434549831397,-34.8435121659014,116.07367459893054,2.897082027372808,7.277963277241567,12.701847916927203,218.99282627163956,226.0022238499988,POINT (116.07367459893054 -34.8435121659014),Short (2022),5,3,Southern Coasts,Short (2022)
438,676,aus1225,0.0277673210084192,0.0239,High,0.8746845722198486,2.4660000801086426,99.81,-0.3655881010353414,0.5074616459833413,257.0,2148.250875223964,Southern WA,WA04.03,WA04.03.01,0.22531,0.0,-34.81021801999267,116.00109032423109,2.897082027372808,7.277963277241567,12.701847916927203,218.99282627163956,226.0022238499988,POINT (116.00109032423109 -34.81021801999267),Short (2022),5,3,Southern Coasts,Short (2022)
439,679,aus1233,0.0273788274966277,0.0167,High,0.9210171699523926,2.382000207901001,100.95,-0.4017117744983932,0.5280511207068982,250.0,7467.669162020808,Southern WA,WA04.03,WA04.03.01,0.39229,21.60248999750426,-34.44190288209762,115.60992691103156,2.7912352838173744,7.061300672084917,12.916895161959516,220.363970181852,226.17789802007923,POINT (115.60992691103156 -34.44190288209762),Short (2022),5,3,Southern Coasts,Short (2022)
440,680,aus1235,0.0308284286992013,0.0242,High,0.9210171699523926,2.502000093460083,100.95,-0.4017117744983932,0.5280511207068982,295.0,1218.281803791338,Southern WA,WA04.03,WA04.03.02,0.54715,0.0,-34.41236677416658,115.53960791498903,2.7912352838173744,7.061300672084917,12.916895161959516,220.363970181852,226.17789802007923,POINT (115.53960791498903 -34.41236677416658),Short (2022),5,3,Southern Coasts,Short (2022)
441,681,aus1237,0.0388688723448889,0.0267,Medium,0.9223286509513856,2.2980000972747803,100.78,-0.4040265305142681,0.5254541049961197,316.5,5944.403070078147,Southern WA,WA04.03,WA04.03.02,0.6029,0.0,-34.370467534776,115.46420934625412,2.7912352838173744,7.061300672084917,12.916895161959516,220.363970181852,226.17789802007923,POINT (115.46420934625412 -34.370467534776),Short (2022),5,3,Southern Coasts,Short (2022)
442,682,aus1238,0.0395995128411159,0.0274,Medium,0.9223286509513856,2.378000020980835,104.95,-0.4425553645621163,0.5254541049961197,429.0,1216.584289177784,Southern WA,WA04.03,WA04.03.02,0.6029,244.54993097512505,-34.34861614937156,115.42918916647204,2.7912352838173744,7.061300672084917,12.916895161959516,220.363970181852,226.17789802007923,POINT (115.42918916647204 -34.34861614937156),Short (2022),5,3,Southern Coasts,Short (2022)
443,683,aus1239,0.0432302585128229,0.0371,Medium,0.9172024726867676,1.752000093460083,105.45,-0.4487193772846968,0.5184299756670171,466.0,26909.71899859367,Southern WA,WA04.03,WA04.03.02,0.6029,0.0,-34.31639527216057,115.29480085132565,2.7912352838173744,7.061300672084917,12.916895161959516,220.363970181852,226.17789802007923,POINT (115.29480085132565 -34.31639527216057),Short (2022),5,3,Southern Coasts,Short (2022)
444,684,aus1243,0.0355070463493789,0.0133,High,0.90594083070755,2.564000129699707,107.18,-0.4473946512231226,0.5236110019047062,561.0,705.7704655124695,Southern WA,WA04.03,WA04.03.02,0.61985,111.02806865547028,-34.36870860193567,115.14241510248164,3.0787086086574087,7.806986702019119,12.925368138177824,219.7385681521881,226.28241942720027,POINT (115.14241510248164 -34.36870860193567),Short (2022),5,3,Southern Coasts,Short (2022)
797,1252,aus4442,0.0329358740333026,0.0193,High,1.0863362550735474,2.658000230789185,71.32,-0.5064153677766697,0.268401265740169,283.0,1212.864847739776,West Tasmania,TAS02.03,TAS02.03.03,0.3276,22.54373724870838,-41.93353152381431,145.17760595133714,3.1010310137884414,8.169502825993343,12.811834069417609,244.7785224302984,246.74810444799,POINT (145.17760595133714 -41.93353152381431),Short (2022),4,3,Southern Coasts,Short (2022)
798,1254,aus4476,0.0403405011890651,0.0347,Medium,1.1603097915649414,1.996000051498413,71.43,-0.4421777796293403,0.3865841776319305,209.0,5375.534153196601,West Tasmania,TAS02.03,TAS02.03.06,0.17678,43.676089274988506,-40.89047245930358,144.6951542452418,2.7551103879566163,6.913880997306178,12.326085356469251,241.7742356962478,244.1603706530845,POINT (144.6951542452418 -40.89047245930358),Short (2022),4,3,Southern Coasts,Short (2022)
799,1255,aus4500,0.0324826323549917,0.0021,High,3.0576179027557373,0.5200000405311584,98.77,-1.8037742089005988,1.2162876805908551,408.0,754.4245298575231,North Tasmania,TAS03.01,TAS03.01.02,0.15496,11.959347218241762,-40.853840832279786,145.39059760521835,1.4033720667331109,4.394490481334329,9.965802519682144,230.70149557788343,270.5229098878147,POINT (145.39059760521835 -40.853840832279786),Short (2022),4,3,Southern Coasts,Short (2022)
800,1256,aus4501,0.0666322212572333,0.0058,High,3.0492806434631348,0.4200000166893005,98.83,-1.793394880658928,1.2200874651818383,447.5,327.1110426791413,North Tasmania,TAS03.01,TAS03.01.02,0.15177,0.3905057214350163,-40.86009336179852,145.41268753133966,1.4033720667331109,4.394490481334329,9.965802519682144,230.70149557788343,270.5229098878147,POINT (145.41268753133966 -40.86009336179852),Short (2022),4,3,Southern Coasts,Short (2022)
801,1257,aus4526,0.0470942304443747,0.0045,High,3.123043298721313,0.5,98.76,-1.7907221277979286,1.293707025498464,284.0,617.3689283842086,North Tasmania,TAS03.01,TAS03.01.02,0.32988,50.81322698229877,-41.10145861548532,146.04794627759685,0.7528884998902964,3.2126623613126983,6.2555643475325695,207.0964127685876,325.4176736971276,POINT (146.04794627759685 -41.10145861548532),Short (2022),4,3,Southern Coasts,Short (2022)
802,1258,aus4528,0.0416072256790778,0.00635,High,3.13374400138855,0.4000000059604645,98.18,-1.764766490984367,1.3120127667030703,249.0,2408.985392599852,North Tasmania,TAS03.01,TAS03.01.02,0.22688,11.434944934707293,-41.15175704960608,146.18476867435197,0.7528884998902964,3.2126623613126983,6.2555643475325695,207.0964127685876,325.4176736971276,POINT (146.18476867435197 -41.15175704960608),Short (2022),4,3,Southern Coasts,Short (2022)
803,1260,aus4547,0.134345204708855,0.0442,Medium,2.946920156478882,0.4960000216960907,105.73,-1.737453724328322,1.3782344649306444,716.5,779.0355508948968,North Tasmania,TAS03.02,TAS03.02.03,0.20877,19.84134993941006,-40.9797815883922,147.3785655931441,0.7624996222942039,3.271517648515065,5.926207120329749,222.86938920033396,310.41695463649177,POINT (147.3785655931441 -40.9797815883922),Short (2022),4,3,Southern Coasts,Short (2022)
804,1261,aus4550,0.0310222741081453,0.00095,High,2.7231693267822266,0.5160000324249268,105.27,-1.578194807171526,1.288620433107872,327.0,2136.243605855698,North Tasmania,TAS03.02,TAS03.02.03,0.31644,766.8536730431482,-40.82780270948628,147.65850961533803,1.452689708423421,5.229202489503016,7.622028356207169,222.414841238438,278.4757308154774,POINT (147.65850961533803 -40.82780270948628),Short (2022),4,3,Southern Coasts,Short (2022)
805,1262,aus4552,0.046257621323991,0.00595,High,2.7231693267822266,0.4820000231266022,105.27,-1.578194807171526,1.288620433107872,350.0,5652.806662641621,North Tasmania,TAS03.02,TAS03.02.03,0.18049,10.791043712754323,-40.85645698594232,147.71072778470904,1.452689708423421,5.229202489503016,7.622028356207169,222.414841238438,278.4757308154774,POINT (147.71072778470904 -40.85645698594232),Short (2022),4,3,Southern Coasts,Short (2022)
