,hs_max,hs_mean,dir,tp,d50,beach_slope_average,dataset,mstr,latitude,longitude
0,0.7617589345206062,0.6615152130106217,90.24949890563336,8.169431057131568,0.155939469,0.0451357466063348,rossi,1.6591230630874634,29.162211169361363,-80.94200921604443
1,0.5901301372763065,0.5086942905900015,80.82377991567343,8.123483298443421,0.18441818,0.0749318801089918,rossi,1.824101686477661,29.645555665452942,-81.1954593741193
2,0.8809529445217391,0.7255852700628806,88.937432281623,8.380413590182977,0.247251431,0.065505617977528,"McFall, 2022",1.3584672212600708,35.66994436755813,-75.47155120929787
3,0.733989143066846,0.636615768402351,94.09071854033664,8.248668353623,0.138413998,0.0621824104234527,rossi,1.4877971410751345,28.302757537388047,-80.56872720069617
4,0.4248162878607845,0.3539550184536185,115.65550623595668,7.283453469695511,0.167247418,0.0789054726368159,C_Alexander,2.2614266872406006,30.795247010539228,-81.41487981638898
5,0.3157484110026908,0.2609705351631496,120.05372245826771,7.09124382164915,0.126750602,0.034296875,C_Alexander,2.556210517883301,31.43059734072274,-81.20799947890829
6,0.998322164495114,0.8425809509238068,68.6559924479493,7.379679295654722,0.234888053,0.1026494023904382,rossi,1.1591616868972778,26.6891384143289,-80.01602223386001
7,0.5318519634023509,0.4582191094010763,93.835715694395,7.908855821298102,0.164146561,0.0470281124497992,rossi,1.8807613849639893,29.815275386506205,-81.25720931089174
8,0.4402652102305622,0.3365558472577538,142.6420094309051,6.658452065198017,0.11,0.0331434599156118,Fenster et al (2016),1.680526852607727,37.136746980374014,-75.86915218474374
9,0.8668794031596091,0.7578580783598641,82.37769752406768,8.281070118671293,0.183144338,0.0504558404558404,rossi,1.6167385578155518,29.036170173641704,-80.86981078650885
10,0.7187468785189067,0.5814631333710523,123.25585436643397,7.634608835517065,0.15,0.0525,Fenster et al (2016),1.6060380935668943,37.54565519115002,-75.60432532353039
11,0.4402652102305622,0.3365558472577538,142.6420094309051,6.658452065198017,0.11,0.0331434599156118,Fenster et al (2016),1.680526852607727,37.13567441240322,-75.87019193297067
12,0.5377636167980456,0.4456469095251381,120.80599763306742,7.074915685804844,0.126750602,0.0441470588235294,C_Alexander,2.5055906772613525,31.390339252720334,-81.20542845503239
13,1.1257992847262428,0.9092582874512108,142.98476675722137,7.898359318148279,0.16635598,0.0658670520231213,Fenster et al (2016),1.36271870136261,35.08515100933678,-75.9443013119733
14,0.3460293554567342,0.2803719290808668,125.47161169053392,6.697699292131993,0.126750602,0.0441470588235294,C_Alexander,2.5055906772613525,31.356257807919164,-81.23946953397615
15,0.5825824503457018,0.4701766601580512,120.0874529122787,7.838792322029741,0.15,0.0525,Fenster et al (2016),1.6060380935668943,37.57935053316464,-75.60403862808066
16,0.7414926834235944,0.6384861268041353,79.80630223589236,7.98359860273998,0.18441818,0.0749318801089918,rossi,1.824101686477661,29.612854153357155,-81.16240332123769
17,0.4402652102305622,0.3365558472577538,142.6420094309051,6.658452065198017,0.11,0.0331434599156118,Fenster et al (2016),1.680526852607727,37.13567441240322,-75.87019193297067
18,0.2640926170182693,0.2109170754170797,130.43604974445876,6.057700258130349,0.145597771,0.0626744186046511,C_Alexander,2.522930860519409,31.368635039540976,-81.27478553598216
19,0.3460740111617335,0.2810409483595808,138.66148540706982,6.930423704299249,0.090577125,0.0302325581395348,"McFall, 2022",1.967404127120972,32.81450221311244,-79.73783499286098
20,0.7414926834235944,0.6384861268041353,79.80630223589236,7.98359860273998,0.18441818,0.0749318801089918,rossi,1.824101686477661,29.612854153357155,-81.16240332123769
21,0.9851914331723554,0.8071831037496106,133.05663886352076,8.244320174277583,0.23699231,0.0630755395683453,Fenster et al (2016),1.3966169357299805,34.79200270949006,-76.36017461968981
22,0.3612395109502903,0.2824306133216258,133.85672925374325,6.6735136645120265,0.13,0.0414285714285714,Fenster et al (2016),1.7345619201660156,37.26739124586466,-75.79633618211466
23,0.5141410552527971,0.4289490985844781,118.6984240264042,7.234874900844356,0.126750602,0.0441470588235294,C_Alexander,2.5055906772613525,31.222721503539223,-81.27292419390518
24,0.4039112507430958,0.3326687884680641,120.56013899812184,7.115335058073514,0.197517262,0.0440714285714285,C_Alexander,2.4822428226470947,31.137472891194285,-81.35266995168044
25,0.7187468785189067,0.5814631333710523,123.25585436643397,7.634608835517065,0.15,0.0525,Fenster et al (2016),1.6060380935668943,37.54565519115002,-75.60432532353039
26,0.5901301372763065,0.5086942905900015,80.82377991567343,8.123483298443421,0.18441818,0.0749318801089918,rossi,1.824101686477661,29.646398462616524,-81.19582910179423
27,0.2492911988259453,0.2011831327877071,134.40723417723947,5.906535278232668,0.167247418,0.0264921465968586,C_Alexander,2.3176193237304688,30.9164421628676,-81.42883132863659
28,1.1257992847262428,0.9092582874512108,142.98476675722137,7.898359318148279,0.16635598,0.0658670520231213,Fenster et al (2016),1.36271870136261,35.083885848169885,-75.94657365092428
29,0.2842626087844498,0.2322326256792239,121.85297720474944,6.772126090446175,0.126750602,0.0441470588235294,C_Alexander,2.5055906772613525,31.28998523706129,-81.27252407900097
30,0.8668794031596091,0.7578580783598641,82.37769752406768,8.281070118671293,0.183144338,0.0504558404558404,rossi,1.6167385578155518,29.034972322889217,-80.8690686939353
31,0.3612395109502903,0.2824306133216258,133.85672925374325,6.6735136645120265,0.13,0.0414285714285714,Fenster et al (2016),1.7345619201660156,37.26901116210752,-75.79644477111248
32,0.5825824503457018,0.4701766601580512,120.0874529122787,7.838792322029741,0.15,0.0525,Fenster et al (2016),1.6060380935668943,37.5795283274556,-75.60389417600703
33,0.8272227276635038,0.6705542235359016,87.37504511446963,7.745887916245858,0.23134549,0.0543034825870646,"McFall, 2022",1.408286452293396,36.38984320795885,-75.8013857575712
34,0.6739062274788273,0.5738834126483501,91.5109855581262,7.604686119354624,0.226887073,0.0391944444444444,rossi,1.6763266324996948,29.23662465488617,-80.99740462378023
35,0.5825824503457018,0.4701766601580512,120.0874529122787,7.838792322029741,0.15,0.0525,Fenster et al (2016),1.6060380935668943,37.57917049117245,-75.6041821502591
36,0.461845147428976,0.3704929332780059,133.3011558328055,7.0409505711100415,0.13,0.0414285714285714,Fenster et al (2016),1.7345619201660156,37.23544259848784,-75.7964229281114
37,0.4402652102305622,0.3365558472577538,142.6420094309051,6.658452065198017,0.11,0.0331434599156118,Fenster et al (2016),1.680526852607727,37.136746980374014,-75.86915218474374
38,0.399555281066846,0.3275310958728225,102.57584201313468,7.66925408156451,0.23134549,0.0565878378378378,"McFall, 2022",1.4153703451156616,36.35960426786514,-75.81201423521608
39,0.3460740111617335,0.2810409483595808,138.66148540706982,6.930423704299249,0.090577125,0.0397802197802197,"McFall, 2022",1.9732896089553835,32.798091899965215,-79.76983438681972
40,0.399555281066846,0.3275310958728225,102.57584201313468,7.66925408156451,0.23134549,0.0543034825870646,"McFall, 2022",1.408286452293396,36.32057372802047,-75.80046356528115
41,1.125372179968843,0.9157404550341312,138.09004406574138,8.033775078380542,0.19366957,0.0633168316831683,Fenster et al (2016),1.3945913314819336,34.97224666215129,-76.12139689887621
42,0.7617589345206062,0.6615152130106217,90.24949890563336,8.169431057131568,0.155939469,0.0451357466063348,rossi,1.6591230630874634,29.162211169361363,-80.94200921604443
43,0.2876172906244948,0.1908621068179582,172.61823894275184,3.2476088953402757,0.11,0.0331434599156118,Fenster et al (2016),1.680526852607727,37.13550202820153,-75.90370023757876
44,0.7414926834235944,0.6384861268041353,79.80630223589236,7.98359860273998,0.18441818,0.0749318801089918,rossi,1.824101686477661,29.612854153357155,-81.16240332123769
45,0.2876172906244948,0.1908621068179582,172.61823894275184,3.2476088953402757,0.11,0.0331434599156118,Fenster et al (2016),1.680526852607727,37.13708681048892,-75.90210202990555
46,0.5098747955071519,0.4189663231222207,142.49467004104065,7.263246996791389,0.090577125,0.0397802197802197,"McFall, 2022",1.9732896089553835,32.898367074163446,-79.60272036746781
47,0.3612395109502903,0.2824306133216258,133.85672925374325,6.6735136645120265,0.13,0.0414285714285714,Fenster et al (2016),1.7345619201660156,37.26901116210752,-75.79644477111248
48,0.4248162878607845,0.3539550184536185,115.65550623595668,7.283453469695511,0.167247418,0.0264921465968586,C_Alexander,2.3176193237304688,30.84778306496201,-81.4288597633003
49,1.1430326340179862,0.9399434299771988,85.19671576891277,8.303804793857102,0.247251431,0.065505617977528,"McFall, 2022",1.3584672212600708,35.70637158156666,-75.472352615772
50,0.7356019635029033,0.6390274835317944,60.27342813436609,8.540567375282537,0.413519588,0.08685,rossi,1.525213599205017,28.667146652698104,-80.61915306578207
51,0.6131647640803002,0.5244721299141765,95.9211683684379,7.807738731394278,0.283621607,0.0473684210526315,rossi,2.1817431449890137,30.49712353160779,-81.40454448206015
52,1.0427926495696076,0.8494386132105933,85.68636323989152,8.071005032770712,0.376,0.0891428571428571,"McFall, 2022",1.3962838649749756,36.13098010151041,-75.69532961914183
53,0.7784284039910777,0.6284871364411557,126.447502250626,7.960418044905962,0.34425304,0.0710374639769452,"McFall, 2022",1.4569417238235474,38.29197542151914,-75.09693252979125
54,0.7784284039910777,0.6284871364411557,126.447502250626,7.960418044905962,0.34425304,0.0710374639769452,"McFall, 2022",1.4569417238235474,38.29091516823381,-75.09740378143957
55,0.7356019635029033,0.6390274835317944,60.27342813436609,8.540567375282537,0.413519588,0.08685,rossi,1.525213599205017,28.667146652698104,-80.61915306578207
56,0.7784284039910777,0.6284871364411557,126.447502250626,7.960418044905962,0.34425304,0.0710374639769452,"McFall, 2022",1.4569417238235474,38.29133886608288,-75.09721631588981
57,1.0427926495696076,0.8494386132105933,85.68636323989152,8.071005032770712,0.376,0.0891428571428571,"McFall, 2022",1.3962838649749756,36.13222426266192,-75.69599975817944
58,0.6902174349075203,0.6009565684992211,75.0840594117278,8.466280994110042,0.324442597,0.0968870967741935,rossi,1.4248559474945068,27.79758841999537,-80.40540401719511
59,0.7263213855425577,0.6235189848926497,92.73776458866874,7.790013168104234,0.283621607,0.0356060606060606,rossi,2.1817431449890137,30.340453373249414,-81.36803697047394
60,0.6902174349075203,0.6009565684992211,75.0840594117278,8.466280994110042,0.303346223,0.0968870967741935,rossi,1.4248559474945068,27.798810774841144,-80.40605950205406
61,1.004451940049993,0.8460101333744513,67.13921842239485,7.381619050040928,0.384493163,0.10016,rossi,1.134653925895691,26.60171079724469,-80.01782503604892
62,0.6947499459777652,0.578760488058632,110.65825628944484,8.565344889439313,0.346774331,0.08652,"McFall, 2022",1.3292309045791626,35.510834973662185,-75.47149865714024
63,0.6902174349075203,0.6009565684992211,75.0840594117278,8.466280994110042,0.390401195,0.0968870967741935,rossi,1.4248559474945068,27.79839962180531,-80.40585007719963
64,0.9763576107913892,0.7922707911699475,125.6077746139442,7.77203460665274,0.34425304,0.0710374639769452,"McFall, 2022",1.4569417238235474,38.25906831349669,-75.09674230218056
65,0.497322505803144,0.4310674577879904,83.57146134466214,7.809133800526067,0.285198674,0.1050727272727272,rossi,1.3753461837768557,27.566797818431343,-80.32243992197442
66,0.7784284039910777,0.6284871364411557,126.447502250626,7.960418044905962,0.34425304,0.0710374639769452,"McFall, 2022",1.4569417238235474,38.290278652396125,-75.09768095504768
67,1.004451940049993,0.8460101333744513,67.13921842239485,7.381619050040928,0.384493163,0.10016,rossi,1.134653925895691,26.601936484260413,-80.01783230532135
68,0.7784284039910777,0.6284871364411557,126.447502250626,7.960418044905962,0.34425304,0.0865689655172413,"McFall, 2022",1.4738866090774536,38.35981642074263,-75.06314078198085
69,0.7112037722937261,0.620837638132984,93.71946754384535,8.463050344325309,0.373979401,0.0935668789808917,rossi,1.487679123878479,28.41912543634201,-80.54406153296048
70,0.9763576107913892,0.7922707911699475,125.6077746139442,7.77203460665274,0.34425304,0.0710374639769452,"McFall, 2022",1.4569417238235474,38.25779418382341,-75.09731024623333
71,1.2147296318634753,0.9772789979777652,150.93457811605015,7.590826471271209,0.284,0.0665988372093023,"McFall, 2022",1.3458420038223269,35.17063358597974,-75.71041487286814
72,0.7412527652605863,0.638685497390313,77.39470214607806,8.136738738384048,0.369598571,0.1035138888888888,rossi,1.333489179611206,27.39698156050836,-80.2291729384232
73,0.7892838512287211,0.689179061449653,82.28026782577199,8.460179376656988,0.333332596,0.08685,rossi,1.525213599205017,28.63342914159943,-80.58555218953289
74,0.7275866765486475,0.6246205102542133,93.6602453700255,7.800481776370628,0.283621607,0.0473684210526315,rossi,2.1817431449890137,30.397355051419574,-81.37121701846343
75,0.6613983276258321,0.5563005826251239,87.67312733338112,7.239679460567085,0.326020593,0.0800375,rossi,1.758242964744568,29.431902829592907,-81.09158264618331
76,1.130453015476703,0.9161353839670018,155.7564945488727,7.813628714085397,0.284,0.0586610169491525,"McFall, 2022",1.3458420038223269,35.17755683828855,-75.72341328740572
77,0.6902174349075203,0.6009565684992211,75.0840594117278,8.466280994110042,0.269067677,0.0968870967741935,rossi,1.4248559474945068,27.797791596335205,-80.40551461087894
78,0.6193804647184534,0.5292038400471605,96.84043042622577,7.727019857289903,0.283621607,0.0541238670694864,rossi,2.124904155731201,30.458651393709797,-81.39557757240323
79,0.7465176890548081,0.6467845515674834,81.12939452421672,8.240016766232861,0.374238708,0.0793715846994535,rossi,1.463911533355713,28.02243447189508,-80.5051416869533
80,0.7275866765486475,0.6246205102542133,93.6602453700255,7.800481776370628,0.283621607,0.0473684210526315,rossi,2.1817431449890137,30.39573582428988,-81.3711856237513
81,0.7315154981635745,0.6340878586850304,90.26576211977935,8.168198982439456,0.329656322,0.0671771771771772,rossi,1.4823716878890991,28.198022767837152,-80.5627128069521
82,0.7784284039910777,0.6284871364411557,126.447502250626,7.960418044905962,0.34425304,0.0710374639769452,"McFall, 2022",1.4569417238235474,38.29070326836987,-75.0974969977517
83,1.0427926495696076,0.8494386132105933,85.68636323989152,8.071005032770712,0.403,0.0891428571428571,"McFall, 2022",1.3962838649749756,36.13077492382382,-75.69521207968874
84,0.953775889441722,0.7749956343020817,124.29478245203651,7.806971636642544,0.34425304,0.0873351648351648,"McFall, 2022",1.45314621925354,38.13661464793502,-75.15326282476194
85,0.6902174349075203,0.6009565684992211,75.0840594117278,8.466280994110042,0.326925749,0.0968870967741935,rossi,1.4248559474945068,27.79982993668282,-80.40660444425754
86,0.570780142654015,0.488442049625832,92.2970438017717,7.9217245611869425,0.283621607,0.0773514851485148,rossi,2.235518455505371,30.517273027305084,-81.42056378401075
87,1.0051008614336496,0.8449705460794505,66.43271438219855,7.356746820338904,0.384493163,0.10016,rossi,1.134653925895691,26.566346918930915,-80.01782942329672
88,0.6947499459777652,0.578760488058632,110.65825628944484,8.565344889439313,0.346774331,0.08652,"McFall, 2022",1.3292309045791626,35.51396195893891,-75.47096877906398
89,0.9582350220287496,0.7942075795500637,109.8669772354709,8.565028217951424,0.346774331,0.0748888888888889,"McFall, 2022",1.3353363275527954,35.517008267692866,-75.46326856042353
90,0.6662104106854553,0.5696098528949157,76.62325935145181,8.023123480519143,0.319754287,0.0965948275862068,rossi,1.3000760078430176,27.2895940883474,-80.19434504370537
91,0.7784284039910777,0.6284871364411557,126.447502250626,7.960418044905962,0.34425304,0.0710374639769452,"McFall, 2022",1.4569417238235474,38.29176300648353,-75.09702740211954
92,0.7263213855425577,0.6235189848926497,92.73776458866874,7.790013168104234,0.283621607,0.0541238670694864,rossi,2.124904155731201,30.291984408709794,-81.36224474740322
93,0.7892838512287211,0.689179061449653,82.28026782577199,8.460179376656988,0.333332596,0.08685,rossi,1.525213599205017,28.633812872698105,-80.58582024078208
94,0.9763576107913892,0.7922707911699475,125.6077746139442,7.77203460665274,0.34425304,0.0873351648351648,"McFall, 2022",1.45314621925354,38.20285410151841,-75.12007204581903
95,1.004451940049993,0.8460101333744513,67.13921842239485,7.381619050040928,0.384493163,0.10016,rossi,1.134653925895691,26.60171079724469,-80.01782503604892
96,0.7784284039910777,0.6284871364411557,126.447502250626,7.960418044905962,0.34425304,0.0865689655172413,"McFall, 2022",1.4738866090774536,38.360049549740815,-75.06307912370968
97,0.4729160391031015,0.404746859501487,91.13334352360148,7.951358770410706,0.283621607,0.0473684210526315,rossi,2.1817431449890137,30.428839403564066,-81.4044874953721
98,0.9307670649903697,0.7491107948371335,153.42697539203652,7.742272068428127,0.263,0.0665988372093023,"McFall, 2022",1.3458420038223269,35.20448199530861,-75.67557454988851
99,0.7892838512287211,0.689179061449653,82.28026782577199,8.460179376656988,0.363753133,0.08685,rossi,1.525213599205017,28.632293548350404,-80.58472009409067
100,0.724963398375301,0.5944918549713921,81.01065921065289,6.844035967258744,0.476595228,0.10125,"McFall, 2022",1.0887861251831057,26.313905739346037,-80.07156517723405
101,0.733989143066846,0.636615768402351,94.09071854033664,8.248668353623,0.456606873,0.0621824104234527,rossi,1.4877971410751345,28.30162769781568,-80.56894917261673
102,0.724963398375301,0.5944918549713921,81.01065921065289,6.844035967258744,0.476595228,0.10125,"McFall, 2022",1.0887861251831057,26.313905739346037,-80.07156517723405
103,0.8169551042938676,0.6800988337830336,71.26726427798752,7.0919312120651465,0.476595228,0.10125,"McFall, 2022",1.0887861251831057,26.281472040305253,-80.0714846518536
104,0.7223644836972101,0.6204012681383656,75.0685407072079,8.036664212342586,0.43709714,0.0965948275862068,rossi,1.3000760078430176,27.221304061731992,-80.16012800567526
105,0.648603618817448,0.5617331108328848,80.05415218183045,8.00165915514797,0.53738181,0.0966283524904214,rossi,1.4416728019714355,27.92413644158194,-80.47071510283507
106,0.724963398375301,0.5944918549713921,81.01065921065289,6.844035967258744,0.476595228,0.10125,"McFall, 2022",1.0887861251831057,26.313905739346037,-80.07156517723405
107,0.7223644836972101,0.6204012681383656,75.0685407072079,8.036664212342586,0.559037962,0.0965948275862068,rossi,1.3000760078430176,27.22048784599061,-80.15969647701046
108,0.8914118476722844,0.7144113453836567,125.26854638190484,7.485423903255487,0.460295573,0.0923379629629629,"McFall, 2022",1.619395732879639,38.661087088849946,-75.03189662141307
109,0.724963398375301,0.5944918549713921,81.01065921065289,6.844035967258744,0.476595228,0.10125,"McFall, 2022",1.0887861251831057,26.313905739346037,-80.07156517723405
110,0.7892838512287211,0.689179061449653,82.28026782577199,8.460179376656988,0.482975773,0.08685,rossi,1.525213599205017,28.631914558597465,-80.58444353038684
111,0.5501444327334655,0.4692840592777227,79.67774352801902,8.101661241960947,0.48130484,0.0965948275862068,rossi,1.3000760078430176,27.255252186789345,-80.1937793585241
112,0.7892838512287211,0.689179061449653,82.28026782577199,8.460179376656988,0.482975773,0.08685,rossi,1.525213599205017,28.631914558597465,-80.58444353038684
113,0.497322505803144,0.4310674577879904,83.57146134466214,7.809133800526067,0.456290494,0.1050727272727272,rossi,1.3753461837768557,27.56614136501668,-80.32225395263305
114,0.5501444327334655,0.4692840592777227,79.67774352801902,8.101661241960947,0.484316695,0.0965948275862068,rossi,1.3000760078430176,27.25646297984314,-80.19445841376046
115,0.7223644836972101,0.6204012681383656,75.0685407072079,8.036664212342586,0.506635907,0.0965948275862068,rossi,1.3000760078430176,27.221918406789342,-80.1604465335241
116,0.6662104106854553,0.5696098528949157,76.62325935145181,8.023123480519143,0.48130484,0.0965948275862068,rossi,1.3000760078430176,27.28918856022077,-80.1941232201531
117,0.7223644836972101,0.6204012681383656,75.0685407072079,8.036664212342586,0.48130484,0.0965948275862068,rossi,1.3000760078430176,27.22069585661965,-80.15979507596579
118,0.7356019635029033,0.6390274835317944,60.27342813436609,8.540567375282537,0.482975773,0.08685,rossi,1.525213599205017,28.666762921599428,-80.61888501453288
119,0.724963398375301,0.5944918549713921,81.01065921065289,6.844035967258744,0.476595228,0.10125,"McFall, 2022",1.0887861251831057,26.313905739346037,-80.07156517723405
120,0.8169551042938676,0.6800988337830336,71.26726427798752,7.0919312120651465,0.476595228,0.10125,"McFall, 2022",1.0887861251831057,26.28012265920494,-80.071613683639
121,0.8169551042938676,0.6800988337830336,71.26726427798752,7.0919312120651465,0.476595228,0.10125,"McFall, 2022",1.0887861251831057,26.28079699578453,-80.07154518453954
122,0.7356019635029033,0.6390274835317944,60.27342813436609,8.540567375282537,0.518717338,0.08685,rossi,1.525213599205017,28.667146652698104,-80.61915306578207
123,1.0646916811431808,0.8660929386603881,85.94646523143875,8.114289694979039,0.543330732,0.0905333333333333,"McFall, 2022",1.4014217853546145,35.982752538426446,-75.61233592107546
124,0.7356019635029033,0.6390274835317944,60.27342813436609,8.540567375282537,0.482975773,0.08685,rossi,1.525213599205017,28.664868503684524,-80.61750129870457
125,0.7077579742128594,0.6115403539849881,93.86267862932162,8.188917632072936,0.456606873,0.0621824104234527,rossi,1.4877971410751345,28.33427617843317,-80.56898958124032
126,0.724963398375301,0.5944918549713921,81.01065921065289,6.844035967258744,0.476595228,0.10125,"McFall, 2022",1.0887861251831057,26.313231105120217,-80.07163032657104
127,1.0646916811431808,0.8660929386603881,85.94646523143875,8.114289694979039,0.543330732,0.0955,"McFall, 2022",1.3930243253707886,36.01210113122018,-75.62934061669341
128,0.707502433572865,0.60849789932984,79.00368608240791,8.046924623584301,0.456290494,0.1050727272727272,rossi,1.3753461837768557,27.53433951665319,-80.28935464009776
129,0.5501444327334655,0.4692840592777227,79.67774352801902,8.101661241960947,0.43709714,0.0965948275862068,rossi,1.3000760078430176,27.25666821601599,-80.19456352671317
130,0.6662104106854553,0.5696098528949157,76.62325935145181,8.023123480519143,0.43709714,0.0965948275862068,rossi,1.3000760078430176,27.28918856022077,-80.1941232201531
131,0.7223644836972101,0.6204012681383656,75.0685407072079,8.036664212342586,0.484316695,0.0965948275862068,rossi,1.3000760078430176,27.22252195522077,-80.1607903951531
132,0.7223644836972101,0.6204012681383656,75.0685407072079,8.036664212342586,0.559037962,0.0965948275862068,rossi,1.3000760078430176,27.22048784599061,-80.15969647701046
133,0.8169551042938676,0.6800988337830336,71.26726427798752,7.0919312120651465,0.476595228,0.10125,"McFall, 2022",1.0887861251831057,26.28034746041312,-80.07159110378862
134,0.8169551042938676,0.6800988337830336,71.26726427798752,7.0919312120651465,0.476595228,0.10125,"McFall, 2022",1.0887861251831057,26.28012265920494,-80.071613683639
135,0.5501444327334655,0.4692840592777227,79.67774352801902,8.101661241960947,0.48130484,0.0965948275862068,rossi,1.3000760078430176,27.256866563854864,-80.19468480080957
136,0.8169551042938676,0.6800988337830336,71.26726427798752,7.0919312120651465,0.476595228,0.10125,"McFall, 2022",1.0887861251831057,26.28079699578453,-80.07154518453954
137,0.7223644836972101,0.6204012681383656,75.0685407072079,8.036664212342586,0.512641033,0.0965948275862068,rossi,1.3000760078430176,27.223129199843136,-80.16112558876046
138,0.7223644836972101,0.6204012681383656,75.0685407072079,8.036664212342586,0.559037962,0.0965948275862068,rossi,1.3000760078430176,27.222321936806964,-80.16067304285784
139,0.497322505803144,0.4310674577879904,83.57146134466214,7.809133800526067,0.456290494,0.1050727272727272,rossi,1.3753461837768557,27.56614136501668,-80.32225395263305
140,0.7223644836972101,0.6204012681383656,75.0685407072079,8.036664212342586,0.48130484,0.0965948275862068,rossi,1.3000760078430176,27.22110206101378,-80.1600153055096
141,0.8990692700539583,0.7323941718243875,81.75798945769014,8.182744283337204,0.543330732,0.0905333333333333,"McFall, 2022",1.4014217853546145,35.94962370233768,-75.61244712207522
142,0.497322505803144,0.4310674577879904,83.57146134466214,7.809133800526067,0.456290494,0.1050727272727272,rossi,1.3753461837768557,27.56614136501668,-80.32225395263305
143,0.8169551042938676,0.6800988337830336,71.26726427798752,7.0919312120651465,0.476595228,0.10125,"McFall, 2022",1.0887861251831057,26.28012265920494,-80.071613683639
144,0.7223644836972101,0.6204012681383656,75.0685407072079,8.036664212342586,0.48130484,0.0965948275862068,rossi,1.3000760078430176,27.22110206101378,-80.1600153055096
145,0.7223644836972101,0.6204012681383656,75.0685407072079,8.036664212342586,0.48130484,0.0965948275862068,rossi,1.3000760078430176,27.22110206101378,-80.1600153055096
146,0.724963398375301,0.5944918549713921,81.01065921065289,6.844035967258744,0.476595228,0.10125,"McFall, 2022",1.0887861251831057,26.31480581530525,-80.0714846518536
147,0.7356019635029033,0.6390274835317944,60.27342813436609,8.540567375282537,0.518717338,0.08685,rossi,1.525213599205017,28.667146652698104,-80.61915306578207
148,1.0646916811431808,0.8660929386603881,85.94646523143875,8.114289694979039,0.543330732,0.0905333333333333,"McFall, 2022",1.4014217853546145,35.982752538426446,-75.61233592107546
149,0.7223644836972101,0.6204012681383656,75.0685407072079,8.036664212342586,0.43709714,0.0965948275862068,rossi,1.3000760078430176,27.221304061731992,-80.16012800567526
150,0.733989143066846,0.636615768402351,94.09071854033664,8.248668353623,0.619860267,0.0621824104234527,rossi,1.4877971410751345,28.30230545154678,-80.56881049700888
151,0.2980225002091771,0.2378875880237926,142.1131409630123,5.884165392537743,0.68767781,0.042125,"McFall, 2022",2.479688882827759,32.02536122709086,-80.85081137552828
152,0.2608936634735873,0.2087486311178303,129.3316440833348,6.0652982792846,0.68767781,0.0323684210526315,"McFall, 2022",2.605238437652588,31.702894057352086,-81.11873197723054
153,0.3899714092903272,0.3168692409713922,130.54304113186288,6.879325101306842,0.68767781,0.0276433121019108,"McFall, 2022",2.590252161026001,31.76285378132045,-81.05909829600161
154,1.1430326340179862,0.9399434299771988,85.19671576891277,8.303804793857102,0.582250148,0.065505617977528,"McFall, 2022",1.3584672212600708,35.703715305110734,-75.4716800441089
155,0.5826482603896049,0.486529292507152,123.489852082392,7.337040926484067,0.68767781,0.0289940828402366,"McFall, 2022",2.5413951873779297,31.939705204970725,-80.88369452744786
156,0.303198865087523,0.2340028938803285,146.59939992381533,5.262550519494406,0.68767781,0.0387962962962962,"McFall, 2022",2.394057512283325,32.285628614072465,-80.58283746799766
157,0.8617819041896333,0.697826680823821,147.47842548542272,7.455170681520323,0.59725415,0.0555208333333333,"McFall, 2022",1.6912624835968018,34.48147118835958,-77.36723368327013
158,0.505503646240051,0.390445282363263,173.00315687535632,6.088408955100411,0.621131371,0.0657213930348258,"McFall, 2022",1.898556113243103,33.88985876455532,-78.09039901667971
159,0.7915422741310013,0.6455546550849738,124.35112204690128,7.513449641963178,0.602138536,0.05724,"McFall, 2022",1.948849320411682,33.954010013830974,-78.08890434741497
160,0.2486964712461407,0.1934307762234811,144.6057301309825,4.379129805081832,0.68767781,0.0444214876033057,"McFall, 2022",2.5919134616851807,31.70156763711304,-81.13442280394116
161,0.7083787032213567,0.5767549182925931,141.2030529422589,7.545740710483783,0.59725415,0.0449541284403669,"McFall, 2022",1.6988941431045532,34.35945221880307,-77.61189548984981
162,0.4355186935139499,0.3558415585599773,131.30330786895763,6.849106523266252,0.68767781,0.0444214876033057,"McFall, 2022",2.5919134616851807,31.936716713238678,-80.90133972071219
163,0.5635238448069678,0.455588188428976,134.40909268408583,6.7375883663621305,0.715489602,0.0633490566037735,"McFall, 2022",2.0457913875579834,33.65139606378233,-78.89867220342168
164,0.7223644836972101,0.6204012681383656,75.0685407072079,8.036664212342586,0.653841688,0.0965948275862068,rossi,1.3000760078430176,27.22353278385486,-80.16135197580957
165,0.7223644836972101,0.6204012681383656,75.0685407072079,8.036664212342586,0.653841688,0.0965948275862068,rossi,1.3000760078430176,27.222321936806964,-80.16067304285784
166,0.2980225002091771,0.2378875880237926,142.1131409630123,5.884165392537743,0.68767781,0.0323684210526315,"McFall, 2022",2.605238437652588,31.80261512772022,-81.05249706086164
167,0.303198865087523,0.2340028938803285,146.59939992381533,5.262550519494406,0.68767781,0.0289940828402366,"McFall, 2022",2.5413951873779297,32.07273165415181,-80.81739677561616
168,0.7083787032213567,0.5767549182925931,141.2030529422589,7.545740710483783,0.59725415,0.0374295774647887,"McFall, 2022",1.6995309591293335,34.33455086413191,-77.63727962995574
169,0.7914426505932588,0.6445672660970118,127.54985925831186,7.56946678368673,0.59725415,0.0501675977653631,"McFall, 2022",1.6964056491851809,34.25136862173396,-77.71057146863356
170,0.303198865087523,0.2340028938803285,146.59939992381533,5.262550519494406,0.68767781,0.0387962962962962,"McFall, 2022",2.394057512283325,32.286432713140016,-80.58061569875329
171,0.5861416575121088,0.4688269430713779,147.38029921763348,6.604736574882169,0.621131371,0.0657213930348258,"McFall, 2022",1.898556113243103,33.85652790475382,-78.42211088481515
172,0.7083787032213567,0.5767549182925931,141.2030529422589,7.545740710483783,0.59725415,0.0449541284403669,"McFall, 2022",1.6988941431045532,34.35945221880307,-77.61189548984981
173,0.5861416575121088,0.4688269430713779,147.38029921763348,6.604736574882169,0.621131371,0.0657213930348258,"McFall, 2022",1.898556113243103,33.85652790475382,-78.42211088481515
174,0.602168334688104,0.4849472843331577,129.39672628848533,7.694714010177122,0.59725415,0.0551052631578947,"McFall, 2022",1.6814781427383425,34.34687160413256,-77.60646801004276
175,0.721499299819714,0.5883980907908228,144.7614314272851,7.584594398365246,0.59725415,0.0551052631578947,"McFall, 2022",1.6814781427383425,34.480321160759175,-77.40623240974256
176,0.5203181640749186,0.4194031220977198,137.1092243061082,6.743471237385782,0.715489602,0.0633490566037735,"McFall, 2022",2.0457913875579834,33.68472888878233,-78.86533937842168
177,0.4639684304410139,0.3853672845030448,125.15720669432515,7.199338230063589,0.68767781,0.0289940828402366,"McFall, 2022",2.5413951873779297,31.83985669865463,-80.98350483796003
178,0.3573683569728083,0.291608306130718,132.64679245122363,6.869399501273757,0.68767781,0.0276433121019108,"McFall, 2022",2.590252161026001,31.86420093054593,-80.99146112186531
179,0.4355186935139499,0.3558415585599773,131.30330786895763,6.849106523266252,0.68767781,0.0276433121019108,"McFall, 2022",2.590252161026001,31.99581582268711,-80.85939521454777
180,0.8361319206966435,0.6803207254078744,142.79481544229003,7.491352190947458,0.59725415,0.0449541284403669,"McFall, 2022",1.6988941431045532,34.35932525149913,-77.57881258338142
181,0.600969474919983,0.4766085295643676,154.92607836651752,6.717245365718594,0.621131371,0.0804732510288065,"McFall, 2022",1.7293413877487185,33.91380011832523,-78.1933004583301
182,0.7223644836972101,0.6204012681383656,75.0685407072079,8.036664212342586,0.653841688,0.0965948275862068,rossi,1.3000760078430176,27.223129199843136,-80.16112558876046
183,0.8238556632435916,0.670783190922957,133.99751950969411,7.56982077409064,0.59725415,0.0506392694063927,"McFall, 2022",1.6678824424743652,34.41328903573639,-77.47451218742852
184,0.5534454874189209,0.4626136378997308,126.31599749481236,7.420603980528679,0.68767781,0.0444214876033057,"McFall, 2022",2.5919134616851807,31.80360950065002,-81.0013480320124
185,0.602168334688104,0.4849472843331577,129.39672628848533,7.694714010177122,0.59725415,0.0506392694063927,"McFall, 2022",1.6678824424743652,34.38080838781063,-77.53991291173813
186,0.3137181517975751,0.2457140661837989,148.60799929749956,6.3386658376622735,0.68767781,0.0298333333333333,"McFall, 2022",2.510958671569824,32.19713911395787,-80.68833289816371
187,0.7223644836972101,0.6204012681383656,75.0685407072079,8.036664212342586,0.638613079,0.0965948275862068,rossi,1.3000760078430176,27.22069585661965,-80.15979507596579
188,0.7572831391757542,0.6163104544958221,137.46086643385922,7.537271761375726,0.59725415,0.0551052631578947,"McFall, 2022",1.6814781427383425,34.414454914950795,-77.50458702450882
189,0.8452984918255204,0.6878842428657415,145.29260617758106,7.516673587127603,0.59725415,0.0506392694063927,"McFall, 2022",1.6678824424743652,34.51442242288525,-77.30615140266573
190,0.2486964712461407,0.1934307762234811,144.6057301309825,4.379129805081832,0.68767781,0.0276433121019108,"McFall, 2022",2.590252161026001,31.76437862306355,-81.09129872850077
191,0.3899714092903272,0.3168692409713922,130.54304113186288,6.879325101306842,0.68767781,0.0444214876033057,"McFall, 2022",2.5919134616851807,31.70360911565002,-81.1013465070124
192,0.721499299819714,0.5883980907908228,144.7614314272851,7.584594398365246,0.59725415,0.0555208333333333,"McFall, 2022",1.6912624835968018,34.449156898531754,-77.46544061693444
193,0.2608936634735873,0.2087486311178303,129.3316440833348,6.0652982792846,0.68767781,0.0444214876033057,"McFall, 2022",2.5919134616851807,31.670973295937337,-81.13452024885599
194,1.1430326340179862,0.9399434299771988,85.19671576891277,8.303804793857102,0.582250148,0.065505617977528,"McFall, 2022",1.3584672212600708,35.704158130375085,-75.47178226253541
195,0.3899714092903272,0.3168692409713922,130.54304113186288,6.879325101306842,0.68767781,0.0276433121019108,"McFall, 2022",2.590252161026001,31.763429977298323,-81.0586800666866
196,1.1430326340179862,0.9399434299771988,85.19671576891277,8.303804793857102,0.582250148,0.0620068027210884,"McFall, 2022",1.3927452564239502,35.73928988985636,-75.484411766242
197,0.3573683569728083,0.291608306130718,132.64679245122363,6.869399501273757,0.68767781,0.0276433121019108,"McFall, 2022",2.590252161026001,31.86420093054593,-80.99146112186531
198,0.5304679302362272,0.44432019238918,125.78855357105368,7.319504935790256,0.68767781,0.0444214876033057,"McFall, 2022",2.5919134616851807,31.76959913689042,-81.03459844662649
199,0.8238556632435916,0.670783190922957,133.99751950969411,7.56982077409064,0.59725415,0.0506392694063927,"McFall, 2022",1.6678824424743652,34.414559630458925,-77.47260160390947
200,0.4046619407865741,0.3337394803281405,84.70841024224472,5.996292719901714,0.809927932,0.1039285714285714,"McFall, 2022",0.9670698642730712,25.81356727568584,-80.13417981755035
201,0.4360994586388613,0.3626989273570316,83.69691489332388,6.142300943229996,0.809927932,0.1039285714285714,"McFall, 2022",0.9670698642730712,25.78023349568584,-80.13417981755035
202,0.4360994586388613,0.3626989273570316,83.69691489332388,6.142300943229996,0.809927932,0.1039285714285714,"McFall, 2022",0.9670698642730712,25.78023349568584,-80.13417981755035
203,0.6696811037446537,0.5499692956945192,136.72515502839684,7.268552939097011,0.828347631,0.1351851851851851,"McFall, 2022",1.906915307044983,33.06269918158849,-79.3023793101083
204,0.5528716487569749,0.4476489469464665,120.43472506873816,7.0538130844580085,0.828347631,0.0756338028169014,"McFall, 2022",1.985640406608581,33.34749574430772,-79.1412307408972
205,0.3547147401580512,0.283061739849738,136.04013055441013,6.833600057541,0.828347631,0.0722633744855967,"McFall, 2022",1.940569877624512,33.16197918692783,-79.25579433388725
206,0.6030892168343011,0.4908241040172779,119.55982881034274,7.133093576840674,0.828347631,0.1351851851851851,"McFall, 2022",1.906915307044983,33.16294665659874,-79.23567880504936
207,0.5155406670764764,0.424360322687438,93.52148094965868,5.777091633571591,0.809927932,0.1039285714285714,"McFall, 2022",0.9670698642730712,25.74689972068584,-80.13417981755035
208,0.8120940063301232,0.7024809796568475,63.33874022904703,8.423077710653875,0.752628003,0.07725,rossi,1.5793615579605105,28.785871481829503,-80.71381688943144
209,0.5155406670764764,0.424360322687438,93.52148094965868,5.777091633571591,0.809927932,0.1039285714285714,"McFall, 2022",0.9670698642730712,25.74689972068584,-80.13417981755035
210,0.5259412385340604,0.4314743751423311,135.03231928318797,7.364971724752019,0.828347631,0.0756338028169014,"McFall, 2022",1.985640406608581,33.248617475860286,-79.17451898464105
211,0.4947460896385521,0.396273281944298,122.81421820550166,7.071208393773853,0.828347631,0.0756338028169014,"McFall, 2022",1.985640406608581,33.38150109511909,-79.14119029740387
212,0.7150882924201956,0.5681371700280414,97.6791951235533,7.46602433481943,0.90719755,0.0597647058823529,"McFall, 2022",1.451121807098389,36.70426256154285,-75.90664765951561
213,0.6829555828593684,0.5511093859306048,93.67501342664448,7.639458233134051,0.90719755,0.0597647058823529,"McFall, 2022",1.451121807098389,36.60512663489117,-75.87363477763668
214,0.5528716487569749,0.4476489469464665,120.43472506873816,7.0538130844580085,0.828347631,0.0573360655737705,"McFall, 2022",1.985640406608581,33.37461582451188,-79.13018591260928
215,0.5528716487569749,0.4476489469464665,120.43472506873816,7.0538130844580085,0.828347631,0.0573360655737705,"McFall, 2022",1.985640406608581,33.376064620267634,-79.12942549398801
216,0.4947460896385521,0.396273281944298,122.81421820550166,7.071208393773853,0.828347631,0.0573360655737705,"McFall, 2022",1.985640406608581,33.40939744526763,-79.12942549398801
217,0.4947460896385521,0.396273281944298,122.81421820550166,7.071208393773853,0.828347631,0.0722633744855967,"McFall, 2022",1.940569877624512,33.329776215999544,-79.15553043008818
218,0.54329470302705,0.4492550264288344,101.45987044380826,8.447767028063305,0.903665,0.0753571428571428,"McFall, 2022",1.3464676141738892,35.606020394610724,-75.46500939069927
219,0.5155406670764764,0.424360322687438,93.52148094965868,5.777091633571591,0.809927932,0.1039285714285714,"McFall, 2022",0.9670698642730712,25.74689972068584,-80.13417981755035
220,0.3547147401580512,0.283061739849738,136.04013055441013,6.833600057541,0.828347631,0.0756338028169014,"McFall, 2022",1.985640406608581,33.21371206229762,-79.24125895718083
221,0.5259412385340604,0.4314743751423311,135.03231928318797,7.364971724752019,0.828347631,0.0722633744855967,"McFall, 2022",1.940569877624512,33.197794861745166,-79.18851569426147
222,0.4947460896385521,0.396273281944298,122.81421820550166,7.071208393773853,0.828347631,0.0573360655737705,"McFall, 2022",1.985640406608581,33.40980932305055,-79.12920418255294
223,0.6906576830084974,0.5903670628954822,89.68577404253645,7.946585579645518,0.849687995,0.0728875,rossi,2.033987045288086,30.146261197938397,-81.34288610138003
224,0.6030892168343011,0.4908241040172779,119.55982881034274,7.133093576840674,0.828347631,0.0573360655737705,"McFall, 2022",1.985640406608581,33.343760115179386,-79.12887370698449
225,0.7064472976302224,0.606250557944767,93.03562650209037,7.841520746107492,0.849687995,0.0728875,rossi,2.033987045288086,30.179815626361425,-81.3429402485395
226,0.6030892168343011,0.4908241040172779,119.55982881034274,7.133093576840674,0.828347631,0.1351851851851851,"McFall, 2022",1.906915307044983,33.16294665659874,-79.23567880504936
227,0.4947460896385521,0.396273281944298,122.81421820550166,7.071208393773853,0.828347631,0.0722633744855967,"McFall, 2022",1.940569877624512,33.329550819407395,-79.15558891956222
228,0.4360994586388613,0.3626989273570316,83.69691489332388,6.142300943229996,0.809927932,0.1039285714285714,"McFall, 2022",0.9670698642730712,25.78023349568584,-80.13417981755035
229,0.6829555828593684,0.5511093859306048,93.67501342664448,7.639458233134051,0.90719755,0.0597647058823529,"McFall, 2022",1.451121807098389,36.60447890972911,-75.87339257194051
230,0.6829555828593684,0.5511093859306048,93.67501342664448,7.639458233134051,0.90719755,0.0597647058823529,"McFall, 2022",1.451121807098389,36.60512663489117,-75.87363477763668
231,0.4360994586388613,0.3626989273570316,83.69691489332388,6.142300943229996,0.809927932,0.1039285714285714,"McFall, 2022",0.9670698642730712,25.78023349568584,-80.13417981755035
232,0.7064472976302224,0.606250557944767,93.03562650209037,7.841520746107492,0.849687995,0.0728875,rossi,2.033987045288086,30.180696466806022,-81.3431660651799
233,0.6638995883457018,0.5460287241911911,123.23021275438325,7.252969851125761,0.828347631,0.0756338028169014,"McFall, 2022",1.985640406608581,33.28104945951219,-79.14119970917993
234,0.5155406670764764,0.424360322687438,93.52148094965868,5.777091633571591,0.809927932,0.1039285714285714,"McFall, 2022",0.9670698642730712,25.74689972068584,-80.13417981755035
235,0.5155406670764764,0.424360322687438,93.52148094965868,5.777091633571591,0.809927932,0.1039285714285714,"McFall, 2022",0.9670698642730712,25.74689972068584,-80.13417981755035
236,0.5862837014217532,0.4834932137293584,95.51347134013028,5.683103628109475,0.809927932,0.1039285714285714,"McFall, 2022",0.9670698642730712,25.71356689568584,-80.13417981755035
237,0.3747762354619742,0.3008040894438465,152.05749348626685,7.069901497074351,0.828347631,0.0722633744855967,"McFall, 2022",1.940569877624512,33.12887289280713,-79.28908466570113
238,0.5155406670764764,0.424360322687438,93.52148094965868,5.777091633571591,0.809927932,0.1039285714285714,"McFall, 2022",0.9670698642730712,25.74689972068584,-80.13417981755035
239,0.7064472976302224,0.606250557944767,93.03562650209037,7.841520746107492,0.849687995,0.0728875,rossi,2.033987045288086,30.18091342692525,-81.34323963456825
240,0.5155406670764764,0.424360322687438,93.52148094965868,5.777091633571591,0.809927932,0.1039285714285714,"McFall, 2022",0.9670698642730712,25.74689972068584,-80.13417981755035
241,0.5155406670764764,0.424360322687438,93.52148094965868,5.777091633571591,0.809927932,0.1039285714285714,"McFall, 2022",0.9670698642730712,25.74689972068584,-80.13417981755035
242,0.5528716487569749,0.4476489469464665,120.43472506873816,7.0538130844580085,0.828347631,0.0756338028169014,"McFall, 2022",1.985640406608581,33.34749574430772,-79.1412307408972
243,0.7577145140287495,0.6576378577251097,75.43604240164012,8.299625003675542,0.804412161,0.1062727272727272,rossi,1.3857842683792114,27.698609504186138,-80.3447359059945
244,0.5259412385340604,0.4314743751423311,135.03231928318797,7.364971724752019,0.828347631,0.0713783783783783,"McFall, 2022",1.8957372903823853,33.14812584597738,-79.20167211162462
245,0.4360994586388613,0.3626989273570316,83.69691489332388,6.142300943229996,0.809927932,0.1039285714285714,"McFall, 2022",0.9670698642730712,25.78023349568584,-80.13417981755035
246,0.5259412385340604,0.4314743751423311,135.03231928318797,7.364971724752019,0.828347631,0.0756338028169014,"McFall, 2022",1.985640406608581,33.248617475860286,-79.17451898464105
247,0.4046619407865741,0.3337394803281405,84.70841024224472,5.996292719901714,0.809927932,0.1039285714285714,"McFall, 2022",0.9670698642730712,25.81356727568584,-80.13417981755035
248,0.6638995883457018,0.5460287241911911,123.23021275438325,7.252969851125761,0.828347631,0.0756338028169014,"McFall, 2022",1.985640406608581,33.28104945951219,-79.14119970917993
249,0.5528716487569749,0.4476489469464665,120.43472506873816,7.0538130844580085,0.828347631,0.0573360655737705,"McFall, 2022",1.985640406608581,33.376064620267634,-79.12942549398801
250,0.6947499459777652,0.578760488058632,110.65825628944484,8.565344889439313,0.947119967,0.0748888888888889,"McFall, 2022",1.3353363275527954,35.54921860615998,-75.46333625793315
251,0.9582350220287496,0.7942075795500637,109.8669772354709,8.565028217951424,0.947119967,0.0748888888888889,"McFall, 2022",1.3353363275527954,35.51588578115998,-75.46333625793315
252,0.3225340779593542,0.2634454497013171,130.95977073735872,7.155428155875513,1.060826288,0.0474038461538461,"McFall, 2022",2.3112058639526367,32.43546348528042,-80.40169521284449
253,0.7791769924316669,0.6185917105190482,103.17003380237502,7.392489539209603,1.009969146,0.0844660194174757,"McFall, 2022",1.5206843614578247,36.87294951730317,-75.95729459416944
254,0.6947499459777652,0.578760488058632,110.65825628944484,8.565344889439313,0.947119967,0.08652,"McFall, 2022",1.3292309045791626,35.510834973662185,-75.47149865714024
255,0.6947499459777652,0.578760488058632,110.65825628944484,8.565344889439313,0.947119967,0.0748888888888889,"McFall, 2022",1.3353363275527954,35.54944338153892,-75.46332577987562
256,0.2319066441438889,0.1751270568262286,155.8003563892749,3.689200245078176,1.060826288,0.0474038461538461,"McFall, 2022",2.3112058639526367,32.468796310280425,-80.40169521284449
257,0.6947499459777652,0.578760488058632,110.65825628944484,8.565344889439313,0.947119967,0.0748888888888889,"McFall, 2022",1.3353363275527954,35.54944338153892,-75.46332577987562
258,0.3675348525184818,0.2996335006677524,139.9618267065161,6.8910256193554735,1.060826288,0.0333606557377049,"McFall, 2022",2.153021812438965,32.53707876089591,-80.18795872277515
259,0.5871915263864892,0.4854455777874238,140.71832891979182,7.217884769631073,1.060826288,0.0333606557377049,"McFall, 2022",2.153021812438965,32.57010759353055,-80.08983657393438
260,0.5312925077807675,0.4349976176449511,145.18893835842374,7.136657783997592,1.060826288,0.0474038461538461,"McFall, 2022",2.3112058639526367,32.53523776697264,-80.2024500119694
261,0.5954546085950998,0.494114741998867,135.9155702531497,7.211110223551622,1.060826288,0.0816396103896103,"McFall, 2022",2.249189853668213,32.49441806427413,-80.26609723053228
262,0.3225340779593542,0.2634454497013171,130.95977073735872,7.155428155875513,1.060826288,0.0474038461538461,"McFall, 2022",2.3112058639526367,32.43546348528042,-80.40169521284449
263,0.6947499459777652,0.578760488058632,110.65825628944484,8.565344889439313,0.947119967,0.0748888888888889,"McFall, 2022",1.3353363275527954,35.55101367587234,-75.46320240099907
264,0.9582350220287496,0.7942075795500637,109.8669772354709,8.565028217951424,0.947119967,0.08652,"McFall, 2022",1.3292309045791626,35.480404823924616,-75.47100166730873
265,0.9582350220287496,0.7942075795500637,109.8669772354709,8.565028217951424,0.947119967,0.08652,"McFall, 2022",1.3292309045791626,35.480404823924616,-75.47100166730873
266,0.5954546085950998,0.494114741998867,135.9155702531497,7.211110223551622,1.060826288,0.0816396103896103,"McFall, 2022",2.249189853668213,32.49441806427413,-80.26609723053228
267,0.5871915263864892,0.4854455777874238,140.71832891979182,7.217884769631073,1.060826288,0.0333606557377049,"McFall, 2022",2.153021812438965,32.57010759353055,-80.08983657393438
268,0.2319066441438889,0.1751270568262286,155.8003563892749,3.689200245078176,1.060826288,0.0816396103896103,"McFall, 2022",2.249189853668213,32.49389234494517,-80.33365118803036
269,0.7791769924316669,0.6185917105190482,103.17003380237502,7.392489539209603,1.009969146,0.0844660194174757,"McFall, 2022",1.5206843614578247,36.87294951730317,-75.95729459416944
270,0.2319066441438889,0.1751270568262286,155.8003563892749,3.689200245078176,1.060826288,0.0816396103896103,"McFall, 2022",2.249189853668213,32.49389234494517,-80.33365118803036
271,0.7787313889674268,0.6160968803849313,116.7220578928268,7.280725832516923,1.009969146,0.0844660194174757,"McFall, 2022",1.5206843614578247,36.90584051545742,-75.95719446768885
272,0.9582350220287496,0.7942075795500637,109.8669772354709,8.565028217951424,0.947119967,0.0748888888888889,"McFall, 2022",1.3353363275527954,35.51543701601134,-75.46337033515172
273,0.7791769924316669,0.6185917105190482,103.17003380237502,7.392489539209603,1.009969146,0.0844660194174757,"McFall, 2022",1.5206843614578247,36.87206851497805,-75.95705737912999
274,0.7787313889674268,0.6160968803849313,116.7220578928268,7.280725832516923,1.009969146,0.0844660194174757,"McFall, 2022",1.5206843614578247,36.906060176341526,-75.95725714538395
275,0.8673829167850163,0.7559868789692679,74.08138436550546,8.373579310218382,1.043187639,0.07725,rossi,1.5793615579605105,28.886263786962417,-80.78074051392812
276,0.5954546085950998,0.494114741998867,135.9155702531497,7.211110223551622,1.060826288,0.0816396103896103,"McFall, 2022",2.249189853668213,32.49441806427413,-80.26609723053228
277,0.6947499459777652,0.578760488058632,110.65825628944484,8.565344889439313,0.947119967,0.0748888888888889,"McFall, 2022",1.3353363275527954,35.55146603792198,-75.46322357380086
278,0.7155895050429116,0.5942796801778785,136.7944385591021,7.369948178030591,1.060826288,0.0474038461538461,"McFall, 2022",2.3112058639526367,32.53546386528042,-80.16835781284448
279,0.3675348525184818,0.2996335006677524,139.9618267065161,6.8910256193554735,1.060826288,0.0333606557377049,"McFall, 2022",2.153021812438965,32.53662639134565,-80.19064205468125
280,0.9582350220287496,0.7942075795500637,109.8669772354709,8.565028217951424,0.947119967,0.0748888888888889,"McFall, 2022",1.3353363275527954,35.51768085087234,-75.46320240099907
281,0.7791769924316669,0.6185917105190482,103.17003380237502,7.392489539209603,1.009969146,0.0844660194174757,"McFall, 2022",1.5206843614578247,36.87206851497805,-75.95705737912999
282,0.6947499459777652,0.578760488058632,110.65825628944484,8.565344889439313,0.947119967,0.0748888888888889,"McFall, 2022",1.3353363275527954,35.55146603792198,-75.46322357380086
283,0.3225340779593542,0.2634454497013171,130.95977073735872,7.155428155875513,1.060826288,0.0474038461538461,"McFall, 2022",2.3112058639526367,32.43546348528042,-80.40169521284449
284,0.6947499459777652,0.578760488058632,110.65825628944484,8.565344889439313,0.947119967,0.0748888888888889,"McFall, 2022",1.3353363275527954,35.548995150143945,-75.46336548288826
285,0.7791769924316669,0.6185917105190482,103.17003380237502,7.392489539209603,1.009969146,0.0844660194174757,"McFall, 2022",1.5206843614578247,36.87206851497805,-75.95705737912999
286,0.7155895050429116,0.5942796801778785,136.7944385591021,7.369948178030591,1.060826288,0.0474038461538461,"McFall, 2022",2.3112058639526367,32.53546386528042,-80.16835781284448
287,0.7787313889674268,0.6160968803849313,116.7220578928268,7.280725832516923,1.009969146,0.0844660194174757,"McFall, 2022",1.5206843614578247,36.906060176341526,-75.95725714538395
288,0.9582350220287496,0.7942075795500637,109.8669772354709,8.565028217951424,0.947119967,0.08652,"McFall, 2022",1.3292309045791626,35.480404823924616,-75.47100166730873
289,0.9582350220287496,0.7942075795500637,109.8669772354709,8.565028217951424,0.947119967,0.0748888888888889,"McFall, 2022",1.3353363275527954,35.51543701601134,-75.46337033515172
290,0.7791769924316669,0.6185917105190482,103.17003380237502,7.392489539209603,1.009969146,0.0844660194174757,"McFall, 2022",1.5206843614578247,36.87206851497805,-75.95705737912999
291,0.6947499459777652,0.578760488058632,110.65825628944484,8.565344889439313,0.947119967,0.0748888888888889,"McFall, 2022",1.3353363275527954,35.54944338153892,-75.46332577987562
292,0.6947499459777652,0.578760488058632,110.65825628944484,8.565344889439313,0.947119967,0.0748888888888889,"McFall, 2022",1.3353363275527954,35.55146603792198,-75.46322357380086
293,0.4008731936963603,0.3216158934616909,148.36976322814192,6.851339330823255,1.060826288,0.0284857142857142,"McFall, 2022",2.1835639476776123,32.592358261337964,-80.09790649516003
294,0.6947499459777652,0.578760488058632,110.65825628944484,8.565344889439313,0.947119967,0.0748888888888889,"McFall, 2022",1.3353363275527954,35.54944338153892,-75.46332577987562
295,0.2319066441438889,0.1751270568262286,155.8003563892749,3.689200245078176,1.060826288,0.0474038461538461,"McFall, 2022",2.3112058639526367,32.468796310280425,-80.40169521284449
296,0.4008731936963603,0.3216158934616909,148.36976322814192,6.851339330823255,1.060826288,0.0284857142857142,"McFall, 2022",2.1835639476776123,32.592358261337964,-80.09790649516003
297,0.5871915263864892,0.4854455777874238,140.71832891979182,7.217884769631073,1.060826288,0.0333606557377049,"McFall, 2022",2.153021812438965,32.57010759353055,-80.08983657393438
298,0.6947499459777652,0.578760488058632,110.65825628944484,8.565344889439313,0.947119967,0.08652,"McFall, 2022",1.3292309045791626,35.51329258845926,-75.47109973918019
299,0.4008731936963603,0.3216158934616909,148.36976322814192,6.851339330823255,1.060826288,0.0284857142857142,"McFall, 2022",2.1835639476776123,32.592358261337964,-80.09790649516003
300,1.0006992626877214,0.8474980075990654,70.705740359853,7.39976746787438,1.08,0.11370757180156657,Briggs (2022),1.1856229305267334,26.83048476049271,-80.02239657643958
301,0.9946531993937119,0.8404930213847897,70.38163475460331,7.378286800628523,1.08,0.11370757180156657,Briggs (2022),1.1856229305267334,26.7958299526451,-80.0220641217073
302,1.048334047353491,0.8910086978532785,69.04470787859582,7.591386221397252,1.08,0.11370757180156657,Briggs (2022),1.1856229305267334,26.897151365492707,-80.02239657643958
303,1.0006992626877214,0.8474980075990654,70.705740359853,7.39976746787438,1.08,0.11370757180156657,Briggs (2022),1.1856229305267334,26.83026561369897,-80.02233579740187
304,1.0182675515534627,0.8639401446882877,70.221284673623,7.463964732881321,1.08,0.11370757180156657,Briggs (2022),1.1856229305267334,26.86271603813197,-80.0221231256302
305,1.048334047353491,0.8910086978532785,69.04470787859582,7.591386221397252,1.08,0.11370757180156657,Briggs (2022),1.1856229305267334,26.8953819129162,-80.02199559455275
306,1.048334047353491,0.8910086978532785,69.04470787859582,7.591386221397252,1.08,0.11370757180156657,Briggs (2022),1.1856229305267334,26.897151365492707,-80.02239657643958
307,0.9946531993937119,0.8404930213847897,70.38163475460331,7.378286800628523,1.08,0.11370757180156657,Briggs (2022),1.1856229305267334,26.796713487921878,-80.02227084960185
308,1.0006992626877214,0.8474980075990654,70.705740359853,7.39976746787438,1.08,0.11370757180156657,Briggs (2022),1.1856229305267334,26.828715307916198,-80.02199559455275
309,1.0006992626877214,0.8474980075990654,70.705740359853,7.39976746787438,1.08,0.11370757180156657,Briggs (2022),1.1856229305267334,26.82938321313197,-80.0221231256302
310,1.048334047353491,0.8910086978532785,69.04470787859582,7.591386221397252,1.08,0.11370757180156657,Briggs (2022),1.1856229305267334,26.8958303326451,-80.0220641217073
311,1.0182675515534627,0.8639401446882877,70.221284673623,7.463964732881321,1.08,0.11370757180156657,Briggs (2022),1.1856229305267334,26.863156643873854,-80.02223257509445
312,1.048334047353491,0.8910086978532785,69.04470787859582,7.591386221397252,1.08,0.11370757180156657,Briggs (2022),1.1856229305267334,26.8958303326451,-80.0220641217073
313,1.0006992626877214,0.8474980075990654,70.705740359853,7.39976746787438,1.08,0.11370757180156657,Briggs (2022),1.1856229305267334,26.829163727645103,-80.0220641217073
314,1.048334047353491,0.8910086978532785,69.04470787859582,7.591386221397252,1.08,0.11370757180156657,Briggs (2022),1.1856229305267334,26.8953819129162,-80.02199559455275
315,1.0182675515534627,0.8639401446882877,70.221284673623,7.463964732881321,1.08,0.11370757180156657,Briggs (2022),1.1856229305267334,26.86338008792188,-80.02227084960185
316,0.9946531993937119,0.8404930213847897,70.38163475460331,7.378286800628523,1.08,0.11370757180156657,Briggs (2022),1.1856229305267334,26.796713487921878,-80.02227084960185
317,1.0006992626877214,0.8474980075990654,70.705740359853,7.39976746787438,1.08,0.11370757180156657,Briggs (2022),1.1856229305267334,26.83026561369897,-80.02233579740187
318,1.048334047353491,0.8910086978532785,69.04470787859582,7.591386221397252,1.08,0.11370757180156657,Briggs (2022),1.1856229305267334,26.896932218698968,-80.02233579740187
319,1.048334047353491,0.8910086978532785,69.04470787859582,7.591386221397252,1.08,0.11370757180156657,Briggs (2022),1.1856229305267334,26.896268645070965,-80.02218557967015
320,1.0006992626877214,0.8474980075990654,70.705740359853,7.39976746787438,1.08,0.11370757180156657,Briggs (2022),1.1856229305267334,26.828715307916198,-80.02199559455275
321,1.048334047353491,0.8910086978532785,69.04470787859582,7.591386221397252,1.08,0.11370757180156657,Briggs (2022),1.1856229305267334,26.896932218698968,-80.02233579740187
322,1.0006992626877214,0.8474980075990654,70.705740359853,7.39976746787438,1.08,0.11370757180156657,Briggs (2022),1.1856229305267334,26.82938321313197,-80.0221231256302
323,1.0182675515534627,0.8639401446882877,70.221284673623,7.463964732881321,1.08,0.11370757180156657,Briggs (2022),1.1856229305267334,26.863817585492704,-80.02239657643958
324,1.0006992626877214,0.8474980075990654,70.705740359853,7.39976746787438,1.08,0.11370757180156657,Briggs (2022),1.1856229305267334,26.82938321313197,-80.0221231256302
325,0.9946531993937119,0.8404930213847897,70.38163475460331,7.378286800628523,1.08,0.11370757180156657,Briggs (2022),1.1856229305267334,26.79604943813197,-80.0221231256302
326,1.0006992626877214,0.8474980075990654,70.705740359853,7.39976746787438,1.08,0.11370757180156657,Briggs (2022),1.1856229305267334,26.82938321313197,-80.0221231256302
327,1.0006992626877214,0.8474980075990654,70.705740359853,7.39976746787438,1.08,0.11370757180156657,Briggs (2022),1.1856229305267334,26.829823818873855,-80.02223257509445
328,1.048334047353491,0.8910086978532785,69.04470787859582,7.591386221397252,1.08,0.11370757180156657,Briggs (2022),1.1856229305267334,26.896932218698968,-80.02233579740187
329,1.0182675515534627,0.8639401446882877,70.221284673623,7.463964732881321,1.08,0.11370757180156657,Briggs (2022),1.1856229305267334,26.86293486507096,-80.02218557967015
330,0.9946531993937119,0.8404930213847897,70.38163475460331,7.378286800628523,1.08,0.11370757180156657,Briggs (2022),1.1856229305267334,26.797150985492706,-80.02239657643958
331,0.9946531993937119,0.8404930213847897,70.38163475460331,7.378286800628523,1.08,0.11370757180156657,Briggs (2022),1.1856229305267334,26.7953815329162,-80.02199559455275
332,1.0182675515534627,0.8639401446882877,70.221284673623,7.463964732881321,1.08,0.11370757180156657,Briggs (2022),1.1856229305267334,26.86271603813197,-80.0221231256302
333,1.0182675515534627,0.8639401446882877,70.221284673623,7.463964732881321,1.08,0.11370757180156657,Briggs (2022),1.1856229305267334,26.86338008792188,-80.02227084960185
334,1.048334047353491,0.8910086978532785,69.04470787859582,7.591386221397252,1.08,0.11370757180156657,Briggs (2022),1.1856229305267334,26.8953819129162,-80.02199559455275
335,1.048334047353491,0.8910086978532785,69.04470787859582,7.591386221397252,1.08,0.11370757180156657,Briggs (2022),1.1856229305267334,26.896932218698968,-80.02233579740187
336,1.0182675515534627,0.8639401446882877,70.221284673623,7.463964732881321,1.08,0.11370757180156657,Briggs (2022),1.1856229305267334,26.86338008792188,-80.02227084960185
337,1.0182675515534627,0.8639401446882877,70.221284673623,7.463964732881321,1.08,0.11370757180156657,Briggs (2022),1.1856229305267334,26.862496552645098,-80.0220641217073
338,1.0182675515534627,0.8639401446882877,70.221284673623,7.463964732881321,1.08,0.11370757180156657,Briggs (2022),1.1856229305267334,26.863598438698965,-80.02233579740187
339,0.9946531993937119,0.8404930213847897,70.38163475460331,7.378286800628523,1.08,0.11370757180156657,Briggs (2022),1.1856229305267334,26.7953815329162,-80.02199559455275
340,0.9946531993937119,0.8404930213847897,70.38163475460331,7.378286800628523,1.08,0.11370757180156657,Briggs (2022),1.1856229305267334,26.796713487921878,-80.02227084960185
341,1.048334047353491,0.8910086978532785,69.04470787859582,7.591386221397252,1.08,0.11370757180156657,Briggs (2022),1.1856229305267334,26.896713867921882,-80.02227084960185
342,1.0006992626877214,0.8474980075990654,70.705740359853,7.39976746787438,1.08,0.11370757180156657,Briggs (2022),1.1856229305267334,26.83026561369897,-80.02233579740187
343,1.0006992626877214,0.8474980075990654,70.705740359853,7.39976746787438,1.08,0.11370757180156657,Briggs (2022),1.1856229305267334,26.829823818873855,-80.02223257509445
344,1.048334047353491,0.8910086978532785,69.04470787859582,7.591386221397252,1.08,0.11370757180156657,Briggs (2022),1.1856229305267334,26.8958303326451,-80.0220641217073
345,1.0006992626877214,0.8474980075990654,70.705740359853,7.39976746787438,1.08,0.11370757180156657,Briggs (2022),1.1856229305267334,26.829163727645103,-80.0220641217073
346,1.048334047353491,0.8910086978532785,69.04470787859582,7.591386221397252,1.08,0.11370757180156657,Briggs (2022),1.1856229305267334,26.896713867921882,-80.02227084960185
347,1.0006992626877214,0.8474980075990654,70.705740359853,7.39976746787438,1.08,0.11370757180156657,Briggs (2022),1.1856229305267334,26.83048476049271,-80.02239657643958
348,1.0182675515534627,0.8639401446882877,70.221284673623,7.463964732881321,1.08,0.11370757180156657,Briggs (2022),1.1856229305267334,26.8620481329162,-80.02199559455275
349,1.048334047353491,0.8910086978532785,69.04470787859582,7.591386221397252,1.08,0.11370757180156657,Briggs (2022),1.1856229305267334,26.896268645070965,-80.02218557967015
350,0.6423084762352359,0.5493627456156351,81.87528021503327,7.946237935711938,1.398605927,0.0814022662889518,rossi,1.9793429374694824,29.964953754990542,-81.2903137650533
351,0.7645868361892082,0.6549201924560262,82.85339038307322,7.908433412115281,1.398605927,0.0814022662889518,rossi,1.9793429374694824,29.998066511902834,-81.29026164566875
352,0.7645868361892082,0.6549201924560262,82.85339038307322,7.908433412115281,1.398605927,0.0814022662889518,rossi,1.9793429374694824,29.996300756986237,-81.28983192318276
353,0.6423084762352359,0.5493627456156351,81.87528021503327,7.946237935711938,1.398605927,0.0814022662889518,rossi,1.9793429374694824,29.964953754990542,-81.2903137650533
354,0.8081957219807392,0.6942821752536468,87.13115602874196,7.882044391517773,1.398605927,0.0814022662889518,rossi,1.9793429374694824,30.02897348365611,-81.28965994671086
355,0.7645868361892082,0.6549201924560262,82.85339038307322,7.908433412115281,1.398605927,0.0814022662889518,rossi,1.9793429374694824,29.997846746737626,-81.29020291294009
356,0.6423084762352359,0.5493627456156351,81.87528021503327,7.946237935711938,1.398605927,0.0814022662889518,rossi,1.9793429374694824,29.9636247851164,-81.29001594268053
357,0.7645868361892082,0.6549201924560262,82.85339038307322,7.908433412115281,1.398605927,0.0814022662889518,rossi,1.9793429374694824,29.997846746737626,-81.29020291294009
358,0.8081957219807392,0.6942821752536468,87.13115602874196,7.882044391517773,1.398605927,0.0814022662889518,rossi,1.9793429374694824,30.031179571737624,-81.29020291294009
359,0.6423084762352359,0.5493627456156351,81.87528021503327,7.946237935711938,1.398605927,0.0814022662889518,rossi,1.9793429374694824,29.962966976986237,-81.28983192318276
360,0.7645868361892082,0.6549201924560262,82.85339038307322,7.908433412115281,1.398605927,0.0814022662889518,rossi,1.9793429374694824,29.998066511902834,-81.29026164566875
361,0.6423084762352359,0.5493627456156351,81.87528021503327,7.946237935711938,1.398605927,0.0814022662889518,rossi,1.9793429374694824,29.9636247851164,-81.29001594268053
362,0.8081957219807392,0.6942821752536468,87.13115602874196,7.882044391517773,1.398605927,0.0814022662889518,rossi,1.9793429374694824,30.029633581986232,-81.28983192318276
363,0.6423084762352359,0.5493627456156351,81.87528021503327,7.946237935711938,1.398605927,0.0814022662889518,rossi,1.9793429374694824,29.964732731902835,-81.29026164566875
364,0.8081957219807392,0.6942821752536468,87.13115602874196,7.882044391517773,1.398605927,0.0814022662889518,rossi,1.9793429374694824,30.031179571737624,-81.29020291294009
365,0.7645868361892082,0.6549201924560262,82.85339038307322,7.908433412115281,1.398605927,0.0814022662889518,rossi,1.9793429374694824,29.994762406450786,-81.28942076735245
366,0.7645868361892082,0.6549201924560262,82.85339038307322,7.908433412115281,1.398605927,0.0814022662889518,rossi,1.9793429374694824,29.99520173444552,-81.28953929514952
367,0.6423084762352359,0.5493627456156351,81.87528021503327,7.946237935711938,1.398605927,0.0814022662889518,rossi,1.9793429374694824,29.964732731902835,-81.29026164566875
368,0.6423084762352359,0.5493627456156351,81.87528021503327,7.946237935711938,1.398605927,0.0814022662889518,rossi,1.9793429374694824,29.96407186612506,-81.29009370319169
369,0.7645868361892082,0.6549201924560262,82.85339038307322,7.908433412115281,1.398605927,0.0814022662889518,rossi,1.9793429374694824,29.996300756986237,-81.28983192318276
370,0.8081957219807392,0.6942821752536468,87.13115602874196,7.882044391517773,1.398605927,0.0814022662889518,rossi,1.9793429374694824,30.029633581986232,-81.28983192318276
371,0.6423084762352359,0.5493627456156351,81.87528021503327,7.946237935711938,1.398605927,0.0814022662889518,rossi,1.9793429374694824,29.964953754990542,-81.2903137650533
372,0.7645868361892082,0.6549201924560262,82.85339038307322,7.908433412115281,1.398605927,0.0814022662889518,rossi,1.9793429374694824,29.99520173444552,-81.28953929514952
373,0.7645868361892082,0.6549201924560262,82.85339038307322,7.908433412115281,1.398605927,0.0814022662889518,rossi,1.9793429374694824,29.998066511902834,-81.29026164566875
374,0.6423084762352359,0.5493627456156351,81.87528021503327,7.946237935711938,1.398605927,0.0814022662889518,rossi,1.9793429374694824,29.964732731902835,-81.29026164566875
375,0.8081957219807392,0.6942821752536468,87.13115602874196,7.882044391517773,1.398605927,0.0814022662889518,rossi,1.9793429374694824,30.029633581986232,-81.28983192318276
376,0.7645868361892082,0.6549201924560262,82.85339038307322,7.908433412115281,1.398605927,0.0814022662889518,rossi,1.9793429374694824,29.996300756986237,-81.28983192318276
377,0.6423084762352359,0.5493627456156351,81.87528021503327,7.946237935711938,1.398605927,0.0814022662889518,rossi,1.9793429374694824,29.964953754990542,-81.2903137650533
378,0.7645868361892082,0.6549201924560262,82.85339038307322,7.908433412115281,1.398605927,0.0814022662889518,rossi,1.9793429374694824,29.997846746737626,-81.29020291294009
379,0.6423084762352359,0.5493627456156351,81.87528021503327,7.946237935711938,1.398605927,0.0814022662889518,rossi,1.9793429374694824,29.964953754990542,-81.2903137650533
380,0.6423084762352359,0.5493627456156351,81.87528021503327,7.946237935711938,1.398605927,0.0814022662889518,rossi,1.9793429374694824,29.96318754258188,-81.28988644602524
381,0.8081957219807392,0.6942821752536468,87.13115602874196,7.882044391517773,1.398605927,0.0814022662889518,rossi,1.9793429374694824,30.029633581986232,-81.28983192318276
382,0.7645868361892082,0.6549201924560262,82.85339038307322,7.908433412115281,1.398605927,0.0814022662889518,rossi,1.9793429374694824,29.994762406450786,-81.28942076735245
383,0.7645868361892082,0.6549201924560262,82.85339038307322,7.908433412115281,1.398605927,0.0814022662889518,rossi,1.9793429374694824,29.998066511902834,-81.29026164566875
384,0.8081957219807392,0.6942821752536468,87.13115602874196,7.882044391517773,1.398605927,0.0814022662889518,rossi,1.9793429374694824,30.031179571737624,-81.29020291294009
385,0.6423084762352359,0.5493627456156351,81.87528021503327,7.946237935711938,1.398605927,0.0814022662889518,rossi,1.9793429374694824,29.964953754990542,-81.2903137650533
386,0.6423084762352359,0.5493627456156351,81.87528021503327,7.946237935711938,1.398605927,0.0814022662889518,rossi,1.9793429374694824,29.9636247851164,-81.29001594268053
387,0.7645868361892082,0.6549201924560262,82.85339038307322,7.908433412115281,1.398605927,0.0814022662889518,rossi,1.9793429374694824,29.997846746737626,-81.29020291294009
388,0.6423084762352359,0.5493627456156351,81.87528021503327,7.946237935711938,1.398605927,0.0814022662889518,rossi,1.9793429374694824,29.962966976986237,-81.28983192318276
389,0.7645868361892082,0.6549201924560262,82.85339038307322,7.908433412115281,1.398605927,0.0814022662889518,rossi,1.9793429374694824,29.99520173444552,-81.28953929514952
390,0.8081957219807392,0.6942821752536468,87.13115602874196,7.882044391517773,1.398605927,0.0814022662889518,rossi,1.9793429374694824,30.031179571737624,-81.29020291294009
391,0.6423084762352359,0.5493627456156351,81.87528021503327,7.946237935711938,1.398605927,0.0814022662889518,rossi,1.9793429374694824,29.964953754990542,-81.2903137650533
392,0.6423084762352359,0.5493627456156351,81.87528021503327,7.946237935711938,1.398605927,0.0814022662889518,rossi,1.9793429374694824,29.962966976986237,-81.28983192318276
393,0.7645868361892082,0.6549201924560262,82.85339038307322,7.908433412115281,1.398605927,0.0814022662889518,rossi,1.9793429374694824,29.997846746737626,-81.29020291294009
394,0.6423084762352359,0.5493627456156351,81.87528021503327,7.946237935711938,1.398605927,0.0814022662889518,rossi,1.9793429374694824,29.964732731902835,-81.29026164566875
395,0.6423084762352359,0.5493627456156351,81.87528021503327,7.946237935711938,1.398605927,0.0814022662889518,rossi,1.9793429374694824,29.964732731902835,-81.29026164566875
396,0.8081957219807392,0.6942821752536468,87.13115602874196,7.882044391517773,1.398605927,0.0814022662889518,rossi,1.9793429374694824,30.028314845047348,-81.28948029742162
397,0.6423084762352359,0.5493627456156351,81.87528021503327,7.946237935711938,1.398605927,0.0814022662889518,rossi,1.9793429374694824,29.96407186612506,-81.29009370319169
398,0.7645868361892082,0.6549201924560262,82.85339038307322,7.908433412115281,1.398605927,0.0814022662889518,rossi,1.9793429374694824,29.997846746737626,-81.29020291294009
399,0.7645868361892082,0.6549201924560262,82.85339038307322,7.908433412115281,1.398605927,0.0814022662889518,rossi,1.9793429374694824,29.997846746737626,-81.29020291294009
