,latitude,longitude,d50,beach_slope_average,mstr,code,Hs_max,Hs_mean,Wdir_mean,Tp_mean
0,26.181246525622623,-80.07150353855548,0.476595228255736,0.1080994152046783,1.0887861251831057,1.0,0.8502010373764339,0.7024638522451494,75.47178010016144,6.655644251449794
1,26.215702756665856,-80.07137314050553,0.476595228255736,0.1080994152046783,1.0887861251831057,1.0,0.8390192151928905,0.6938655546227165,77.56454811968561,6.651345453916159
2,26.215478661946022,-80.07140366856824,0.476595228255736,0.1080994152046783,1.0887861251831057,1.0,0.8390192151928905,0.6938655546227165,77.56454811968561,6.651345453916159
3,25.7129817524396,-80.13449035522092,0.809927931657867,0.1042857142857142,0.9670698642730712,1.0,0.5862837014217532,0.4834932137293584,95.51347134013028,5.683103628109475
4,26.18873232790559,-80.08111577353998,0.476595228255736,0.1426643598615916,1.0574862957000732,1.0,0.8361122710033989,0.6948416940822829,74.17154162678091,6.858538180833452
5,25.7463145774396,-80.13449035522092,0.809927931657867,0.1042857142857142,0.9670698642730712,1.0,0.5155406670764764,0.424360322687438,93.52148094965868,5.777091633571591
6,25.81207900509928,-80.13479925488996,0.809927931657867,0.1042857142857142,0.9670698642730712,1.0,0.4046619407865741,0.3337394803281405,84.70841024224472,5.996292719901714
7,26.1209529025373,-80.08132597621689,0.476595228255736,0.1426643598615916,1.0574862957000732,1.0,0.8502010373764339,0.7024638522451494,75.47178010016144,6.655644251449794
8,25.879159784451176,-80.10134118726904,0.809927931657867,0.1042857142857142,0.9670698642730712,1.0,0.8717541330152951,0.720257415774253,73.71198139341736,6.658795205991078
9,26.18828670104909,-80.08119444768623,0.476595228255736,0.1426643598615916,1.0574862957000732,1.0,0.8361122710033989,0.6948416940822829,74.17154162678091,6.858538180833452
10,26.187841856011453,-80.08128173698981,0.476595228255736,0.1426643598615916,1.0574862957000732,1.0,0.8361122710033989,0.6948416940822829,74.17154162678091,6.858538180833452
11,26.1876195075373,-80.08132597621689,0.476595228255736,0.1426643598615916,1.0574862957000732,1.0,0.8361122710033989,0.6948416940822829,74.17154162678091,6.858538180833452
12,26.420636318862844,-80.02953538472718,0.119090842104821,0.0961587982832618,1.102508306503296,1.0,0.9930310411069252,0.8315069703170939,66.09605197019204,7.237247179344003
13,26.31525428079258,-80.07142670002908,0.476595228255736,0.1080994152046783,1.0887861251831057,1.0,0.724963398375301,0.5944918549713921,81.01065921065289,6.844035967258744
14,26.31480581530525,-80.0714846518536,0.476595228255736,0.1080994152046783,1.0887861251831057,1.0,0.724963398375301,0.5944918549713921,81.01065921065289,6.844035967258744
15,26.45374394401128,-80.02955491256142,0.119090842104821,0.0961587982832618,1.102508306503296,1.0,1.0012824836082708,0.8398578700059481,66.1788651519088,7.309106356889817
16,26.553520678252305,-80.02958906965927,0.119090842104821,0.0961587982832618,1.102508306503296,1.0,0.998322164495114,0.8425809509238068,68.6559924479493,7.379679295654722
17,26.520636698862845,-80.02953538472718,0.119090842104821,0.0961587982832618,1.102508306503296,1.0,1.004451940049993,0.8460101333744513,67.13921842239485,7.381619050040928
18,26.48707772401128,-80.02955491256142,0.119090842104821,0.0961587982832618,1.102508306503296,1.0,1.0051008614336496,0.8449705460794505,66.43271438219855,7.356746820338904
19,26.55374432401128,-80.02955491256142,0.119090842104821,0.0961587982832618,1.102508306503296,1.0,0.998322164495114,0.8425809509238068,68.6559924479493,7.379679295654722
20,26.248586725792578,-80.07142670002908,0.476595228255736,0.1080994152046783,1.0887861251831057,1.0,0.8361122710033989,0.6948416940822829,74.17154162678091,6.858538180833452
21,26.24791313062262,-80.07150353855548,0.476595228255736,0.1080994152046783,1.0887861251831057,1.0,0.8361122710033989,0.6948416940822829,74.17154162678091,6.858538180833452
22,26.52041149901128,-80.02955491256142,0.119090842104821,0.0961587982832618,1.102508306503296,1.0,1.004451940049993,0.8460101333744513,67.13921842239485,7.381619050040928
23,26.420187473252305,-80.02958906965927,0.119090842104821,0.0961587982832618,1.102508306503296,1.0,0.9930310411069252,0.8315069703170939,66.09605197019204,7.237247179344003
24,27.188584626789343,-80.1604465335241,0.45,0.103002915451895,1.3000760078430176,1.0,0.6618742248024357,0.5665555924489449,73.85677224873956,8.170327182788698
25,27.19677233275602,-80.16241008020134,0.53,0.1232262569832402,1.333489179611206,1.0,0.7609711349589293,0.650308588093471,70.04467282508001,8.004959507706415
26,27.092417075207457,-80.10820550116676,0.45,0.1387125748502994,1.2348204851150513,1.0,0.7223644836972101,0.6204012681383656,75.0685407072079,8.036664212342586
27,27.132586473293028,-80.15552751808737,0.45,0.1122181818181818,1.3753461837768557,1.0,0.994653199393712,0.8404930213847897,70.38163475460331,7.378286800628523
28,27.179956347706376,-80.16295522753558,0.53,0.1212272727272727,1.2686141729354858,1.0,0.5501444327334655,0.4692840592777227,79.67774352801902,8.101661241960947
29,27.059301495317484,-80.10826988522913,0.45,0.1387125748502994,1.2348204851150513,1.0,0.6618742248024357,0.5665555924489449,73.85677224873956,8.170327182788698
30,27.225751235207458,-80.17487114616677,0.53,0.1387125748502994,1.2348204851150513,1.0,0.6185967365072935,0.5332213720883727,81.61306003890459,7.784448472300486
31,27.23010610775601,-80.16241008020134,0.53,0.1232262569832402,1.333489179611206,1.0,0.9127835770198274,0.7798538619120521,70.74511132778672,7.869459704153519
32,27.059301495317484,-80.10826988522913,0.53,0.1387125748502994,1.2348204851150513,1.0,0.6618742248024357,0.5665555924489449,73.85677224873956,8.170327182788698
33,26.858864464590013,-80.04147493256502,0.45,0.1387125748502994,1.2348204851150513,1.0,0.994653199393712,0.8404930213847897,70.38163475460331,7.378286800628523
34,27.022321171806965,-80.09400739285783,0.45,0.103002915451895,1.3000760078430176,1.0,1.0006992626877214,0.8474980075990654,70.705740359853,7.39976746787438
35,27.15886560959001,-80.14147340756502,0.45,0.1387125748502994,1.2348204851150513,1.0,0.6662104106854553,0.5696098528949157,76.62325935145181,8.023123480519143
36,27.499692996996515,-80.28898193856074,0.53,0.1122181818181818,1.3753461837768557,1.0,0.6185967365072935,0.5332213720883727,81.61306003890459,7.784448472300486
37,27.39718802649204,-80.22927508230171,0.53,0.1232262569832402,1.333489179611206,1.0,0.7412527652605863,0.638685497390313,77.39470214607806,8.136738738384048
38,27.32575161520746,-80.20820778616675,0.45,0.1387125748502994,1.2348204851150513,1.0,0.6697946680317235,0.5805970176697353,79.63237983980144,8.087227052077719
39,27.36343931775602,-80.22907573020134,0.45,0.1232262569832402,1.333489179611206,1.0,0.6662104106854553,0.5696098528949157,76.62325935145181,8.023123480519143
40,27.699693761996517,-80.35565140356073,0.53,0.1122181818181818,1.3753461837768557,1.0,0.7349665188107917,0.6389616039705425,78.06478746736119,8.258643203232012
41,27.322118733446068,-80.19389687899081,0.53,0.103002915451895,1.3000760078430176,1.0,0.7412527652605863,0.638685497390313,77.39470214607806,8.136738738384048
42,27.598816425777255,-80.32207824739478,0.45,0.1122181818181818,1.3753461837768557,1.0,0.6697946680317235,0.5805970176697353,79.63237983980144,8.087227052077719
43,27.5973992086152,-80.32936976952867,0.53,0.1232262569832402,1.333489179611206,1.0,0.6902174349075203,0.6009565684992211,75.0840594117278,8.466280994110042
44,27.59718879149204,-80.3292773673017,0.45,0.1232262569832402,1.333489179611206,1.0,0.6902174349075203,0.6009565684992211,75.0840594117278,8.466280994110042
45,27.530522186492043,-80.29594454230171,0.45,0.1232262569832402,1.333489179611206,1.0,0.6697946680317235,0.5805970176697353,79.63237983980144,8.087227052077719
46,27.56570395456925,-80.32212895126365,0.45,0.1122181818181818,1.3753461837768557,1.0,0.497322505803144,0.4310674577879904,83.57146134466214,7.809133800526067
47,27.446623712706376,-80.26295751253558,0.53,0.1212272727272727,1.2686141729354858,1.0,0.6902174349075203,0.6009565684992211,75.0840594117278,8.466280994110042
48,28.188482326846938,-80.53816819015526,0.493848227786005,0.0781147540983606,1.463911533355713,1.0,0.7077579742128594,0.6115403539849881,93.86267862932162,8.188917632072936
49,28.130689116800617,-80.56257592582753,0.493848227786005,0.0703753753753753,1.4823716878890991,1.0,0.6495381091771704,0.5618537251260445,86.18452297098833,7.704213030948553
50,28.09668812330157,-80.52911354491187,0.493848227786005,0.0703753753753753,1.4823716878890991,1.0,0.7465176890548081,0.6467845515674834,81.12939452421672,8.240016766232861
51,28.055351890663168,-80.53827798578132,0.493848227786005,0.0781147540983606,1.463911533355713,1.0,0.6495381091771704,0.5618537251260445,86.18452297098833,7.704213030948553
52,28.130021903301568,-80.56244636991187,0.493848227786005,0.0703753753753753,1.4823716878890991,1.0,0.6495381091771704,0.5618537251260445,86.18452297098833,7.704213030948553
53,28.19668945830157,-80.56244636991187,0.493848227786005,0.0703753753753753,1.4823716878890991,1.0,0.7315154981635745,0.6340878586850304,90.26576211977935,8.168198982439456
54,28.088685670663168,-80.53827798578132,0.493848227786005,0.0781147540983606,1.463911533355713,1.0,0.7070549709039797,0.6078152818925082,87.64787125636957,7.904643339887156
55,28.02201811066317,-80.50494516078132,0.493848227786005,0.0781147540983606,1.463911533355713,1.0,0.7465176890548081,0.6467845515674834,81.12939452421672,8.240016766232861
56,28.12119022816459,-80.53787586761239,0.493848227786005,0.0781147540983606,1.463911533355713,1.0,0.7315154981635745,0.6340878586850304,90.26576211977935,8.168198982439456
57,28.22160544349541,-80.53807635244848,0.493848227786005,0.0781147540983606,1.463911533355713,1.0,0.7112037722937261,0.620837638132984,93.71946754384535,8.463050344325309
58,28.155352270663165,-80.53827798578132,0.493848227786005,0.0781147540983606,1.463911533355713,1.0,0.733989143066846,0.636615768402351,94.09071854033664,8.248668353623
59,28.222019830663164,-80.53827798578132,0.493848227786005,0.0781147540983606,1.463911533355713,1.0,0.7112037722937261,0.620837638132984,93.71946754384535,8.463050344325309
60,28.734970227889217,-80.70240075393531,0.493848227786005,0.0533618233618233,1.6167385578155518,1.0,0.6008872669450502,0.5236005923530661,87.42540373035646,8.484644501226455
61,28.6969136966597,-80.76249081961552,0.493848227786005,0.0703753753753753,1.4823716878890991,1.0,0.7617589345206062,0.6615152130106217,90.24949890563336,8.169431057131568
62,28.735170669304004,-80.76336009628152,0.493848227786005,0.0424722222222222,1.6763266324996948,1.0,0.733989143066846,0.636615768402351,94.09071854033664,8.248668353623
63,28.501234932362408,-80.66882140707993,0.493848227786005,0.0533618233618233,1.6167385578155518,1.0,0.7465176890548081,0.6467845515674834,81.12939452421672,8.240016766232861
64,28.73456947736241,-80.70215423207993,0.493848227786005,0.0533618233618233,1.6167385578155518,1.0,0.6008872669450502,0.5236005923530661,87.42540373035646,8.484644501226455
65,28.560816237030693,-80.70782482387995,0.493848227786005,0.0478054298642534,1.6591230630874634,1.0,0.7465176890548081,0.6467845515674834,81.12939452421672,8.240016766232861
66,28.727484177030696,-80.74115764887995,0.493848227786005,0.0478054298642534,1.6591230630874634,1.0,0.7077579742128594,0.6115403539849881,93.86267862932162,8.188917632072936
67,28.60254092599697,-80.66885489503093,0.493848227786005,0.0620358306188925,1.4877971410751345,1.0,0.9191498183750176,0.8003129997231271,74.5980602625529,8.330412869982014
68,28.534568712362407,-80.70215423207993,0.493848227786005,0.0533618233618233,1.6167385578155518,1.0,0.6495381091771704,0.5618537251260445,86.18452297098833,7.704213030948553
69,28.567702001053444,-80.70203124616282,0.493848227786005,0.0533618233618233,1.6167385578155518,1.0,0.7070549709039797,0.6078152818925082,87.64787125636957,7.904643339887156
70,28.35452477316459,-80.57120869261237,0.493848227786005,0.0781147540983606,1.463911533355713,1.0,0.7356019635029033,0.6390274835317944,60.27342813436609,8.540567375282537
71,28.721192518164592,-80.80454228261237,0.493848227786005,0.0781147540983606,1.463911533355713,1.0,0.6613983276258321,0.5563005826251239,87.67312733338112,7.239679460567085
72,29.13477163216345,-80.93561252556577,0.493848227786005,0.0533618233618233,1.6167385578155518,1.0,0.6739062274788273,0.5738834126483501,91.5109855581262,7.604686119354624
73,29.001437472163445,-80.86894687556577,0.493848227786005,0.0533618233618233,1.6167385578155518,1.0,0.7981693003330973,0.696518294382807,76.3168667674311,8.372687121518624
74,29.101437857163447,-80.90227970056577,0.493848227786005,0.0533618233618233,1.6167385578155518,1.0,0.7617589345206062,0.6615152130106217,90.24949890563336,8.169431057131568
75,29.00203902575105,-80.86931588090155,0.493848227786005,0.0533618233618233,1.6167385578155518,1.0,0.7981693003330973,0.696518294382807,76.3168667674311,8.372687121518624
76,29.02748532203069,-80.87449276387994,0.493848227786005,0.0478054298642534,1.6591230630874634,1.0,0.8673829167850163,0.7559868789692679,74.08138436550546,8.373579310218382
77,29.101839066624905,-80.90252531570019,0.493848227786005,0.0533618233618233,1.6167385578155518,1.0,0.7617589345206062,0.6615152130106217,90.24949890563336,8.169431057131568
78,28.96871240679296,-80.83012759105554,0.493848227786005,0.0424722222222222,1.6763266324996948,1.0,0.8120940063301232,0.7024809796568475,63.33874022904703,8.423077710653875
79,28.95576155470653,-80.78975074586735,0.493848227786005,0.0632058823529411,1.7158149480819702,1.0,0.7892838512287211,0.689179061449653,82.28026782577199,8.460179376656988
80,28.868504829304,-80.76336009628152,0.493848227786005,0.0424722222222222,1.6763266324996948,1.0,0.7658193100033989,0.6696588701189633,82.29978227540377,8.571184890126329
81,28.868974916546776,-80.83547691200889,0.493848227786005,0.0620358306188925,1.4877971410751345,1.0,0.6613983276258321,0.5563005826251239,87.67312733338112,7.239679460567085
82,29.001037301053444,-80.86869918616281,0.493848227786005,0.0533618233618233,1.6167385578155518,1.0,0.7981693003330973,0.696518294382807,76.3168667674311,8.372687121518624
83,29.055558934021743,-80.8896372477198,0.493848227786005,0.0632058823529411,1.7158149480819702,1.0,0.8104875802662512,0.703102726733324,68.80369078625775,8.3949121137295
84,29.268301535216324,-80.99658803843093,0.493848227786005,0.0424722222222222,1.6763266324996948,1.0,0.7219658150557995,0.6132855781678233,97.88936686173332,7.372420663244346
85,29.74708536088578,-81.2233171615483,0.559148072074133,0.0470883534136546,1.8807613849639893,1.0,0.7251872731794364,0.6246768912265968,83.87817206947658,8.031119308909645
86,29.35576307970653,-81.05641716086734,0.493848227786005,0.0632058823529411,1.7158149480819702,1.0,0.6613983276258321,0.5563005826251239,87.67312733338112,7.239679460567085
87,29.748174083381592,-81.22371500724879,0.559148072074133,0.0470883534136546,1.8807613849639893,1.0,0.7251872731794364,0.6246768912265968,83.87817206947658,8.031119308909645
88,29.68107087329464,-81.1902238505809,0.559148072074133,0.0470883534136546,1.8807613849639893,1.0,0.7414926834235944,0.6384861268041353,79.80630223589236,7.98359860273998
89,29.74752162039193,-81.22347383115094,0.559148072074133,0.0470883534136546,1.8807613849639893,1.0,0.7251872731794364,0.6246768912265968,83.87817206947658,8.031119308909645
90,29.714840303381592,-81.22371500724879,0.559148072074133,0.0470883534136546,1.8807613849639893,1.0,0.5901301372763065,0.5086942905900015,80.82377991567343,8.123483298443421
91,29.355560079021743,-81.0563013727198,0.493848227786005,0.0632058823529411,1.7158149480819702,1.0,0.6613983276258321,0.5563005826251239,87.67312733338112,7.239679460567085
92,29.268507309304,-80.99669368628152,0.493848227786005,0.0424722222222222,1.6763266324996948,1.0,0.7219658150557995,0.6132855781678233,97.88936686173332,7.372420663244346
93,29.26022659893718,-81.00745276082738,0.493848227786005,0.0478054298642534,1.6591230630874634,1.0,0.6613983276258321,0.5563005826251239,87.67312733338112,7.239679460567085
94,29.680199914254302,-81.1899089231794,0.559148072074133,0.0470883534136546,1.8807613849639893,1.0,0.7414926834235944,0.6384861268041353,79.80630223589236,7.98359860273998
95,29.74773843329464,-81.2235566705809,0.559148072074133,0.0470883534136546,1.8807613849639893,1.0,0.7251872731794364,0.6246768912265968,83.87817206947658,8.031119308909645
96,30.22711017524836,-81.36249263445765,0.571030468730941,0.0574773413897281,2.124904155731201,1.0,0.6906576830084974,0.5903670628954822,89.68577404253645,7.946585579645518
97,30.249001136467072,-81.3538369694386,0.571030468730941,0.0810643564356435,2.235518455505371,1.0,0.6423084762352359,0.5493627456156351,81.87528021503327,7.946237935711938
98,29.962746861520262,-81.28977503246335,0.571030468730941,0.0819263456090651,1.9793429374694824,1.0,0.6423084762352359,0.5493627456156351,81.87528021503327,7.946237935711938
99,30.163188307581883,-81.32321927102524,0.571030468730941,0.0819263456090651,1.9793429374694824,1.0,0.7275866765486475,0.6246205102542133,93.6602453700255,7.800481776370628
100,30.24877235109324,-81.35382387075867,0.571030468730941,0.0810643564356435,2.235518455505371,1.0,0.6423084762352359,0.5493627456156351,81.87528021503327,7.946237935711938
101,30.26318868758188,-81.35655209602524,0.571030468730941,0.0819263456090651,1.9793429374694824,1.0,0.6131647640803002,0.5244721299141765,95.9211683684379,7.807738731394278
102,30.19630151698623,-81.35649757318276,0.571030468730941,0.0819263456090651,1.9793429374694824,1.0,0.4729160391031015,0.404746859501487,91.13334352360148,7.951358770410706
103,29.9636247851164,-81.29001594268053,0.571030468730941,0.0819263456090651,1.9793429374694824,1.0,0.6423084762352359,0.5493627456156351,81.87528021503327,7.946237935711938
104,29.99652132258188,-81.28988644602524,0.571030468730941,0.0819263456090651,1.9793429374694824,1.0,0.7645868361892082,0.6549201924560262,82.85339038307322,7.908433412115281
105,29.780201249254304,-81.2565745681794,0.559148072074133,0.0470883534136546,1.8807613849639893,1.0,0.5402758734266385,0.4616117548683886,94.86750843012123,8.183519536819189
106,29.9969585651164,-81.29001594268053,0.571030468730941,0.0819263456090651,1.9793429374694824,1.0,0.7645868361892082,0.6549201924560262,82.85339038307322,7.908433412115281
107,30.09422785832353,-81.32922388464004,0.571030468730941,0.0574773413897281,2.124904155731201,1.0,0.5318519634023509,0.4582191094010763,93.835715694395,7.908855821298102
108,30.3636263101164,-81.35668159268053,0.571030468730941,0.0819263456090651,1.9793429374694824,1.0,0.6873779817561251,0.5857566312312703,103.69338398416797,7.6962031430855395
109,30.582793812749863,-81.42052168902575,0.571030468730941,0.0810643564356435,2.235518455505371,1.0,0.6193804647184534,0.5292038400471605,96.84043042622577,7.727019857289903
110,30.362748386520263,-81.38977732246335,0.571030468730941,0.0819263456090651,1.9793429374694824,1.0,0.3104162384953972,0.2627838821342586,104.494908382409,7.714877469215976
111,30.548544822032344,-81.42047224588896,0.571030468730941,0.0810643564356435,2.235518455505371,1.0,0.6131647640803002,0.5244721299141765,95.9211683684379,7.807738731394278
112,30.56022002014116,-81.39579161942783,0.571030468730941,0.0574773413897281,2.124904155731201,1.0,0.603202360672426,0.5122321326640702,107.35308051159184,7.630788646501488
113,30.382335296467076,-81.3871697944386,0.571030468730941,0.0810643564356435,2.235518455505371,1.0,0.7064472976302224,0.606250557944767,93.03562650209037,7.841520746107492
114,30.52643770242203,-81.42907167613214,0.571030468730941,0.0574773413897281,2.124904155731201,1.0,0.3104162384953972,0.2627838821342586,104.494908382409,7.714877469215976
115,30.42985662758188,-81.35655209602524,0.571030468730941,0.0819263456090651,1.9793429374694824,1.0,0.5255790604247274,0.4435951796428267,110.9503624022858,7.599678853066138
116,30.315210282032343,-81.35380659588897,0.571030468730941,0.0810643564356435,2.235518455505371,1.0,0.8081957219807392,0.6942821752536468,87.13115602874196,7.882044391517773
117,30.315667741467077,-81.3538369694386,0.571030468730941,0.0810643564356435,2.235518455505371,1.0,0.8081957219807392,0.6942821752536468,87.13115602874196,7.882044391517773
118,30.29400366642627,-81.36252454930849,0.571030468730941,0.0574773413897281,2.124904155731201,1.0,0.7263213855425577,0.6235189848926497,92.73776458866874,7.790013168104234
119,30.363406297675358,-81.35662416113803,0.571030468730941,0.0819263456090651,1.9793429374694824,1.0,0.6873779817561251,0.5857566312312703,103.69338398416797,7.6962031430855395
120,31.236919878587155,-81.3202211157777,0.687677810326219,0.0488571428571428,2.4822428226470947,1.0,0.2842626087844498,0.2322326256792239,121.85297720474944,6.772126090446175
121,31.26010385865992,-81.30257453795778,0.687677810326219,0.0608396946564885,2.4999654293060303,1.0,0.2842626087844498,0.2322326256792239,121.85297720474944,6.772126090446175
122,31.204912589061163,-81.32649654037982,0.687677810326219,0.0291304347826086,2.5368857383728027,1.0,0.3501441455174904,0.2837437016707265,125.87809319328844,6.969213190209072
123,31.238459982226274,-81.32637908680346,0.687677810326219,0.0291304347826086,2.5368857383728027,1.0,0.2492911988259453,0.2011831327877071,134.40723417723947,5.906535278232668
124,31.22745339744112,-81.30189086448445,0.687677810326219,0.0608396946564885,2.4999654293060303,1.0,0.3157484110026908,0.2609705351631496,120.05372245826771,7.09124382164915
125,31.23959753680604,-81.32601908021283,0.687677810326219,0.0291304347826086,2.5368857383728027,1.0,0.2492911988259453,0.2011831327877071,134.40723417723947,5.906535278232668
126,31.2276217265816,-81.30171829485985,0.687677810326219,0.0608396946564885,2.4999654293060303,1.0,0.3157484110026908,0.2609705351631496,120.05372245826771,7.09124382164915
127,31.16010347365992,-81.33590736295778,0.687677810326219,0.0608396946564885,2.4999654293060303,1.0,0.4039112507430958,0.3326687884680641,120.56013899812184,7.115335058073514
128,31.205126202226275,-81.32637908680346,0.687677810326219,0.0291304347826086,2.5368857383728027,1.0,0.3501441455174904,0.2837437016707265,125.87809319328844,6.969213190209072
129,31.20556746035341,-81.32619091231106,0.687677810326219,0.0291304347826086,2.5368857383728027,1.0,0.3501441455174904,0.2837437016707265,125.87809319328844,6.969213190209072
130,31.1272813521998,-81.36872481946759,0.687677810326219,0.0608396946564885,2.4999654293060303,1.0,0.2492911988259453,0.2011831327877071,134.40723417723947,5.906535278232668
131,31.27293131180604,-81.29268625521284,0.687677810326219,0.0291304347826086,2.5368857383728027,1.0,0.4039112507430958,0.3326687884680641,120.56013899812184,7.115335058073514
132,31.726143177804783,-80.98359507093187,0.687677810326219,0.0436,2.479688882827759,1.0,0.3157484110026908,0.2609705351631496,120.05372245826771,7.09124382164915
133,31.72677293865992,-80.96923866295779,0.687677810326219,0.0608396946564885,2.4999654293060303,1.0,0.3137181517975751,0.2457140661837989,148.60799929749956,6.3386658376622735
134,31.76309542733661,-81.00840318079275,0.687677810326219,0.0347135416666666,2.556210517883301,1.0,0.5534454874189209,0.4626136378997308,126.31599749481236,7.420603980528679
135,31.402930431890415,-81.23459920662648,0.687677810326219,0.0435416666666666,2.5919134616851807,1.0,0.4039112507430958,0.3326687884680641,120.56013899812184,7.115335058073514
136,31.6353565167597,-81.13448272776907,0.687677810326219,0.0435416666666666,2.5919134616851807,1.0,0.3316534926714346,0.2713298952367936,125.64365311917577,6.740568198950857
137,31.640486897994844,-81.11610448866426,0.687677810326219,0.0310059171597633,2.5413951873779297,1.0,0.2640926170182693,0.2109170754170797,130.43604974445876,6.057700258130349
138,31.72535912709086,-80.98414648552827,0.687677810326219,0.0436,2.479688882827759,1.0,0.3157484110026908,0.2609705351631496,120.05372245826771,7.09124382164915
139,31.606266236806043,-81.12601832021284,0.687677810326219,0.0291304347826086,2.5368857383728027,1.0,0.4639684304410139,0.3853672845030448,125.15720669432515,7.199338230063589
140,31.74030821045628,-81.04960391354173,0.687677810326219,0.0310059171597633,2.5413951873779297,1.0,0.3316534926714346,0.2713298952367936,125.64365311917577,6.740568198950857
141,31.402250211175588,-81.23450523987471,0.687677810326219,0.0435416666666666,2.5919134616851807,1.0,0.4039112507430958,0.3326687884680641,120.56013899812184,7.115335058073514
142,31.560446078604805,-81.10223016134643,0.687677810326219,0.0608396946564885,2.4999654293060303,1.0,0.5534454874189209,0.4626136378997308,126.31599749481236,7.420603980528679
143,31.77414106393944,-81.04907289741315,0.687677810326219,0.0310059171597633,2.5413951873779297,1.0,0.2608936634735873,0.2087486311178303,129.3316440833348,6.0652982792846
144,31.830051484571197,-80.98927038933547,0.687677810326219,0.0329285714285714,2.510958671569824,1.0,0.3131822244697634,0.2468044015979323,129.7698148618043,5.973015177588445
145,32.11909611209758,-80.71535555413672,0.687677810326219,0.0418518518518518,2.394057512283325,1.0,0.3573683569728083,0.291608306130718,132.64679245122363,6.869399501273757
146,32.01920151672052,-80.78178404000356,0.687677810326219,0.0418518518518518,2.394057512283325,1.0,0.3899714092903272,0.3168692409713922,130.54304113186288,6.879325101306842
147,31.863095807336613,-80.94173753079275,0.687677810326219,0.0347135416666666,2.556210517883301,1.0,0.3179596551244866,0.2588254142638436,142.0514227275641,6.67009829475131
148,31.885867356720524,-80.84845350000356,0.687677810326219,0.0418518518518518,2.394057512283325,1.0,0.3460293554567342,0.2803719290808668,125.47161169053392,6.697699292131993
149,32.00225250117559,-80.7678380648747,0.687677810326219,0.0435416666666666,2.5919134616851807,1.0,0.5268367827494689,0.4402854803102959,132.98418303751592,7.527116716447953
150,32.1828304089035,-80.66216348150968,0.687677810326219,0.0881,2.553478479385376,1.0,0.6715104747854411,0.5615023784400227,133.41807682802295,7.445296870736299
151,32.03055440192557,-80.85474873787355,0.687677810326219,0.0329285714285714,2.510958671569824,1.0,0.3573683569728083,0.291608306130718,132.64679245122363,6.869399501273757
152,32.09713873395786,-80.8216680131637,0.687677810326219,0.0329285714285714,2.510958671569824,1.0,0.2746371574979465,0.2183794430471604,137.13584408713143,5.6549658842414665
153,31.869599516890418,-81.00126562162649,0.687677810326219,0.0435416666666666,2.5919134616851807,1.0,0.2746371574979465,0.2183794430471604,137.13584408713143,5.6549658842414665
154,31.992027447090862,-80.85081137552828,0.687677810326219,0.0436,2.479688882827759,1.0,0.4639684304410139,0.3853672845030448,125.15720669432515,7.199338230063589
155,32.03025557943588,-80.85546534146174,0.687677810326219,0.0329285714285714,2.510958671569824,1.0,0.3573683569728083,0.291608306130718,132.64679245122363,6.869399501273757
156,32.49354922293418,-80.33435278240117,1.06082628750927,0.0779058441558441,2.249189853668213,1.0,0.2319066441438889,0.1751270568262286,155.8003563892749,3.689200245078176
157,32.59202266625803,-80.03194106686237,1.06082628750927,0.0305142857142857,2.1835639476776123,1.0,0.7155895050429116,0.5942796801778785,136.7944385591021,7.369948178030591
158,32.46035185242225,-80.33413456489473,1.06082628750927,0.0779058441558441,2.249189853668213,1.0,0.3225340779593542,0.2634454497013171,130.95977073735872,7.155428155875513
159,32.60364922077899,-80.05516067306496,1.06082628750927,0.0328804347826087,2.153021812438965,1.0,0.4008731936963603,0.3216158934616909,148.36976322814192,6.851339330823255
160,32.560695131350165,-80.10009533708961,1.06082628750927,0.0779058441558441,2.249189853668213,1.0,0.7155895050429116,0.5942796801778785,136.7944385591021,7.369948178030591
161,32.55879271390894,-80.16503633423869,1.06082628750927,0.0305142857142857,2.1835639476776123,1.0,0.412883465652882,0.3373976551445971,145.50782712331255,7.06109174495199
162,32.536809286319254,-80.18956995574885,1.06082628750927,0.0328804347826087,2.153021812438965,1.0,0.3675348525184818,0.2996335006677524,139.9618267065161,6.8910256193554735
163,32.759020307894424,-79.82531157162242,0.0905771248816574,0.031338028169014,2.026691198348999,1.0,0.3460740111617335,0.2810409483595808,138.66148540706982,6.930423704299249
164,32.56045091637248,-80.16722110883589,1.06082628750927,0.0779058441558441,2.249189853668213,1.0,0.4008731936963603,0.3216158934616909,148.36976322814192,6.851339330823255
165,32.52688204793418,-80.23435049740117,1.06082628750927,0.0779058441558441,2.249189853668213,1.0,0.412883465652882,0.3373976551445971,145.50782712331255,7.06109174495199
166,32.55868793625804,-80.16527618186238,1.06082628750927,0.0305142857142857,2.1835639476776123,1.0,0.412883465652882,0.3373976551445971,145.50782712331255,7.06109174495199
167,32.53685522306196,-80.15596506579433,1.06082628750927,0.0328804347826087,2.153021812438965,1.0,0.5954546085950998,0.494114741998867,135.9155702531497,7.211110223551622
168,32.85902068789443,-79.65864363162243,0.0905771248816574,0.031338028169014,2.026691198348999,1.0,0.5098747955071519,0.4189663231222207,142.49467004104065,7.263246996791389
169,33.30939706526763,-79.12942549398801,0.828347630600884,0.0561475409836065,1.985640406608581,1.0,0.6638995883457018,0.5460287241911911,123.23021275438325,7.252969851125761
170,33.20961090038361,-79.29600214113105,0.828347630600884,0.0561475409836065,1.985640406608581,1.0,0.3236397998546948,0.2522137640320068,152.305565690626,6.572125177570741
171,33.209396685267635,-79.22942777898801,0.828347630600884,0.0561475409836065,1.985640406608581,1.0,0.572958149131143,0.4752003210354057,139.25311374021243,7.405004902461408
172,33.24272950526763,-79.19609495398801,0.828347630600884,0.0561475409836065,1.985640406608581,1.0,0.6696811037446537,0.5499692956945192,136.72515502839684,7.268552939097011
173,32.858900793356675,-79.65887608228823,0.0905771248816574,0.031338028169014,2.026691198348999,1.0,0.5098747955071519,0.4189663231222207,142.49467004104065,7.263246996791389
174,33.24252583246128,-79.22954433011266,0.828347630600884,0.0561475409836065,1.985640406608581,1.0,0.3547147401580512,0.283061739849738,136.04013055441013,6.833600057541
175,33.27585865746127,-79.16287868511266,0.828347630600884,0.0561475409836065,1.985640406608581,1.0,0.5259412385340604,0.4314743751423311,135.03231928318797,7.364971724752019
176,33.208986014716714,-79.22965296667385,0.828347630600884,0.0561475409836065,1.985640406608581,1.0,0.572958149131143,0.4752003210354057,139.25311374021243,7.405004902461408
177,33.27627654538361,-79.16267084613106,0.828347630600884,0.0561475409836065,1.985640406608581,1.0,0.5259412385340604,0.4314743751423311,135.03231928318797,7.364971724752019
178,33.20980856305056,-79.22920646755294,0.828347630600884,0.0561475409836065,1.985640406608581,1.0,0.572958149131143,0.4752003210354057,139.25311374021243,7.405004902461408
179,33.209396685267635,-79.296093428988,0.828347630600884,0.0561475409836065,1.985640406608581,1.0,0.3236397998546948,0.2522137640320068,152.305565690626,6.572125177570741
180,33.65123667785096,-78.89886245485332,0.715489602487852,0.0672183098591549,2.0457913875579834,1.0,0.5635238448069678,0.455588188428976,134.40909268408583,6.7375883663621305
181,33.65899113939716,-78.89435742652839,0.715489602487852,0.0570036764705882,2.0390050411224365,1.0,0.508726498442147,0.4084481654166548,137.958508997067,6.713001507895482
182,33.650918913225155,-78.89924445922176,0.715489602487852,0.0672183098591549,2.0457913875579834,1.0,0.5635238448069678,0.455588188428976,134.40909268408583,6.7375883663621305
183,33.442526597461274,-79.09620922011266,0.828347630600884,0.0561475409836065,1.985640406608581,1.0,0.5366181300175613,0.4349691853298399,132.44962554241044,7.00587995556975
184,33.68425173822515,-78.86591163422176,0.715489602487852,0.0672183098591549,2.0457913875579834,1.0,0.5203181640749186,0.4194031220977198,137.1092243061082,6.743471237385782
185,33.37627883538361,-79.12933420613106,0.828347630600884,0.0561475409836065,1.985640406608581,1.0,0.5528716487569749,0.4476489469464665,120.43472506873816,7.0538130844580085
186,33.717586473225154,-78.83257499422176,0.715489602487852,0.0672183098591549,2.0457913875579834,1.0,0.508726498442147,0.4084481654166548,137.958508997067,6.713001507895482
187,33.624944021526176,-78.9283577473917,0.715489602487852,0.0570036764705882,2.0390050411224365,1.0,0.5203181640749186,0.4194031220977198,137.1092243061082,6.743471237385782
188,33.65863367414014,-78.8946872122329,0.715489602487852,0.0570036764705882,2.0390050411224365,1.0,0.508726498442147,0.4084481654166548,137.958508997067,6.713001507895482
189,33.40939744526763,-79.12942549398801,0.828347630600884,0.0561475409836065,1.985640406608581,1.0,0.4947460896385521,0.396273281944298,122.81421820550166,7.071208393773853
190,33.342729890267634,-79.12942549398801,0.828347630600884,0.0561475409836065,1.985640406608581,1.0,0.6030892168343011,0.4908241040172779,119.55982881034274,7.133093576840674
191,33.342319219716714,-79.12965068167387,0.828347630600884,0.0561475409836065,1.985640406608581,1.0,0.6030892168343011,0.4908241040172779,119.55982881034274,7.133093576840674
192,34.2932611127756,-77.71126759859425,0.597254149530125,0.0459633027522935,1.6988941431045532,1.0,0.6043949811411982,0.4929073949750743,132.75623135332955,7.731062007513809
193,33.88986190956851,-78.29067039598542,0.621131370602788,0.0654975124378109,1.898556113243103,1.0,0.6438315207137799,0.5098618366766747,157.36563925254356,6.647003655203795
194,33.94777272673019,-77.92643635081413,0.621131370602788,0.0880864197530864,1.7293413877487185,1.0,0.5198384385611103,0.4178210163258746,123.3660738538918,7.498667238692535
195,33.95417582298414,-78.08729565741058,0.602138535923576,0.0587,1.948849320411682,1.0,0.7915422741310013,0.6455546550849738,124.35112204690128,7.513449641963178
196,33.88984978017295,-78.22319297187579,0.621131370602788,0.0654975124378109,1.898556113243103,1.0,0.73020311737261,0.5743719067368646,162.28076422064294,6.53158328343889
197,33.85651421487766,-78.42292313991338,0.621131370602788,0.0654975124378109,1.898556113243103,1.0,0.5861416575121088,0.4688269430713779,147.38029921763348,6.604736574882169
198,34.30607748514106,-77.66079071447294,0.597254149530125,0.0568613138686131,1.6987600326538086,1.0,0.7083787032213567,0.5767549182925931,141.2030529422589,7.545740710483783
199,33.85651695517295,-78.35652808187581,0.621131370602788,0.0654975124378109,1.898556113243103,1.0,0.7259854959019969,0.5816457220722278,151.36455252791956,6.709620330571165
200,33.92318176987767,-78.05625443991337,0.621131370602788,0.0654975124378109,1.898556113243103,1.0,0.5198384385611103,0.4178210163258746,123.3660738538918,7.498667238692535
201,33.82319311455532,-78.45706771667972,0.621131370602788,0.0654975124378109,1.898556113243103,1.0,0.6657741459528395,0.5362931803597224,141.71658851429686,6.719318178000566
202,34.06710804580645,-77.85502535832967,0.602138535923576,0.0635344827586207,1.6983696222305298,1.0,0.7915422741310013,0.6455546550849738,124.35112204690128,7.513449641963178
203,34.30157012324959,-77.67026066991286,0.597254149530125,0.0418309859154929,1.6995309591293335,1.0,0.7572831391757542,0.6163104544958221,137.46086643385922,7.537271761375726
204,34.348907908861726,-77.59922761515507,0.597254149530125,0.0576875,1.6912624835968018,1.0,0.8238556632435916,0.670783190922957,133.99751950969411,7.56982077409064
205,34.418708867013606,-77.50984398445947,0.597254149530125,0.0516201117318435,1.6964056491851809,1.0,0.721499299819714,0.5883980907908228,144.7614314272851,7.584594398365246
206,34.33455086413191,-77.60394680495574,0.597254149530125,0.0418309859154929,1.6995309591293335,1.0,0.8361319206966435,0.6803207254078744,142.79481544229003,7.491352190947458
207,34.4807334218967,-77.40557415158571,0.597254149530125,0.0549649122807017,1.6814781427383425,1.0,0.721499299819714,0.5883980907908228,144.7614314272851,7.584594398365246
208,34.41544375499019,-77.53278258490249,0.597254149530125,0.0576875,1.6912624835968018,1.0,0.7083787032213567,0.5767549182925931,141.2030529422589,7.545740710483783
209,34.33921921037487,-77.59426498363905,0.597254149530125,0.0568613138686131,1.6987600326538086,1.0,0.721499299819714,0.5883980907908228,144.7614314272851,7.584594398365246
210,34.66627697175274,-76.63275591468309,0.30228672,0.0530568720379146,1.4822604656219482,1.0,0.7325749486738423,0.5582202491165558,181.46232600229445,6.505971524687297
211,34.38042968613684,-77.57266306652465,0.597254149530125,0.0549649122807017,1.6814781427383425,1.0,0.6043949811411982,0.4929073949750743,132.75623135332955,7.731062007513809
212,34.38062248346475,-77.53914427421006,0.597254149530125,0.0549649122807017,1.6814781427383425,1.0,0.8238556632435916,0.670783190922957,133.99751950969411,7.56982077409064
213,34.51376480113684,-77.33932566652464,0.597254149530125,0.0549649122807017,1.6814781427383425,1.0,0.7345467171310014,0.597359842181844,144.68986532448238,7.592237696830477
214,34.447097246136835,-77.43932795152466,0.597254149530125,0.0549649122807017,1.6814781427383425,1.0,0.8361319206966435,0.6803207254078744,142.79481544229003,7.491352190947458
215,34.4852130020482,-77.37669837834751,0.597254149530125,0.0516201117318435,1.6964056491851809,1.0,0.7408851428338762,0.5953240447289335,150.69225645704432,7.437079338641836
216,35.084650426631825,-75.94521514324715,0.16635598,0.0113583815028901,0.2812045216560364,1.0,1.1257992847262428,0.9092582874512108,142.98476675722137,7.898359318148279
217,35.2044014790207,-75.64249564087297,0.263,0.0686046511627907,1.3458420038223269,1.0,1.130453015476703,0.9161353839670018,155.7564945488727,7.813628714085397
218,34.86468342681417,-76.28402550298566,0.2329758,0.0688265306122449,1.3609532117843628,1.0,0.9291258088588018,0.7581354188580938,136.9218451714913,8.209207392282114
219,35.00651874392172,-76.08687693062613,0.19366957,0.0564851485148514,1.2983505725860596,1.0,1.051541808955672,0.8526102243931455,139.79798412370062,8.080426555822122
220,35.23764560605632,-75.57607894573138,0.284,0.0686046511627907,1.3458420038223269,1.0,1.3255009238157485,1.1052172025054523,117.6553069296785,8.232203269755843
221,34.97318592392171,-76.12020975562614,0.19366957,0.0564851485148514,1.2983505725860596,1.0,1.125372179968843,0.9157404550341312,138.09004406574138,8.033775078380542
222,34.86523214448104,-76.283529183399,0.2329758,0.0688265306122449,1.3609532117843628,1.0,0.9291258088588018,0.7581354188580938,136.9218451714913,8.209207392282114
223,34.973064897615835,-76.12117914101412,0.19366957,0.0564851485148514,1.2983505725860596,1.0,1.125372179968843,0.9157404550341312,138.09004406574138,8.033775078380542
224,35.33764598605632,-75.57607894573138,0.263,0.0686046511627907,1.3458420038223269,1.0,0.9582350220287496,0.7942075795500637,109.8669772354709,8.565028217951424
225,35.118113038845706,-75.91165800031152,0.16635598,0.0113583815028901,0.2812045216560364,1.0,0.9170830078011614,0.7372914289410848,146.83004982319218,7.771111615138365
226,35.1710686540207,-75.70916129087297,0.284,0.0686046511627907,1.3458420038223269,1.0,1.2147296318634753,0.9772789979777652,150.93457811605015,7.590826471271209
227,35.17097805105632,-75.70941024573139,0.263,0.0686046511627907,1.3458420038223269,1.0,1.2147296318634753,0.9772789979777652,150.93457811605015,7.590826471271209
228,35.40431354605632,-75.57607894573138,0.263,0.0686046511627907,1.3458420038223269,1.0,0.54329470302705,0.4492550264288344,101.45987044380826,8.447767028063305
229,35.3710694140207,-75.57582999087296,0.263,0.0686046511627907,1.3458420038223269,1.0,0.6947499459777652,0.578760488058632,110.65825628944484,8.565344889439313
230,35.370978811056325,-75.57607894573138,0.263,0.0686046511627907,1.3458420038223269,1.0,0.6947499459777652,0.578760488058632,110.65825628944484,8.565344889439313
231,35.437646371056324,-75.57607894573138,0.284,0.0686046511627907,1.3458420038223269,1.0,0.8809529445217391,0.7255852700628806,88.937432281623,8.380413590182977
232,35.370978811056325,-75.57607894573138,0.284,0.0686046511627907,1.3458420038223269,1.0,0.6947499459777652,0.578760488058632,110.65825628944484,8.565344889439313
233,35.4377369740207,-75.57582999087296,0.284,0.0686046511627907,1.3458420038223269,1.0,0.8809529445217391,0.7255852700628806,88.937432281623,8.380413590182977
234,35.4044041490207,-75.57582999087296,0.284,0.0686046511627907,1.3458420038223269,1.0,0.54329470302705,0.4492550264288344,101.45987044380826,8.447767028063305
235,35.4377369740207,-75.57582999087296,0.263,0.0686046511627907,1.3458420038223269,1.0,0.8809529445217391,0.7255852700628806,88.937432281623,8.380413590182977
236,35.40431354605632,-75.57607894573138,0.284,0.0686046511627907,1.3458420038223269,1.0,0.54329470302705,0.4492550264288344,101.45987044380826,8.447767028063305
237,35.4044041490207,-75.57582999087296,0.263,0.0686046511627907,1.3458420038223269,1.0,0.54329470302705,0.4492550264288344,101.45987044380826,8.447767028063305
238,35.3710694140207,-75.57582999087296,0.284,0.0686046511627907,1.3458420038223269,1.0,0.6947499459777652,0.578760488058632,110.65825628944484,8.565344889439313
239,35.437646371056324,-75.57607894573138,0.263,0.0686046511627907,1.3458420038223269,1.0,0.8809529445217391,0.7255852700628806,88.937432281623,8.380413590182977
240,36.13202344022845,-75.69587073951567,0.39578605,0.0586071428571428,0.8258429169654846,1.0,1.0427926495696076,0.8494386132105933,85.68636323989152,8.071005032770712
241,36.13265512576202,-75.69617835849495,0.357153695,0.0586071428571428,0.8258429169654846,1.0,1.0427926495696076,0.8494386132105933,85.68636323989152,8.071005032770712
242,36.13243648034452,-75.6960981794282,0.357153695,0.0586071428571428,0.8258429169654846,1.0,1.0427926495696076,0.8494386132105933,85.68636323989152,8.071005032770712
243,36.19134020896856,-75.74120084892527,0.278,0.05365,0.8258429169654846,1.0,0.6974545911924657,0.5698819957828919,92.16063526816316,8.19293923529854
244,36.32208558261473,-75.80103036957001,0.23134549,0.0560199004975124,1.408286452293396,1.0,0.399555281066846,0.3275310958728225,102.57584201313468,7.66925408156451
245,36.25088366709857,-75.75297632929016,0.219969783,0.0788079470198675,1.4022364616394043,1.0,0.8390839417462116,0.6882516466443847,92.78981709182553,8.074729305775387
246,36.19134020896856,-75.74120084892527,0.355,0.05365,0.8258429169654846,1.0,0.6974545911924657,0.5698819957828919,92.16063526816316,8.19293923529854
247,36.13202344022845,-75.69587073951567,0.421217832,0.0586071428571428,0.8258429169654846,1.0,1.0427926495696076,0.8494386132105933,85.68636323989152,8.071005032770712
248,36.25130630122784,-75.75317231403045,0.691843459035846,0.0788079470198675,1.4022364616394043,1.0,0.8390839417462116,0.6882516466443847,92.78981709182553,8.074729305775387
249,36.25109515706304,-75.75307380875421,0.691843459035846,0.0788079470198675,1.4022364616394043,1.0,0.8390839417462116,0.6882516466443847,92.78981709182553,8.074729305775387
250,35.97153964303267,-75.61352832545462,0.645084085683909,0.0916538461538461,1.3962838649749756,1.0,1.1357772215247133,0.9244797225183402,82.32853247404914,8.154208392433508
251,36.25109515706304,-75.75307380875421,0.219969783,0.0788079470198675,1.4022364616394043,1.0,0.8390839417462116,0.6882516466443847,92.78981709182553,8.074729305775387
252,36.71999741628876,-75.90913857821457,0.907197549811231,0.1290650406504065,1.436079740524292,1.0,0.8096605248488882,0.6530541822207903,95.01228766494263,7.598278450807252
253,36.38832113076548,-75.80086904861682,0.23134549,0.0560199004975124,1.408286452293396,1.0,0.8272227276635038,0.6705542235359016,87.37504511446963,7.745887916245858
254,36.6456624682519,-75.89331394938503,0.907197549811231,0.1043511450381679,1.4531869888305664,1.0,0.6829555828593684,0.5511093859306048,93.67501342664448,7.639458233134051
255,36.42252688307957,-75.83448575687613,0.23134549,0.0560199004975124,1.408286452293396,1.0,0.5279307765393003,0.4298289095217391,96.32491563282288,7.652060974360222
256,36.75376443934185,-75.94263099821686,0.907197549811231,0.1290650406504065,1.436079740524292,1.0,0.6199693950243591,0.4933865399575131,96.01364027442996,7.605529384473304
257,36.355861233079565,-75.80114911687613,0.23134549,0.0560199004975124,1.408286452293396,1.0,0.5889353040913468,0.4823048197368645,89.85907447045462,7.803683008422461
258,36.68688070984877,-75.90921849703943,0.907197549811231,0.1290650406504065,1.436079740524292,1.0,0.6829555828593684,0.5511093859306048,93.67501342664448,7.639458233134051
259,36.508233163327695,-75.85927921966865,0.23134549,0.0400217391304347,0.8207416534423828,1.0,0.5279307765393003,0.4298289095217391,96.32491563282288,7.652060974360222
260,36.645243526647846,-75.89310588237547,0.907197549811231,0.1043511450381679,1.4531869888305664,1.0,0.6829555828593684,0.5511093859306048,93.67501342664448,7.639458233134051
261,36.720429704341846,-75.90929817321685,0.907197549811231,0.1290650406504065,1.436079740524292,1.0,0.8096605248488882,0.6530541822207903,95.01228766494263,7.598278450807252
262,36.74545390650222,-75.92654086125178,0.907197549811231,0.1043511450381679,1.4531869888305664,1.0,0.7150882924201956,0.5681371700280414,97.6791951235533,7.46602433481943
263,36.64587414993235,-75.89341005395471,0.907197549811231,0.1043511450381679,1.4531869888305664,1.0,0.6829555828593684,0.5511093859306048,93.67501342664448,7.639458233134051
264,36.90430861277166,-75.95672299284581,1.00996914622761,0.0732281553398058,1.361758589744568,1.0,0.7787313889674268,0.6160968803849313,116.7220578928268,7.280725832516923
265,36.87141007773688,-75.95686623297848,1.00996914622761,0.0732281553398058,1.361758589744568,1.0,0.7791769924316669,0.6185917105190482,103.17003380237502,7.392489539209603
266,36.90474480773689,-75.95686623297848,1.00996914622761,0.0732281553398058,1.361758589744568,1.0,0.7787313889674268,0.6160968803849313,116.7220578928268,7.280725832516923
267,37.00408869021382,-75.92333116495524,1.00996914622761,0.0732281553398058,1.361758589744568,1.0,0.4402652102305622,0.3365558472577538,142.6420094309051,6.658452065198017
268,37.03785938541591,-75.89012817896611,1.00996914622761,0.0732281553398058,1.361758589744568,1.0,0.461845147428976,0.3704929332780059,133.3011558328055,7.0409505711100415
269,36.90408831021382,-75.95666398995525,1.00996914622761,0.0732281553398058,1.361758589744568,1.0,0.7787313889674268,0.6160968803849313,116.7220578928268,7.280725832516923
270,37.0038702957955,-75.95659407042382,1.00996914622761,0.0732281553398058,1.361758589744568,1.0,0.2876172906244948,0.1908621068179582,172.61823894275184,3.2476088953402757
271,37.00474518773689,-75.95686623297848,1.00996914622761,0.0732281553398058,1.361758589744568,1.0,0.2876172906244948,0.1908621068179582,172.61823894275184,3.2476088953402757
272,36.90452618041592,-75.95679764396611,1.00996914622761,0.0732281553398058,1.361758589744568,1.0,0.7787313889674268,0.6160968803849313,116.7220578928268,7.280725832516923
273,36.97075396021382,-75.95666398995525,1.00996914622761,0.0732281553398058,1.361758589744568,1.0,0.5534237130444696,0.4271015491992635,140.29691598066051,6.788817663821839
274,36.97097426277166,-75.95672299284581,1.00996914622761,0.0732281553398058,1.361758589744568,1.0,0.5534237130444696,0.4271015491992635,140.29691598066051,6.788817663821839
275,37.03742151521382,-75.88999452495523,1.00996914622761,0.0732281553398058,1.361758589744568,1.0,0.461845147428976,0.3704929332780059,133.3011558328055,7.0409505711100415
276,37.73339823034861,-75.54737141172242,0.26,0.0570263157894736,1.577062487602234,1.0,0.7013595580215267,0.5615502509036964,130.85193269527545,7.736208599957655
277,37.70047095111194,-75.54713903878562,0.26,0.0570263157894736,1.577062487602234,1.0,0.8662461262284379,0.6984771618755135,125.50250009821131,7.66301770067186
278,37.82541227755024,-75.46561388878189,0.13,0.1094135802469135,1.5381999015808103,1.0,0.7479114360307323,0.598882817706982,134.93579009481803,7.750586716478119
279,37.700870637626615,-75.54690653190394,0.26,0.0570263157894736,1.577062487602234,1.0,0.8662461262284379,0.6984771618755135,125.50250009821131,7.66301770067186
280,37.53319322624158,-75.64748672859392,0.26,0.0570263157894736,1.577062487602234,1.0,0.4781954120009913,0.3834097225191898,136.40532073699475,7.045093840255772
281,37.82473701189378,-75.43303170050979,0.13,0.1094135802469135,1.5381999015808103,1.0,0.9129142911016852,0.7385209986164849,133.30194941598924,7.742832621775811
282,37.59985887124158,-75.61415390359392,0.26,0.0570263157894736,1.577062487602234,1.0,0.4125103993767171,0.3321230914204787,130.8207074993681,7.303481061272423
283,37.566730290348616,-75.61403706172243,0.26,0.0570263157894736,1.577062487602234,1.0,0.6819522055703159,0.551836304572865,126.5484615682507,7.596196829200568
284,37.667535907626615,-75.58023935690395,0.26,0.0570263157894736,1.577062487602234,1.0,0.5825824503457018,0.4701766601580512,120.0874529122787,7.838792322029741
285,37.66673067534862,-75.58070423672243,0.26,0.0570263157894736,1.577062487602234,1.0,0.5825824503457018,0.4701766601580512,120.0874529122787,7.838792322029741
286,37.60046866111193,-75.61380468878562,0.26,0.0570263157894736,1.577062487602234,1.0,0.4125103993767171,0.3321230914204787,130.8207074993681,7.303481061272423
287,37.600868347626616,-75.61357218190395,0.26,0.0570263157894736,1.577062487602234,1.0,0.4125103993767171,0.3321230914204787,130.8207074993681,7.303481061272423
288,38.04770815321578,-75.21180653473738,0.12,0.074,1.4797189235687256,1.0,0.953775889441722,0.7749956343020817,124.29478245203651,7.806971636642544
289,37.98046782886206,-75.27893723577989,0.12,0.074,1.4797189235687256,1.0,0.561874335595383,0.4571616062638436,134.15997542430677,7.902900652347259
290,38.14732738744343,-75.17878251452103,0.12,0.074,1.4797189235687256,1.0,0.7784284039910777,0.6284871364411557,126.447502250626,7.960418044905962
291,38.18066021244343,-75.14544587452104,0.12,0.074,1.4797189235687256,1.0,1.02798167190228,0.8333507687704291,121.9665962328282,7.697310717699618
292,38.11437570821578,-75.17847370973737,0.12,0.074,1.4797189235687256,1.0,0.9763576107913892,0.7922707911699475,125.6077746139442,7.77203460665274
293,38.347709298215776,-75.17847370973737,0.12,0.074,1.4797189235687256,1.0,0.657806678901572,0.5207554529201246,117.0709661943705,7.653436432856253
294,38.247518795586856,-75.14529094657391,0.12,0.074,1.4797189235687256,1.0,0.935735996002974,0.7534224709002975,120.92963533203796,7.605045519158759
295,38.21437608821578,-75.14513706973736,0.12,0.074,1.4797189235687256,1.0,0.973558741894066,0.7867942492557711,121.1600967857938,7.670129554962754
296,38.08085086058685,-75.2119604115739,0.12,0.074,1.4797189235687256,1.0,0.7617994739661521,0.6121665186453761,125.9335392544243,7.892468083914034
297,38.38104402821578,-75.17847370973737,0.12,0.074,1.4797189235687256,1.0,0.6765771923605722,0.5319042504823679,130.8890762128013,7.502858927156635
298,38.14770853321578,-75.17847370973737,0.12,0.074,1.4797189235687256,1.0,0.7784284039910777,0.6284871364411557,126.447502250626,7.960418044905962
299,38.380471263862056,-75.17893876077989,0.12,0.074,1.4797189235687256,1.0,0.6765771923605722,0.5319042504823679,130.8890762128013,7.502858927156635
