,latitude,longitude,d50,beach_slope_average,mstr,hs_max,hs_mean,dir,tp
0,-25.854331607418633,153.07834667538964,0.29525,0.060145064509829406,2.0689961910247803,4.75442418325127,1.5658131594865534,112.55503627003527,8.71928459868135
1,-25.93275295030099,153.1341032650546,0.29525,0.08270853061638594,2.0689961910247803,4.75442418325127,1.5658131594865534,112.55503627003527,8.71928459868135
2,-26.008686371814036,153.1531491964557,0.27168,0.06002715294931887,2.0585741996765137,4.75442418325127,1.5658131594865534,112.55503627003527,8.71928459868135
3,-26.157749752806264,153.09728602031376,0.27168,0.05401191583103746,2.0501468181610107,4.75442418325127,1.5658131594865534,112.55503627003527,8.71928459868135
4,-26.311675525508807,153.068418904105,0.27168,0.049932473905710366,2.045488119125366,4.75442418325127,1.5658131594865534,112.55503627003527,8.71928459868135
5,-26.38504926166532,153.11603863433865,0.23261,0.06198150571590904,2.0423130989074707,5.2658168839560275,1.4986181608867088,108.67434455467757,8.532282651613174
6,-26.385566328706126,153.0902275252315,0.20863,0.0748360122757189,2.0423130989074707,5.2658168839560275,1.4986181608867088,108.67434455467757,8.532282651613174
7,-26.456591803425155,153.10340646456348,0.23651,0.05786954062679616,2.038982629776001,5.2658168839560275,1.4986181608867088,108.67434455467757,8.532282651613174
8,-26.597765001945312,153.10028954715975,0.95264,0.06076925221239459,2.0360805988311768,5.2658168839560275,1.4986181608867088,108.67434455467757,8.532282651613174
9,-26.679504314695222,153.1221870591089,0.36602,0.061027032997690946,2.036008834838867,5.2658168839560275,1.4986181608867088,108.67434455467757,8.532282651613174
10,-26.777642726934868,153.13892020897924,0.33102,0.06815409711859707,2.0427658557891846,5.32546105039503,1.3723572516175777,106.32981364364137,8.103506225525901
12,-26.80457949081011,153.14122645535383,0.28322,0.08111927725555351,2.0508649349212646,5.32546105039503,1.3723572516175777,106.32981364364137,8.103506225525901
13,-26.894513728769905,153.1395299919376,0.23488,0.06747947110815036,2.066697359085083,5.32546105039503,1.3723572516175777,106.32981364364137,8.103506225525901
14,-27.055419252872422,153.18348719744137,0.23488,0.10069841124085259,2.1569039821624756,5.32546105039503,1.3723572516175777,106.32981364364137,8.103506225525901
15,-27.42455261453857,153.52456835332762,0.18175,0.05164619180891467,1.988240361213684,4.1635596692119154,1.1393276672280073,105.53384222767657,8.728909793526125
16,-27.58140574067936,153.48675532264684,0.27932,0.04764016220676791,1.9926892518997192,4.1635596692119154,1.1393276672280073,105.53384222767657,8.728909793526125
17,-27.83115461063155,153.43480299664446,0.26425,0.04482013796054796,1.9840892553329468,4.1635596692119154,1.1393276672280073,105.53384222767657,8.728909793526125
18,-28.129138310052138,153.4882514486848,0.23261,0.051823204633634094,1.972838282585144,3.8907865455706583,1.040591027365662,99.50049476659058,8.295622109919831
19,-28.164664562700494,153.54352006532554,0.2469,0.04776140729707805,1.9649531841278076,3.8907865455706583,1.040591027365662,99.50049476659058,8.295622109919831
20,-28.167108149860912,153.55231666293452,0.2167,0.05001918226463088,1.9649531841278076,3.8907865455706583,1.040591027365662,99.50049476659058,8.295622109919831
21,-28.34799288164805,153.5747221383849,0.2118,0.04936954794680521,1.948361873626709,3.8907865455706583,1.040591027365662,99.50049476659058,8.295622109919831
22,-28.374776204361822,153.5734135403181,0.2558,0.05228671887451975,1.948361873626709,3.8907865455706583,1.040591027365662,99.50049476659058,8.295622109919831
23,-28.4623666159434,153.55638262860617,0.2337,0.04715853558976718,1.9427363872528076,3.8907865455706583,1.040591027365662,99.50049476659058,8.295622109919831
24,-28.594268664343375,153.57600126019415,0.2092,0.054303012425539546,1.9460744857788086,5.803936313953789,1.710445167264946,118.54819396869925,8.900982037121777
25,-28.634153639085707,153.63715067058754,0.2025,0.06249007274596746,1.9457354545593262,5.803936313953789,1.710445167264946,118.54819396869925,8.900982037121777
26,-28.636536388884014,153.63330750192173,0.1926,0.05979291387644775,1.9457354545593262,5.178257450734477,1.5856934194020575,117.72073247800145,9.064267031329418
27,-28.64086960544749,153.62178254989865,0.2101,0.05471464105748743,1.9457354545593262,5.178257450734477,1.5856934194020575,117.72073247800145,9.064267031329418
28,-28.673454678660132,153.62148258189666,0.1801,0.04751592705448009,1.9477856159210205,5.178257450734477,1.5856934194020575,117.72073247800145,9.064267031329418
29,-28.709881669836463,153.617391934592,0.2583,0.0566291790813288,1.9477856159210205,5.178257450734477,1.5856934194020575,117.72073247800145,9.064267031329418
30,-28.7170803377312,153.6161454558259,0.2488,0.04248636088676258,1.9477856159210205,5.178257450734477,1.5856934194020575,117.72073247800145,9.064267031329418
31,-28.723978843054745,153.6164344512248,0.2126,0.0649181349533975,1.948135495185852,5.178257450734477,1.5856934194020575,117.72073247800145,9.064267031329418
32,-28.76406614608964,153.60114940464928,0.2538,0.05065614641750098,1.948135495185852,5.178257450734477,1.5856934194020575,117.72073247800145,9.064267031329418
33,-28.819025781690012,153.60478396209274,0.3655,0.07179827250421324,1.9457820653915405,5.178257450734477,1.5856934194020575,117.72073247800145,9.064267031329418
34,-28.837396296483426,153.6051337358803,0.1978,0.04913205976552005,1.9457820653915405,5.178257450734477,1.5856934194020575,117.72073247800145,9.064267031329418
35,-28.85008812718928,153.60188619287803,0.2944,0.04703101168627429,1.944563388824463,5.178257450734477,1.5856934194020575,117.72073247800145,9.064267031329418
36,-28.863656906872507,153.59522044058295,0.2624,0.05268312235660521,1.944563388824463,5.178257450734477,1.5856934194020575,117.72073247800145,9.064267031329418
37,-28.871143881611765,153.59119323741135,0.2099,0.04583680536302622,1.944563388824463,5.178257450734477,1.5856934194020575,117.72073247800145,9.064267031329418
38,-28.987779672519114,153.49400258293778,0.2048,0.05277603280023786,1.9470771551132202,5.178257450734477,1.5856934194020575,117.72073247800145,9.064267031329418
39,-29.1305017576919,153.44862935924016,0.1815,0.05440425931121421,1.9473693370819092,5.178257450734477,1.5856934194020575,117.72073247800145,9.064267031329418
40,-29.137826234308466,153.4521129550499,0.2155,0.054818258747590165,1.9473693370819092,5.178257450734477,1.5856934194020575,117.72073247800145,9.064267031329418
41,-29.30996583186353,153.35134744254555,0.1723,0.05143197260510264,1.9414187669754028,5.178257450734477,1.5856934194020575,117.72073247800145,9.064267031329418
42,-29.375064953480724,153.3706807991343,0.2145,0.05065706773302366,1.9387977123260498,5.190886394974395,1.5885657607544814,117.75991591334113,8.89716783575594
43,-29.389818915712933,153.36926962328238,0.2217,0.05481096628363494,1.9387977123260498,5.190886394974395,1.5885657607544814,117.75991591334113,8.89716783575594
44,-29.409822259855808,153.36539010640695,0.2583,0.053595864994648704,1.9348230361938477,5.190886394974395,1.5885657607544814,117.75991591334113,8.89716783575594
45,-29.429933025090293,153.36424007481673,0.1639,0.03500258120773786,1.9348230361938477,5.190886394974395,1.5885657607544814,117.75991591334113,8.89716783575594
46,-29.435062556810276,153.36485118439572,0.176,0.05,1.9348230361938477,5.190886394974395,1.5885657607544814,117.75991591334113,8.89716783575594
47,-29.44570393253077,153.3659220461009,0.2225,0.05303024415848408,1.9348230361938477,5.190886394974395,1.5885657607544814,117.75991591334113,8.89716783575594
48,-29.46279302975327,153.36002175301496,0.2088,0.05512291219025229,1.9348230361938477,5.190886394974395,1.5885657607544814,117.75991591334113,8.89716783575594
49,-29.477253637336954,153.36101032640616,0.187,0.053267387537331096,1.9291316270828247,5.190886394974395,1.5885657607544814,117.75991591334113,8.89716783575594
50,-29.489168383042347,153.36165769696882,0.2088,0.05572500711463727,1.9291316270828247,5.190886394974395,1.5885657607544814,117.75991591334113,8.89716783575594
51,-29.519752873901258,153.35809606917945,0.2977,0.05185566735669658,1.9291316270828247,5.190886394974395,1.5885657607544814,117.75991591334113,8.89716783575594
52,-29.539333398233346,153.3502362838402,0.197,0.0525607119506836,1.923243761062622,5.190886394974395,1.5885657607544814,117.75991591334113,8.89716783575594
53,-29.560039044856808,153.3408552700962,0.1646,0.05649307505633005,1.923243761062622,5.190886394974395,1.5885657607544814,117.75991591334113,8.89716783575594
54,-29.58690727564036,153.33298550807032,0.1912,0.05506844589115058,1.923243761062622,5.190886394974395,1.5885657607544814,117.75991591334113,8.89716783575594
55,-29.60613153228057,153.33593483114845,0.1912,0.056042789684827225,1.9197207689285278,5.190886394974395,1.5885657607544814,117.75991591334113,8.89716783575594
56,-29.643768953781994,153.32641070668396,0.1599,0.05160522261027955,1.9197207689285278,5.190886394974395,1.5885657607544814,117.75991591334113,8.89716783575594
57,-29.723354815331277,153.30490037211945,0.1539,0.05908166560351573,1.9111154079437256,5.190886394974395,1.5885657607544814,117.75991591334113,8.89716783575594
58,-29.794363757019784,153.29042444617153,0.2089,0.059747503768879585,1.9049899578094482,5.332248103953695,1.6351264182080314,117.6059020626407,8.9323807098709
59,-29.814295940160182,153.2898766252025,0.1907,0.04484426953437135,1.9049899578094482,5.332248103953695,1.6351264182080314,117.6059020626407,8.9323807098709
60,-29.85738682113716,153.27244484855026,0.2228,0.0728515952538681,1.9003089666366577,5.332248103953695,1.6351264182080314,117.6059020626407,8.9323807098709
61,-29.943948346208145,153.2581803786838,0.2011,0.07955683755613431,1.891695499420166,5.332248103953695,1.6351264182080314,117.6059020626407,8.9323807098709
62,-29.964194481610125,153.24597465931365,0.1425,0.04588688559944009,1.891695499420166,5.332248103953695,1.6351264182080314,117.6059020626407,8.9323807098709
63,-30.021326806565494,153.20945056021017,0.1458,0.06415611181472095,1.8937385082244873,5.332248103953695,1.6351264182080314,117.6059020626407,8.9323807098709
64,-30.063280164127608,153.2023461374623,0.1575,0.051842021940376945,1.8936657905578613,5.332248103953695,1.6351264182080314,117.6059020626407,8.9323807098709
65,-30.07294933936978,153.20382514704798,0.1689,0.04414535016071704,1.8936657905578613,5.332248103953695,1.6351264182080314,117.6059020626407,8.9323807098709
66,-30.08047953979673,153.2031396579838,0.1721,0.053711129710694284,1.8936657905578613,5.332248103953695,1.6351264182080314,117.6059020626407,8.9323807098709
67,-30.091451745386152,153.20027879968978,0.1495,0.054330871965612634,1.8936657905578613,5.332248103953695,1.6351264182080314,117.6059020626407,8.9323807098709
68,-30.10561826908686,153.2003596974615,0.159,0.05037378951231977,1.893641710281372,5.332248103953695,1.6351264182080314,117.6059020626407,8.9323807098709
69,-30.12131957719403,153.2062561339091,0.1862,0.055647103266153464,1.893641710281372,5.332248103953695,1.6351264182080314,117.6059020626407,8.9323807098709
70,-30.13753828042931,153.20204425746596,0.1612,0.04639314151774009,1.893641710281372,5.332248103953695,1.6351264182080314,117.6059020626407,8.9323807098709
71,-30.151450524658042,153.20176032674112,0.1525,0.04196120309214091,1.8885365724563599,5.332248103953695,1.6351264182080314,117.6059020626407,8.9323807098709
72,-30.160543610852557,153.198188185891,0.1692,0.05499445742312162,1.8885365724563599,5.332248103953695,1.6351264182080314,117.6059020626407,8.9323807098709
73,-30.168165402014964,153.19139487396592,0.1416,0.04926907431332075,1.8885365724563599,5.332248103953695,1.6351264182080314,117.6059020626407,8.9323807098709
74,-30.17574383126086,153.18998077836812,0.16,0.05,1.8885365724563599,5.332248103953695,1.6351264182080314,117.6059020626407,8.9323807098709
75,-30.19344370267715,153.17210215039103,0.1189,0.05170629541156709,1.8885365724563599,5.332248103953695,1.6351264182080314,117.6059020626407,8.9323807098709
76,-30.22349063664273,153.15727526921782,0.334,0.07020768489185403,1.8887872695922852,5.332248103953695,1.6351264182080314,117.6059020626407,8.9323807098709
77,-30.241804771745006,153.14878252423478,0.3226,0.10092785861581993,1.8887872695922852,5.332248103953695,1.6351264182080314,117.6059020626407,8.9323807098709
78,-30.25334392603417,153.14157197465002,0.6475,0.11547749651457892,1.8887872695922852,5.332248103953695,1.6351264182080314,117.6059020626407,8.9323807098709
79,-30.259774605575466,153.1393866269073,0.6475,0.09725311667057876,1.8887872695922852,5.7869051619815055,1.7683353592149118,120.07952190399946,9.331219139943462
80,-30.267025913139744,153.14042655651627,0.3432,0.07000208861772472,1.8744999170303345,5.7869051619815055,1.7683353592149118,120.07952190399946,9.331219139943462
81,-30.288645675023794,153.14049111015376,0.1951,0.06274093114556441,1.8744999170303345,5.7869051619815055,1.7683353592149118,120.07952190399946,9.331219139943462
82,-30.333712678623737,153.11988896768176,0.1951,0.046162030812069224,1.8744999170303345,5.7869051619815055,1.7683353592149118,120.07952190399946,9.331219139943462
83,-30.366631063355577,153.1047794035409,0.2217,0.051247702538793044,1.8768483400344849,5.7869051619815055,1.7683353592149118,120.07952190399946,9.331219139943462
84,-30.463526932877244,153.05090581633496,0.2217,0.05885530853752478,1.872347116470337,5.7869051619815055,1.7683353592149118,120.07952190399946,9.331219139943462
85,-30.524634335987542,153.02813630945565,0.2672,0.05462652589980071,1.872347116470337,5.7869051619815055,1.7683353592149118,120.07952190399946,9.331219139943462
86,-30.567936866581537,153.01787728228175,0.2411,0.05594789382367506,1.873110294342041,5.365983629621923,1.4752543809074745,116.50928660577054,9.15530055458056
87,-30.61740492148553,153.0120961641133,0.2824,0.05726008365475548,1.8728256225585938,5.365983629621923,1.4752543809074745,116.50928660577054,9.15530055458056
88,-30.643381779475614,153.0172876554237,0.2221,0.056543401833249,1.8728256225585938,5.365983629621923,1.4752543809074745,116.50928660577054,9.15530055458056
89,-30.69896521747806,152.9950381406657,0.2261,0.0484173472023243,1.8712759017944336,5.365983629621923,1.4752543809074745,116.50928660577054,9.15530055458056
90,-30.746175141414028,152.99878382332253,0.2241,0.06250398244925087,1.8694431781768799,5.365983629621923,1.4752543809074745,116.50928660577054,9.15530055458056
91,-30.770982382858843,152.9970805680811,0.2359,0.052154057151004546,1.8694431781768799,5.365983629621923,1.4752543809074745,116.50928660577054,9.15530055458056
92,-30.786769995363393,152.99724564137355,0.2231,0.05264482588222443,1.8676748275756836,5.365983629621923,1.4752543809074745,116.50928660577054,9.15530055458056
93,-30.836310581519925,153.00753747177188,0.2025,0.05623904302466348,1.8676748275756836,5.365983629621923,1.4752543809074745,116.50928660577054,9.15530055458056
94,-30.877842182167946,153.03275588097998,0.2075,0.05996901293955377,1.8655439615249634,5.365983629621923,1.4752543809074745,116.50928660577054,9.15530055458056
95,-30.884685395330976,153.05759271141702,0.2401,0.07062543726882389,1.8655439615249634,5.365983629621923,1.4752543809074745,116.50928660577054,9.15530055458056
96,-30.902982082906174,153.08122895567317,0.2253,0.05186081602164534,1.8655439615249634,5.365983629621923,1.4752543809074745,116.50928660577054,9.15530055458056
97,-30.91695944606863,153.08682597081815,0.1993,0.05324872744949108,1.867050051689148,5.365983629621923,1.4752543809074745,116.50928660577054,9.15530055458056
98,-30.989433892724108,153.0513168220839,0.2706,0.049909601379086246,1.866040825843811,5.365983629621923,1.4752543809074745,116.50928660577054,9.15530055458056
100,-31.221988073711223,152.96517278922093,0.2388,0.055000674566800474,1.8596115112304688,5.365983629621923,1.4752543809074745,116.50928660577054,9.15530055458056
101,-31.265974233840254,152.96863609299888,0.2025,0.04686033493418161,1.859777808189392,5.418742059871383,1.5580883714344307,121.78934084378714,9.152285121221574
102,-31.300471607889524,152.96587351676274,0.2205,0.051236499424367254,1.8594955205917358,5.418742059871383,1.5580883714344307,121.78934084378714,9.152285121221574
103,-31.31781391877742,152.97309172658322,0.2078,0.05260605121356233,1.8594955205917358,5.418742059871383,1.5580883714344307,121.78934084378714,9.152285121221574
104,-31.36956621736024,152.93551839730435,0.2545,0.05172086301418562,1.8584353923797607,5.418742059871383,1.5580883714344307,121.78934084378714,9.152285121221574
105,-31.429032426497866,152.91977454466752,0.1901,0.0515508248361358,1.858445644378662,5.418742059871383,1.5580883714344307,121.78934084378714,9.152285121221574
106,-31.43223864469036,152.92410643213336,0.2039,0.05,1.858445644378662,5.418742059871383,1.5580883714344307,121.78934084378714,9.152285121221574
107,-31.442057472165203,152.9276380154624,0.2167,0.06749233785289205,1.858445644378662,5.418742059871383,1.5580883714344307,121.78934084378714,9.152285121221574
108,-31.45557893417623,152.9326529877071,0.2253,0.04663022265836157,1.858445644378662,5.418742059871383,1.5580883714344307,121.78934084378714,9.152285121221574
109,-31.464647409627098,152.93479916681568,0.2098,0.06132675644683682,1.858445644378662,5.418742059871383,1.5580883714344307,121.78934084378714,9.152285121221574
110,-31.528639355979895,152.88170520791715,0.2038,0.054912980407647125,1.858445644378662,5.418742059871383,1.5580883714344307,121.78934084378714,9.152285121221574
111,-31.62170575255249,152.83590959159093,0.1933,0.05559475057920205,1.8532217741012573,5.418742059871383,1.5580883714344307,121.78934084378714,9.152285121221574
112,-31.68037081575871,152.80974695565703,0.2852,0.05576751902779158,1.8521441221237183,5.418742059871383,1.5580883714344307,121.78934084378714,9.152285121221574
113,-31.784652467995024,152.75744857788152,0.24,0.05916117347074315,1.8487032651901245,5.418742059871383,1.5580883714344307,121.78934084378714,9.152285121221574
114,-31.85935707561727,152.7243425210125,0.2736,0.055474460481901286,1.8483978509902954,6.14187314734869,1.8495890317044716,127.30615811068559,9.316288346659853
115,-31.930410327294105,152.63101918958776,0.2736,0.04849491758678466,1.846779227256775,6.14187314734869,1.8495890317044716,127.30615811068559,9.316288346659853
116,-32.00142514867962,152.56798814238235,0.1829,0.051903177705405604,1.8419766426086426,6.14187314734869,1.8495890317044716,127.30615811068559,9.316288346659853
117,-32.0287834013564,152.54979355667456,0.3042,0.05779953286262949,1.8377457857131958,6.14187314734869,1.8495890317044716,127.30615811068559,9.316288346659853
118,-32.06494458041889,152.54428803404315,0.6498,0.06739289006637449,1.8377457857131958,6.14187314734869,1.8495890317044716,127.30615811068559,9.316288346659853
119,-32.11974110738179,152.5179964803408,0.2432,0.0534704012031291,1.8366581201553345,6.14187314734869,1.8495890317044716,127.30615811068559,9.316288346659853
120,-32.17670967524909,152.51215754360328,0.2637,0.08991434424177294,1.8366581201553345,6.14187314734869,1.8495890317044716,127.30615811068559,9.316288346659853
121,-32.190194464399994,152.5366600293343,0.2969,0.07551999475532473,1.8366581201553345,6.14187314734869,1.8495890317044716,127.30615811068559,9.316288346659853
122,-32.20047748788949,152.54322673348344,0.2971,0.08398117846545418,1.8366581201553345,6.14187314734869,1.8495890317044716,127.30615811068559,9.316288346659853
123,-32.2698136760809,152.53402936707647,0.2486,0.06788405754683638,1.8277947902679443,6.14187314734869,1.8495890317044716,127.30615811068559,9.316288346659853
124,-32.32903837122221,152.5447682374942,0.3375,0.09705492573008899,1.8277947902679443,6.695319810680947,1.968312508947377,130.7428891695479,9.313291776417422
125,-32.32953829923555,152.53739159534285,0.2743,0.08046245334059429,1.8277947902679443,6.695319810680947,1.968312508947377,130.7428891695479,9.313291776417422
126,-32.3405392583323,152.54374429085885,0.483,0.06339396874061284,1.8277947902679443,6.695319810680947,1.968312508947377,130.7428891695479,9.313291776417422
127,-32.35240319053649,152.5373088662442,0.3345,0.06263507338919469,1.822474718093872,6.695319810680947,1.968312508947377,130.7428891695479,9.313291776417422
128,-32.3894034553311,152.5224336897308,0.4147,0.0705347570714429,1.822474718093872,6.695319810680947,1.968312508947377,130.7428891695479,9.313291776417422
129,-32.42935581781878,152.5209947080206,0.2413,0.05394666182621552,1.8142203092575073,6.695319810680947,1.968312508947377,130.7428891695479,9.313291776417422
130,-32.44434617409556,152.52842328112985,0.3209,0.05302747651120838,1.8142203092575073,6.695319810680947,1.968312508947377,130.7428891695479,9.313291776417422
131,-32.45430923189524,152.50879738850358,0.3231,0.06264154515383764,1.8142203092575073,6.695319810680947,1.968312508947377,130.7428891695479,9.313291776417422
132,-32.510796593957636,152.37893927564326,0.3789,0.06482178452454408,1.8076145648956299,6.695319810680947,1.968312508947377,130.7428891695479,9.313291776417422
134,-32.77048040410974,152.12235707545443,0.2661,0.050203156626223065,1.7894065380096436,5.719462648028411,1.6310581313075816,136.746304641811,9.197172409008422
135,-32.8013720278448,151.99404287403846,0.2365,0.051555209743809165,1.7871288061141968,5.719462648028411,1.6310581313075816,136.746304641811,9.197172409008422
136,-32.86357076064078,151.84190468579388,0.3012,0.070638218904912,1.782152533531189,5.719462648028411,1.6310581313075816,136.746304641811,9.197172409008422
137,-32.92137985390024,151.79632565002746,0.2672,0.055802188175399225,1.7807109355926514,5.719462648028411,1.6310581313075816,136.746304641811,9.197172409008422
138,-32.93100924534373,151.78540910188036,0.2904,0.05489355951082404,1.7807109355926514,5.719462648028411,1.6310581313075816,136.746304641811,9.197172409008422
139,-32.945208034604526,151.76258637310346,0.3691,0.06057224787160047,1.7807109355926514,5.719462648028411,1.6310581313075816,136.746304641811,9.197172409008422
140,-32.97349669163376,151.73085493404488,0.3197,0.06393738288835298,1.7782509326934814,4.247263607829948,1.0837601818365374,135.5693746786204,8.297102824854582
141,-33.044209601932316,151.68253730860746,0.273,0.07219009069096605,1.7776596546173096,4.247263607829948,1.0837601818365374,135.5693746786204,8.297102824854582
142,-33.10105816060676,151.6548913333111,0.5716,0.05068679882652054,1.774580955505371,4.247263607829948,1.0837601818365374,135.5693746786204,8.297102824854582
143,-33.15141319062137,151.63206897560815,0.2738,0.062216450738478986,1.770847201347351,4.247263607829948,1.0837601818365374,135.5693746786204,8.297102824854582
144,-33.17222594539912,151.63205577116662,0.2657,0.053414403975981635,1.770847201347351,4.247263607829948,1.0837601818365374,135.5693746786204,8.297102824854582
145,-33.18816804005764,151.62286796778923,0.2307,0.05745218388387773,1.770847201347351,4.247263607829948,1.0837601818365374,135.5693746786204,8.297102824854582
146,-33.231239571547114,151.58151141392935,0.2946,0.07220219596648192,1.768895149230957,4.247263607829948,1.0837601818365374,135.5693746786204,8.297102824854582
147,-33.286366395447125,151.57122561292056,0.2117,0.07116642549270642,1.7640659809112549,5.5133183808455275,1.4340967057712257,131.46454218568243,8.956954446706074
148,-33.2920188669608,151.56458586363408,0.2817,0.0571753740317363,1.7640659809112549,5.5133183808455275,1.4340967057712257,131.46454218568243,8.956954446706074
149,-33.315870217955364,151.5284973395937,0.2952,0.0718907909673643,1.7640659809112549,5.5133183808455275,1.4340967057712257,131.46454218568243,8.956954446706074
150,-33.37175140447965,151.4909344518611,0.2768,0.05522060252687919,1.7568620443344116,5.5133183808455275,1.4340967057712257,131.46454218568243,8.956954446706074
151,-33.412244995828296,151.46677964165912,0.3997,0.06644658337565112,1.7568620443344116,5.5133183808455275,1.4340967057712257,131.46454218568243,8.956954446706074
152,-33.43075601026782,151.45063080305755,0.3238,0.07230259327007772,1.7568620443344116,5.5133183808455275,1.4340967057712257,131.46454218568243,8.956954446706074
153,-33.46406308248976,151.43732978782523,0.3169,0.0666500597642764,1.7568620443344116,5.5133183808455275,1.4340967057712257,131.46454218568243,8.956954446706074
155,-33.523703878473114,151.39388560932576,0.2241,0.1083333816111297,1.749924659729004,5.5133183808455275,1.4340967057712257,131.46454218568243,8.956954446706074
157,-33.530366078170324,151.3667096502005,0.6797,0.07428865435947447,1.749924659729004,5.5133183808455275,1.4340967057712257,131.46454218568243,8.956954446706074
158,-33.53879840774079,151.35079029799297,0.2512,0.07206187390632832,1.749924659729004,5.5133183808455275,1.4340967057712257,131.46454218568243,8.956954446706074
159,-33.541454573875754,151.30940999667303,0.1737,0.11536781315048088,1.744775652885437,5.5133183808455275,1.4340967057712257,131.46454218568243,8.956954446706074
160,-33.59124669234836,151.32642564569713,0.4738,0.0766251668662674,1.744775652885437,5.5133183808455275,1.4340967057712257,131.46454218568243,8.956954446706074
161,-33.61040288354492,151.3320137548005,0.278,0.0691389534809055,1.744775652885437,5.5133183808455275,1.4340967057712257,131.46454218568243,8.956954446706074
162,-33.63495877069446,151.33330182873618,0.2886,0.06692643655823667,1.744775652885437,5.5133183808455275,1.4340967057712257,131.46454218568243,8.956954446706074
163,-33.645373543002705,151.32888124519192,0.277,0.06246827509903189,1.744775652885437,5.5133183808455275,1.4340967057712257,131.46454218568243,8.956954446706074
164,-33.65414594872284,151.3240227962441,0.342,0.07553028080136932,1.744775652885437,5.5133183808455275,1.4340967057712257,131.46454218568243,8.956954446706074
165,-33.66729951273974,151.31958448468495,0.3296,0.06421306505602149,1.7428358793258667,5.5133183808455275,1.4340967057712257,131.46454218568243,8.956954446706074
166,-33.68532859186017,151.31128329042824,0.3446,0.07326112175860094,1.7428358793258667,5.5133183808455275,1.4340967057712257,131.46454218568243,8.956954446706074
167,-33.699142622963336,151.3098642095229,0.365,0.07483722095243396,1.7428358793258667,5.5133183808455275,1.4340967057712257,131.46454218568243,8.956954446706074
168,-33.718315348563856,151.30197489820827,0.4272,0.08226765701262294,1.7428358793258667,5.5133183808455275,1.4340967057712257,131.46454218568243,8.956954446706074
169,-33.74710144629303,151.30481239213861,0.2331,0.05517443528796716,1.7356716394424438,5.5133183808455275,1.4340967057712257,131.46454218568243,8.956954446706074
170,-33.76995763014688,151.29624251554284,0.2838,0.06620622075236632,1.7356716394424438,6.2244763734477715,1.676821437416869,132.87101236789593,9.115279952137215
171,-33.78188686426955,151.2913279504061,0.1646,0.059892267565627585,1.7356716394424438,6.2244763734477715,1.676821437416869,132.87101236789593,9.115279952137215
173,-33.89189924562326,151.27788785996316,0.2619,0.07059266983030368,1.7334284782409668,6.2244763734477715,1.676821437416869,132.87101236789593,9.115279952137215
174,-33.90220374062384,151.26980081841472,0.5249,0.08631411385238581,1.7334284782409668,6.2244763734477715,1.676821437416869,132.87101236789593,9.115279952137215
176,-33.94975158253686,151.25748180957183,0.3789,0.06206647880121222,1.7310645580291748,6.2244763734477715,1.676821437416869,132.87101236789593,9.115279952137215
178,-34.039491408829534,151.17343224841264,0.1811,0.05818766163049573,1.7240967750549316,6.2244763734477715,1.676821437416869,132.87101236789593,9.115279952137215
180,-34.23039330817016,150.9902569981787,0.4118,0.07523247193788025,1.7146049737930298,6.129103376738351,1.6666094201586537,130.91704183084408,9.10431936624431
181,-34.27429367093503,150.95903489060325,0.2932,0.06640325771971053,1.7128872871398926,6.129103376738351,1.6666094201586537,130.91704183084408,9.10431936624431
182,-34.287547292600536,150.94956224372277,0.3125,0.050784065882265715,1.7128872871398926,6.129103376738351,1.6666094201586537,130.91704183084408,9.10431936624431
183,-34.29714536255419,150.94258770146664,0.2132,0.056483693386715626,1.7128872871398926,6.129103376738351,1.6666094201586537,130.91704183084408,9.10431936624431
184,-34.30672090388036,150.93585234905538,0.3006,0.06486951696480307,1.7128872871398926,6.129103376738351,1.6666094201586537,130.91704183084408,9.10431936624431
185,-34.31618900156062,150.92847592794413,0.3363,0.05790990150751911,1.7099331617355347,6.129103376738351,1.6666094201586537,130.91704183084408,9.10431936624431
186,-34.33399892678408,150.92625265247221,0.3947,0.057431622335961476,1.7099331617355347,6.129103376738351,1.6666094201586537,130.91704183084408,9.10431936624431
187,-34.34304699115875,150.92386562152166,0.3063,0.06441078210758729,1.7099331617355347,6.129103376738351,1.6666094201586537,130.91704183084408,9.10431936624431
188,-34.359750380698614,150.92172438313483,0.3253,0.05851088292907063,1.7099331617355347,6.129103376738351,1.6666094201586537,130.91704183084408,9.10431936624431
189,-34.376750134721476,150.9229822427868,0.2188,0.04861373813787557,1.7099331617355347,6.129103376738351,1.6666094201586537,130.91704183084408,9.10431936624431
190,-34.40002784964476,150.9059705976773,0.2824,0.06430169650284967,1.7099331617355347,6.129103376738351,1.6666094201586537,130.91704183084408,9.10431936624431
191,-34.434046123307745,150.90281960872335,0.3472,0.07929518393109226,1.7098788022994995,6.129103376738351,1.6666094201586537,130.91704183084408,9.10431936624431
193,-34.5514111288345,150.87070355539137,0.3484,0.057697700694732436,1.7084956169128418,6.129103376738351,1.6666094201586537,130.91704183084408,9.10431936624431
194,-34.569483018895745,150.86867958791322,0.4127,0.07139282300570682,1.7039649486541748,6.129103376738351,1.6666094201586537,130.91704183084408,9.10431936624431
195,-34.58600109840828,150.87420313908194,0.2519,0.09813428458445694,1.7039649486541748,6.129103376738351,1.6666094201586537,130.91704183084408,9.10431936624431
196,-34.60409980885265,150.86811014732012,0.1987,0.04710013407875485,1.7039649486541748,6.129103376738351,1.6666094201586537,130.91704183084408,9.10431936624431
197,-34.6211032340339,150.85725446532408,0.2073,0.05292637098385085,1.7039649486541748,6.129103376738351,1.6666094201586537,130.91704183084408,9.10431936624431
198,-34.63949900064817,150.8555277178527,0.2531,0.06227974666380606,1.7039649486541748,6.129103376738351,1.6666094201586537,130.91704183084408,9.10431936624431
199,-34.65906775982612,150.85536180198528,0.3231,0.07410887081253746,1.7042471170425415,6.129103376738351,1.6666094201586537,130.91704183084408,9.10431936624431
201,-34.681170970130694,150.85582051245203,0.3373,0.08003547684412007,1.7042471170425415,6.129103376738351,1.6666094201586537,130.91704183084408,9.10431936624431
202,-34.736277471521106,150.835193416307,0.3681,0.08059996638382937,1.7032071352005005,6.129103376738351,1.6666094201586537,130.91704183084408,9.10431936624431
203,-34.76265934947165,150.82773225156222,0.4438,0.06833736550883596,1.7032071352005005,5.789120424054467,1.7055055760492084,130.4576997757564,8.915941497395588
204,-34.92140145452113,150.7688349266857,0.2617,0.07370209906708353,1.6946414709091187,5.789120424054467,1.7055055760492084,130.4576997757564,8.915941497395588
205,-34.97607083628447,150.78635031560395,0.3226,0.07851403549725838,1.6946414709091187,5.789120424054467,1.7055055760492084,130.4576997757564,8.915941497395588
206,-35.01463885808821,150.8170326414339,0.3693,0.06828653795525941,1.6899722814559937,5.789120424054467,1.7055055760492084,130.4576997757564,8.915941497395588
208,-35.193466397636556,150.57369537410506,0.3732,0.06556811965058622,1.6648530960083008,5.789120424054467,1.7055055760492084,130.4576997757564,8.915941497395588
209,-35.21419090174239,150.5427689882996,0.3204,0.04746777467631342,1.6648530960083008,5.789120424054467,1.7055055760492084,130.4576997757564,8.915941497395588
210,-35.229146811097486,150.5320752585032,0.3869,0.07244475612119351,1.6648530960083008,5.789120424054467,1.7055055760492084,130.4576997757564,8.915941497395588
212,-35.262582951450526,150.51605831892667,0.2755,0.05832958158254574,1.6648530960083008,5.839160140391689,1.7771442865702658,132.2892833446387,8.96398193267294
213,-35.27685958452131,150.49640794358723,0.2852,0.0489564087818277,1.6648530960083008,5.839160140391689,1.7771442865702658,132.2892833446387,8.96398193267294
214,-35.31076601418637,150.47237171123047,0.2066,0.05698314209503818,1.6618397235870361,5.839160140391689,1.7771442865702658,132.2892833446387,8.96398193267294
215,-35.3318103399123,150.4767332591416,0.2717,0.06804597267043586,1.6618397235870361,5.839160140391689,1.7771442865702658,132.2892833446387,8.96398193267294
217,-35.37998684201088,150.46287597082173,0.2632,0.06186427208785208,1.6618397235870361,5.839160140391689,1.7771442865702658,132.2892833446387,8.96398193267294
218,-35.388756471044175,150.45419062540608,0.2696,0.057770850925126196,1.6618397235870361,5.839160140391689,1.7771442865702658,132.2892833446387,8.96398193267294
219,-35.424159957723695,150.42209728576583,0.348,0.06569642025153237,1.6633272171020508,5.839160140391689,1.7771442865702658,132.2892833446387,8.96398193267294
220,-35.468381961934305,150.39193949684997,0.2606,0.06928649243240549,1.6590973138809204,5.00685599406982,1.4944167689137557,125.2582968720027,8.861750193388744
221,-35.485617368894516,150.39023021108787,0.293,0.0706727001620068,1.6590973138809204,5.00685599406982,1.4944167689137557,125.2582968720027,8.861750193388744
222,-35.49819381826512,150.3910718557761,0.1794,0.07063115650020643,1.6590973138809204,5.00685599406982,1.4944167689137557,125.2582968720027,8.861750193388744
223,-35.522727659440136,150.40251875488374,0.2466,0.060961544948061434,1.6590973138809204,5.00685599406982,1.4944167689137557,125.2582968720027,8.861750193388744
224,-35.53636800555954,150.39310229824846,0.3114,0.057665133030168354,1.6585153341293335,5.00685599406982,1.4944167689137557,125.2582968720027,8.861750193388744
226,-35.63565928330808,150.31427198535764,0.2359,0.060777204739031886,1.6525405645370483,5.00685599406982,1.4944167689137557,125.2582968720027,8.861750193388744
227,-35.6479161429986,150.29950381146017,0.2491,0.05884011878467905,1.6525405645370483,5.00685599406982,1.4944167689137557,125.2582968720027,8.861750193388744
230,-35.70344792965694,150.2810279753944,0.2274,0.0884208042551309,1.6525405645370483,5.00685599406982,1.4944167689137557,125.2582968720027,8.861750193388744
232,-35.793011584256796,150.2311810934957,0.3175,0.06880154619529205,1.651980996131897,4.326420068458433,1.2089764137005155,120.25667647494433,8.645725015336325
233,-35.80418551733988,150.2268435505201,0.5396,0.06846253810566118,1.651980996131897,4.326420068458433,1.2089764137005155,120.25667647494433,8.645725015336325
234,-35.81378293689436,150.22659597997435,0.2824,0.07623274202220029,1.651980996131897,4.326420068458433,1.2089764137005155,120.25667647494433,8.645725015336325
235,-35.827827058046154,150.22504556547656,0.253,0.09722333930932518,1.651980996131897,4.326420068458433,1.2089764137005155,120.25667647494433,8.645725015336325
236,-35.82921776613964,150.19981588720069,0.1856,0.05497681310838439,1.644627332687378,4.326420068458433,1.2089764137005155,120.25667647494433,8.645725015336325
237,-35.87882432803426,150.15828009824241,0.2637,0.05644332037552634,1.644627332687378,4.326420068458433,1.2089764137005155,120.25667647494433,8.645725015336325
238,-35.92212688302743,150.15793395066987,0.2637,0.06484741103516335,1.6435071229934692,4.326420068458433,1.2089764137005155,120.25667647494433,8.645725015336325
239,-35.95044675380771,150.15692391564525,0.2858,0.0669420114775329,1.6435071229934692,4.326420068458433,1.2089764137005155,120.25667647494433,8.645725015336325
240,-35.979845418226645,150.15168157685807,0.2474,0.06954278111425277,1.6423344612121582,4.326420068458433,1.2089764137005155,120.25667647494433,8.645725015336325
241,-35.989980246601476,150.15370080259504,0.2617,0.06683319548117114,1.6423344612121582,4.326420068458433,1.2089764137005155,120.25667647494433,8.645725015336325
242,-35.993437601194145,150.16074617636028,0.2382,0.09,1.6423344612121582,4.326420068458433,1.2089764137005155,120.25667647494433,8.645725015336325
243,-36.065146763055644,150.1374206180387,0.2478,0.05034389166226927,1.6410571336746216,4.326420068458433,1.2089764137005155,120.25667647494433,8.645725015336325
244,-36.07544693160237,150.1338550923767,0.2512,0.04864953206494599,1.6410571336746216,4.326420068458433,1.2089764137005155,120.25667647494433,8.645725015336325
245,-36.08484444654757,150.13414524716094,0.2039,0.045,1.6410571336746216,4.326420068458433,1.2089764137005155,120.25667647494433,8.645725015336325
246,-36.09098396057751,150.13468097637548,0.2201,0.07655553777193722,1.6410571336746216,4.326420068458433,1.2089764137005155,120.25667647494433,8.645725015336325
247,-36.09884152387326,150.13728384374852,0.3162,0.07072569542099139,1.6402859687805176,4.326420068458433,1.2089764137005155,120.25667647494433,8.645725015336325
248,-36.17549910192401,150.13301281935233,0.3031,0.06987453897660831,1.6356897354125977,4.326420068458433,1.2089764137005155,120.25667647494433,8.645725015336325
249,-36.18577019135661,150.13264672773593,0.3078,0.06525129215706987,1.6356897354125977,4.326420068458433,1.2089764137005155,120.25667647494433,8.645725015336325
250,-36.20619947207117,150.132079338042,0.2866,0.07552988509656688,1.6356897354125977,4.326420068458433,1.2089764137005155,120.25667647494433,8.645725015336325
251,-36.244970006844035,150.1441399935406,0.2663,0.05448522202034954,1.6381011009216309,4.326420068458433,1.2089764137005155,120.25667647494433,8.645725015336325
252,-36.27728466289769,150.13784155336083,0.2574,0.06256194950143709,1.6381011009216309,4.177950986411505,1.1670105699781936,124.57166059711771,8.516110103165266
253,-36.30476866853982,150.13577209913353,0.3067,0.05574940390447891,1.6365679502487183,4.177950986411505,1.1670105699781936,124.57166059711771,8.516110103165266
254,-36.435407535480316,150.07683599226357,0.3392,0.06352729233951805,1.6304038763046265,4.177950986411505,1.1670105699781936,124.57166059711771,8.516110103165266
255,-36.473356331514026,150.06072953173546,0.3403,0.08128987082743343,1.6285721063613892,4.177950986411505,1.1670105699781936,124.57166059711771,8.516110103165266
256,-36.4921764255931,150.05483508717282,0.29,0.0739244844441743,1.6285721063613892,4.177950986411505,1.1670105699781936,124.57166059711771,8.516110103165266
257,-36.5874386871962,150.04537894100127,0.2886,0.05641653003301987,1.6245988607406616,4.177950986411505,1.1670105699781936,124.57166059711771,8.516110103165266
258,-36.656256803959536,150.00572230559175,0.3463,0.059525462502404675,1.6233471632003784,4.177950986411505,1.1670105699781936,124.57166059711771,8.516110103165266
259,-36.68844255167745,149.9930936719652,0.2143,0.07144230630310229,1.6201788187026978,4.177950986411505,1.1670105699781936,124.57166059711771,8.516110103165266
260,-36.71440322519674,149.9805313517902,0.2096,0.07833916567518558,1.6201788187026978,4.177950986411505,1.1670105699781936,124.57166059711771,8.516110103165266
261,-36.867349260589535,149.93478180955555,0.4161,0.08291531150227582,1.621299386024475,5.730785612415463,1.7136635028121476,129.01831678708805,8.706681241881789
262,-36.91609874683515,149.90884697755806,0.2018,0.07091155377120162,1.6221908330917358,5.730785612415463,1.7136635028121476,129.01831678708805,8.706681241881789
263,-36.96101092930014,149.93328175646698,0.3536,0.08264245400697291,1.6221908330917358,5.730785612415463,1.7136635028121476,129.01831678708805,8.706681241881789
264,-36.999693185074364,149.92844133618237,0.4204,0.08422421576410562,1.6240780353546143,5.730785612415463,1.7136635028121476,129.01831678708805,8.706681241881789
266,-37.26541962589605,149.95198924041404,0.2973,0.07190249218248762,1.6267023086547852,5.53157660211484,1.781957135789637,141.07442880478658,8.642758482345796
269,-37.579523906694206,149.75027004783487,0.29118,0.05917062835769534,1.5705668926239014,5.53157660211484,1.781957135789637,141.07442880478658,8.642758482345796
270,-37.59550812593103,149.73166558523914,0.23982,0.05745326660817338,1.5705668926239014,5.53157660211484,1.781957135789637,141.07442880478658,8.642758482345796
271,-37.602900441992205,149.726419089411,0.26243,0.06038345156570075,1.5705668926239014,5.53157660211484,1.781957135789637,141.07442880478658,8.642758482345796
272,-37.60944196438982,149.72074449673488,0.23651,0.05830860319803989,1.5705668926239014,5.53157660211484,1.781957135789637,141.07442880478658,8.642758482345796
274,-37.647750381354264,149.699574410565,0.31644,0.08339409594070464,1.5511888265609741,5.53157660211484,1.781957135789637,141.07442880478658,8.642758482345796
275,-37.66458868362224,149.68217250009437,0.25525,0.065,1.5511888265609741,5.53157660211484,1.781957135789637,141.07442880478658,8.642758482345796
276,-37.69923501259355,149.62115079211821,0.40332,0.07228741507633593,1.5313621759414673,5.672305043143324,1.8676284982662483,157.68964414629266,8.776856373018948
277,-37.72561290753279,149.5674870599055,0.24656,0.05889637215821224,1.5194851160049438,5.672305043143324,1.8676284982662483,157.68964414629266,8.776856373018948
278,-37.73667757101629,149.52854282604133,0.22531,0.08367353522965625,1.5194851160049438,5.672305043143324,1.8676284982662483,157.68964414629266,8.776856373018948
279,-37.750483928049604,149.50298489986923,0.20448,0.051993253340375245,1.5194851160049438,5.672305043143324,1.8676284982662483,157.68964414629266,8.776856373018948
280,-37.76970245840705,149.45947132064092,0.31864,0.04106155613597114,1.4970380067825317,5.672305043143324,1.8676284982662483,157.68964414629266,8.776856373018948
281,-37.77394250091616,149.41265351941757,0.23488,0.06615972782006568,1.4970380067825317,5.672305043143324,1.8676284982662483,157.68964414629266,8.776856373018948
282,-37.7778530561535,149.3836418244178,0.751,0.04565814150482088,1.4885696172714233,5.672305043143324,1.8676284982662483,157.68964414629266,8.776856373018948
283,-37.77671316206981,149.34964685616242,0.374,0.058318787851587096,1.4885696172714233,5.672305043143324,1.8676284982662483,157.68964414629266,8.776856373018948
284,-37.78523503403033,149.3011493271267,0.33217,0.051190227728714705,1.4792934656143188,5.672305043143324,1.8676284982662483,157.68964414629266,8.776856373018948
285,-37.78100633726472,149.23719951196972,0.31208,0.06393707127440229,1.4717062711715698,5.672305043143324,1.8676284982662483,157.68964414629266,8.776856373018948
286,-37.777913858537055,149.1997886553863,0.31208,0.08156219358557928,1.465582013130188,5.081799930573027,1.588016870734491,164.98466028469846,8.552663186124715
287,-37.778333612073986,149.17418938789567,0.41466,0.06201315838479354,1.465582013130188,5.081799930573027,1.588016870734491,164.98466028469846,8.552663186124715
288,-37.779858621783056,149.0309651483381,0.28322,0.05858743248405112,1.455185055732727,5.081799930573027,1.588016870734491,164.98466028469846,8.552663186124715
289,-37.787421781156915,148.8883325773377,0.228,0.06212013708818072,1.4423068761825562,5.081799930573027,1.588016870734491,164.98466028469846,8.552663186124715
290,-37.794989851810705,148.75738630849543,0.26981,0.05459315345487338,1.434809684753418,5.081799930573027,1.588016870734491,164.98466028469846,8.552663186124715
291,-37.803414832498994,148.6775847140797,0.408,0.05297071513420104,1.434809684753418,4.531954812255537,1.3459217491489313,167.12410971248136,8.38488919202119
292,-37.803517093458886,148.5906520228341,0.413,0.051112269049986565,1.4422869682312012,4.531954812255537,1.3459217491489313,167.12410971248136,8.38488919202119
293,-37.83468111052615,148.17959855081065,0.31556,0.05008942936474468,1.4133296012878418,4.531954812255537,1.3459217491489313,167.12410971248136,8.38488919202119
294,-37.87756616952733,148.01742944178758,0.576,0.05716269993244768,1.400547981262207,3.8358572693958752,1.0867983794201805,165.02035792489102,8.17209620293778
295,-38.860545717856674,146.4702381911951,0.15283,0.04708656229809855,2.4850800037384033,4.103584921653068,1.4675601876098963,206.29701995030084,7.758418480907755
296,-38.91277184355105,146.4821312464775,0.57834,0.04159298930022089,2.505645751953125,4.103584921653068,1.4675601876098963,206.29701995030084,7.758418480907755
1227,-40.86014120106598,148.22017961239908,0.70711,0.08935660237965452,1.5846657752990723,5.043894302373316,1.5329643463701643,164.62186855509538,8.26767769592902
1229,-41.28366695403529,148.3548905568553,0.20027,0.05791509132255804,1.4025640487670898,5.394855334772247,1.5505483436959637,152.50325747933095,8.82167745807873
1230,-41.55123417227563,148.28617447807804,0.32086,0.07375193222320654,1.3730920553207397,5.394855334772247,1.5505483436959637,152.50325747933095,8.82167745807873
1231,-41.86306503417177,148.28695763518988,0.27548,0.058916237953755946,1.3417489528656006,5.839123015042989,1.642460213557471,147.62020598725996,9.500383524523313
1234,-42.30204792154643,148.0011191983655,0.21464,0.07630328704070842,1.2494100332260132,6.0094645158041455,1.948140604799984,168.2328425415663,9.691716508587893
1235,-42.31646425906961,148.00998346583117,0.19751,0.09427961115220192,1.2494100332260132,6.0094645158041455,1.948140604799984,168.2328425415663,9.691716508587893
1238,-42.889017059680704,147.66290784280542,0.1387,0.03697217430114377,1.254553198814392,2.3345832926784293,0.7527638545636366,180.81391621443575,9.243877495622923
1239,-42.9910571504023,147.40367527552652,0.25882,0.05001315638180636,1.2144465446472168,2.3345832926784293,0.7527638545636366,180.81391621443575,9.243877495622923
1241,-42.90978427013251,147.3542931280985,0.1426,0.05230772698201938,1.2144465446472168,2.3345832926784293,0.7527638545636366,180.81391621443575,9.243877495622923
1245,-43.00403688752764,147.32522335813218,0.22846,0.08804006704026851,1.2144465446472168,2.3345832926784293,0.7527638545636366,180.81391621443575,9.243877495622923
1246,-43.063429770468034,147.26302815440087,0.15932,0.06677097262733936,1.209843635559082,2.3345832926784293,0.7527638545636366,180.81391621443575,9.243877495622923
1247,-43.07788722212974,147.2819146326043,0.18557,0.056673615888368147,1.209843635559082,2.3345832926784293,0.7527638545636366,180.81391621443575,9.243877495622923
1248,-43.43981793362261,146.96192097237488,0.31208,0.05234566159261239,1.108277440071106,7.206909962271892,2.6924312055309643,240.85355603575493,12.55261524328815
1263,-40.753392655245655,148.03243184145796,0.30145,0.10385449972718029,1.832993745803833,4.447358302144351,1.3812021968707542,210.55959733124305,7.238045928843775
