,Unnamed: 0,Sample_ID,Sample_Type_Code,Project,dataset,Date,Location_Type,latitude,longitude,Contact,num_orig_dists,Measured_Distributions,Grainsize,Mean,Median,Wentworth,Kurtosis,Kurtosis_Class,Skewness,Skewness_Class,Std,Sorting,d5,d10,d16,d25,d30,d50,d65,d75,d84,d90,d95,Notes,geometry
0,0,Scripps_1,1,"SandSnap, image taken by: rose.dopsovic",sandsnap,2021-09-15,Beach?Y,32.86619,-117.25417,"Sandsnap, USACE",8,"d10,d16,d25,d50,d65,d75,d84,d90",,0.6992950207274008,,CoarseSand,0.5446899726387843,VeryPlatykurtic,1.193179767364441,,0.6421404426119801,VeryWellSorted,0.4206450255903599,0.4550310844992765,0.4962943551899764,0.5488483320508067,0.5773454630898643,0.6913339872460947,0.7830118214302028,0.8954667288409406,0.9966761455106048,1.1249885474686698,1.2319155491003906,,POINT (-117.25417 32.86619)
1,1,Scripps_1,1,"SandSnap, image taken by: rose.dopsovic",sandsnap,2021-09-09,Beach?Y,32.86619,-117.2542,"Sandsnap, USACE",8,"d10,d16,d25,d50,d65,d75,d84,d90",,0.7112493573496932,,CoarseSand,0.5446987148954451,VeryPlatykurtic,1.1932318344691617,,0.6421549282265295,VeryWellSorted,0.4278423746623943,0.4628201058715332,0.5047933833225,0.5582407068375137,0.5872214555378037,0.7031444503389636,0.7963845541152191,0.91075865673986,1.013695349102037,1.1441931268464658,1.252941274966823,,POINT (-117.2542 32.86619)
2,2,Scripps_2,1,"SandSnap, image taken by: rose.dopsovic",sandsnap,2021-09-15,Beach?Y,32.86636,-117.25418,"Sandsnap, USACE",8,"d10,d16,d25,d50,d65,d75,d84,d90",,0.6517951195847437,,CoarseSand,0.545079841845551,VeryPlatykurtic,1.1970393442650016,,0.6430474305971522,VeryWellSorted,0.3925251989327635,0.4247409281590098,0.4633998032305054,0.5120999356149744,0.5384685638939652,0.6439430770099289,0.7291591954676525,0.8337920223169322,0.927961566481284,1.0470884817334571,1.146360911110268,,POINT (-117.25418 32.86636)
3,3,Scripps_2,1,"SandSnap, image taken by: rose.dopsovic",sandsnap,2021-09-09,Beach?Y,32.86636,-117.2542,"Sandsnap, USACE",8,"d10,d16,d25,d50,d65,d75,d84,d90",,0.6477142682423749,,CoarseSand,0.5450703120681132,VeryPlatykurtic,1.1969595720250308,,0.6430271439146341,VeryWellSorted,0.3900583813687618,0.4220682161535154,0.4604800178952197,0.5088821950114197,0.5350899646092021,0.6399210430003314,0.7246080622155134,0.8285905124346895,0.922174717631948,1.040566440126121,1.1392262088712648,,POINT (-117.2542 32.86636)
4,4,Torrey_swash1,1,"SandSnap, image taken by: rose.dopsovic",sandsnap,2021-09-15,Beach?Y,32.9269,-117.25958,"Sandsnap, USACE",8,"d10,d16,d25,d50,d65,d75,d84,d90",,,,Clay,,,,,,,,,,,,,,,,,,,POINT (-117.25958 32.9269)
5,5,Torrey_swash1,1,"SandSnap, image taken by: rose.dopsovic",sandsnap,2021-09-09,Beach?Y,32.9269,-117.2596,"Sandsnap, USACE",8,"d10,d16,d25,d50,d65,d75,d84,d90",,,,Clay,,,,,,,,,,,,,,,,,,,POINT (-117.2596 32.9269)
6,6,Torrey_bathroom,1,"SandSnap, image taken by: rose.dopsovic",sandsnap,2021-09-09,Beach?Y,32.92736,-117.2596,"Sandsnap, USACE",8,"d10,d16,d25,d50,d65,d75,d84,d90",,0.1103534560501072,,VeryFineSand,0.5453175024883858,VeryPlatykurtic,1.200460859987687,,0.6437271752304372,VeryWellSorted,0.0665213119527325,0.0719931980273786,0.078559461316954,0.0867703342433567,0.0912098852772197,0.1089680894126716,0.1233715666132518,0.1410631948150867,0.1569856601967381,0.1770998462910401,0.1938616680362918,,POINT (-117.2596 32.92736)
7,7,Torrey_bathroom,1,"SandSnap, image taken by: rose.dopsovic",sandsnap,2021-09-15,Beach?Y,32.92736,-117.25956,"Sandsnap, USACE",8,"d10,d16,d25,d50,d65,d75,d84,d90",,,,Clay,,,,,,,,,,,,,,,,,,,POINT (-117.25956 32.92736)
8,8,,1,"SandSnap, image taken by: rose.dopsovic",sandsnap,2021-06-11,Beach?Y,33.01662,-117.28167,"Sandsnap, USACE",8,"d10,d16,d25,d50,d65,d75,d84,d90",,0.5940963717580663,,CoarseSand,0.5444749563728952,VeryPlatykurtic,1.191739850356928,,0.6417624341171537,VeryWellSorted,0.3572114413771335,0.3863497278952815,0.4213156717170591,0.466063139417348,0.4903508243705079,0.5875015641831475,0.6654763287923413,0.7610876277182306,0.8471377967515309,0.9563311820363836,1.0473256697737603,,POINT (-117.28167 33.01662)
9,9,Oceanside,1,,mcfall_via_weigl,,,33.199,-117.389,"Mcfall, USACE",0,,,0.255,,MediumSand,,,,,,,,,,,,,,,,,,,POINT (-117.389 33.199)
10,10,"Santa Margarita River beach, CA",1,,mcfall_via_weigl,,,33.21566,-117.4063,"Mcfall, USACE",0,,,0.212,,FineSand,,,,,,,,,,,,,,,,,,,POINT (-117.4063 33.21566)
11,11,"Santa Margarita River beach, CA",1,,mcfall_via_weigl,,,33.231,-117.4173,"Mcfall, USACE",0,,,0.29,,MediumSand,,,,,,,,,,,,,,,,,,,POINT (-117.4173 33.231)
12,13,AX804,2,2921-C5BX6,USGS East Coast Sediment Texture Database,2010-04-22,,33.67671,-118.30254,KMCMULLEN,0,,,0.0518357923108534,,CoarseSilt,0.1934525028011308,VeryPlatykurtic,0.5471539924946793,VeryCoarseSkewed,0.3056679114077546,VeryWellSorted,,0.0068968600717145,0.0145396073763192,0.0603746890055655,,0.0802184993597106,,0.103168248276415,0.1129744231393429,0.1199966647466966,0.142403929928793,Listed Location: PALOS VERDES Lithology: nan Analysis Comments: nan  Comments: nan,POINT (-118.30254 33.67671)
13,12,AX805,2,2921-C5BX6,USGS East Coast Sediment Texture Database,2010-04-22,,33.67671,-118.30254,KMCMULLEN,0,,,0.05219633092785,,CoarseSilt,0.152836248728486,VeryPlatykurtic,0.5248656652272262,VeryCoarseSkewed,0.3056679114077546,VeryWellSorted,,0.0069834469352976,0.0158555245381975,0.0625470893061252,,0.080329780520685,,0.103168248276415,0.1128961440634601,0.1198304328949535,0.1404434550863404,Listed Location: PALOS VERDES Lithology: nan Analysis Comments: nan  Comments: nan,POINT (-118.30254 33.67671)
14,14,AX800,2,2921-C5BX6,USGS East Coast Sediment Texture Database,2010-04-22,,33.68294,-118.31359,KMCMULLEN,0,,,0.0390130688694567,,CoarseSilt,0.6830257645407559,Platykurtic,0.6597598944888239,VeryCoarseSkewed,0.2698147099265386,VeryWellSorted,,0.0047139994159754,0.0086453995519609,0.0167131533703447,,0.0720469987245956,,0.0971981585879715,0.1082973176989712,0.1163922710079058,0.1235412983871633,Listed Location: PALOS VERDES Lithology: nan Analysis Comments: nan  Comments: nan,POINT (-118.31359 33.68294)
15,15,AX801,2,2921-C5BX6,USGS East Coast Sediment Texture Database,2010-04-22,,33.68344,-118.3084,KMCMULLEN,0,,,0.0451258136017642,,CoarseSilt,0.3208643692719763,VeryPlatykurtic,0.5743560712274197,VeryCoarseSkewed,0.2993774915028676,VeryWellSorted,,0.0058480062299687,0.0118837866548999,0.0276632032974301,,0.0753672068240236,,0.0986916827218206,0.1088240449756287,0.1160700170306369,0.1225179946057099,Listed Location: PALOS VERDES Lithology: nan Analysis Comments: nan  Comments: nan,POINT (-118.3084 33.68344)
16,16,AX803,2,2921-C5BX6,USGS East Coast Sediment Texture Database,2010-04-22,,33.68562,-118.29132,KMCMULLEN,0,,,0.0525593772347756,,CoarseSilt,0.196152940245638,VeryPlatykurtic,0.543374605318771,VeryCoarseSkewed,0.2911911730067535,VeryWellSorted,,0.0061387432584456,0.0151675386880593,0.0625470893061252,,0.0811130830789687,,0.1051171773574929,0.1154281832687509,0.1228581505913705,0.1733854472213108,Listed Location: PALOS VERDES Lithology: nan Analysis Comments: nan  Comments: nan,POINT (-118.29132 33.68562)
17,17,AX799,2,2921-C5BX6,USGS East Coast Sediment Texture Database,2010-04-22,,33.68729,-118.32198,KMCMULLEN,0,,,0.0323544316192968,,CoarseSilt,1.0210116661520183,Mesokurtic,0.7071120856595005,VeryCoarseSkewed,0.2534974003441733,VeryWellSorted,,0.0036074013308792,0.0063552208044835,0.0124142168039679,,0.0642164060944995,,0.0917005762962418,0.1042464822418521,0.1136026128669036,0.121924986234677,Listed Location: PALOS VERDES Lithology: nan Analysis Comments: nan  Comments: nan,POINT (-118.32198 33.68729)
18,18,AX802,2,2921-C5BX6,USGS East Coast Sediment Texture Database,2010-04-22,,33.68759,-118.30114,KMCMULLEN,0,,,0.0364005349689247,,CoarseSilt,0.9395240178461434,Mesokurtic,0.6643487877863802,VeryCoarseSkewed,0.2381668960849099,VeryWellSorted,,0.0031382587018474,0.0056448918943122,0.0131767208349922,,0.0736118312592648,,0.0980779416005315,0.1087486416636418,0.1164729742018898,0.1233701561404934,Listed Location: PALOS VERDES Lithology: nan Analysis Comments: nan  Comments: nan,POINT (-118.30114 33.68759)
19,19,AX798,2,2921-C5BX6,USGS East Coast Sediment Texture Database,2010-04-22,,33.68997,-118.31642,KMCMULLEN,0,,,0.0297722020206222,,MediumSilt,1.515702922158964,VeryLeptokurtic,0.7422665739586406,VeryCoarseSkewed,0.2030701064089364,VeryWellSorted,,0.0022547611428,0.0037919984549769,0.0074072471104677,,0.0697377273878513,,0.0963262674432114,0.1082222793521092,0.1169583698295072,0.1247459601508716,Listed Location: PALOS VERDES Lithology: nan Analysis Comments: nan  Comments: nan,POINT (-118.31642 33.68997)
20,20,AX797,2,2921-C5BX6,USGS East Coast Sediment Texture Database,2010-04-22,,33.69413,-118.31523,KMCMULLEN,0,,,0.03039776559009,,MediumSilt,1.328677640928566,Leptokurtic,0.7320477903522679,VeryCoarseSkewed,0.2381668960849099,VeryWellSorted,,0.0031144221786005,0.0051228582841113,0.0096929047134805,,0.0651579616108964,,0.0923383903911315,0.1046809245407753,0.1137602053268781,0.1220095256609669,Listed Location: PALOS VERDES Lithology: nan Analysis Comments: nan  Comments: nan,POINT (-118.31523 33.69413)
21,21,AX770,2,2921-C5BX6,USGS East Coast Sediment Texture Database,2010-04-22,,33.69448,-118.32962,KMCMULLEN,0,,,0.0369086564261655,,CoarseSilt,0.6198602668838874,VeryPlatykurtic,0.673622549132314,VeryCoarseSkewed,0.2812723436694738,VeryWellSorted,,0.0048398111596196,0.009018773945139,0.0179002758246608,,0.0639055875368318,,0.0921465817546107,0.1051171773574929,0.1147898986626971,0.1234556976077801,Listed Location: PALOS VERDES Lithology: nan Analysis Comments: nan  Comments: nan,POINT (-118.32962 33.69448)
22,22,AX796,2,2921-C5BX6,USGS East Coast Sediment Texture Database,2010-04-22,,33.69474,-118.33458,KMCMULLEN,0,,,0.0346765691788139,,CoarseSilt,0.4730364881567166,VeryPlatykurtic,0.8827053801097603,VeryCoarseSkewed,0.2348880525283243,VeryWellSorted,,0.0039311659063628,0.0073408023006432,0.014044345508634,,0.0570784281493446,,0.0924664845759798,0.1075492696187029,0.1190027214872348,0.1799980958709203,Listed Location: PALOS VERDES Lithology: nan Analysis Comments: nan  Comments: nan,POINT (-118.33458 33.69474)
23,23,AX761,2,2921-C5BX6,USGS East Coast Sediment Texture Database,2010-04-22,,33.69474,-118.33458,KMCMULLEN,0,,,0.0264628713631394,,MediumSilt,1.515702922158964,VeryLeptokurtic,0.8122560522943635,VeryCoarseSkewed,0.2348880525283243,VeryWellSorted,,0.0030418842563258,0.0050278777325104,0.009018773945139,,0.0359243004805766,,0.0890695132279941,0.1041742506865393,0.1156684539551645,0.1376486081088549,Listed Location: PALOS VERDES Lithology: nan Analysis Comments: nan  Comments: nan,POINT (-118.33458 33.69474)
24,25,AX810,2,2921-C5BX6,USGS East Coast Sediment Texture Database,2010-04-22,,33.69578,-118.30317,KMCMULLEN,0,,,0.0599576595613742,,CoarseSilt,0.0398327984481074,VeryPlatykurtic,0.4506330063465574,VeryCoarseSkewed,0.3368163278708204,VeryWellSorted,,0.0102668896037998,0.0312523443471354,0.0662509412737642,,0.0839152822377341,,0.1062894271032368,0.1157486552743461,0.1225179946057099,0.1633520630369759,Listed Location: PALOS VERDES Lithology: nan Analysis Comments: nan  Comments: nan,POINT (-118.30317 33.69578)
25,24,AX779,2,2921-C5BX6,USGS East Coast Sediment Texture Database,2010-04-22,,33.69578,-118.30317,KMCMULLEN,0,,,0.0579153250135539,,CoarseSilt,0.0525593772347756,VeryPlatykurtic,0.4633017465309609,VeryCoarseSkewed,0.3208643692719763,VeryWellSorted,,0.0092402415287006,0.0265179554170233,0.0656566542022006,,0.0833356495458369,,0.1058483092657268,0.1153482040020636,0.1221787804061175,0.1608800183648079,Listed Location: PALOS VERDES Lithology: nan Analysis Comments: nan  Comments: nan,POINT (-118.30317 33.69578)
26,26,AX778,2,2921-C5BX6,USGS East Coast Sediment Texture Database,2010-04-22,,33.69984,-118.31212,KMCMULLEN,0,,,0.0603746890055655,,CoarseSilt,0.0098213997838112,VeryPlatykurtic,0.3950285976517344,VeryCoarseSkewed,0.3763196476583222,VeryWellSorted,,0.0154540653833496,0.0393934886397319,0.0652031403463052,,0.0818472730433254,,0.1026688960379981,0.1114191043042796,0.1176902587728507,0.1231138872003871,Listed Location: PALOS VERDES Lithology: nan Analysis Comments: nan  Comments: nan,POINT (-118.31212 33.69984)
27,27,AX808,2,2921-C5BX6,USGS East Coast Sediment Texture Database,2010-04-22,,33.70001,-118.33421,KMCMULLEN,0,,,0.0204766203447229,,MediumSilt,1.7900275824660814,VeryLeptokurtic,0.870553175519142,VeryCoarseSkewed,0.2268870733697272,VeryWellSorted,,0.002370141269465,0.0037972588125484,0.0065248350407404,,0.0234888052528324,,0.0790045341959735,0.096259523741503,0.1097329731465068,0.1224331028653475,Listed Location: PALOS VERDES Lithology: nan Analysis Comments: nan  Comments: nan,POINT (-118.33421 33.70001)
28,28,AX763,2,2921-C5BX6,USGS East Coast Sediment Texture Database,2010-04-22,,33.70001,-118.33421,KMCMULLEN,0,,,0.02194626536133,,MediumSilt,1.7171107781970163,VeryLeptokurtic,0.8585682703239278,VeryCoarseSkewed,0.2284651634885503,VeryWellSorted,,0.0024983427353993,0.0041037871609727,0.0075262800335914,,0.0244523322938343,,0.0827600205830406,0.0995159826334561,0.1124276073115957,0.1245731490815213,Listed Location: PALOS VERDES Lithology: nan Analysis Comments: nan  Comments: nan,POINT (-118.33421 33.70001)
29,29,AX795,2,2921-C5BX6,USGS East Coast Sediment Texture Database,2010-04-22,,33.70081,-118.32803,KMCMULLEN,0,,,0.03039776559009,,MediumSilt,1.248324555627542,Leptokurtic,0.7371394748070211,VeryCoarseSkewed,0.2398234418711473,VeryWellSorted,,0.0031469716871148,0.0053700946279356,0.0105262998603565,,0.065067698030344,,0.0923383903911315,0.1046809245407753,0.1138390835190351,0.1220941237045659,Listed Location: PALOS VERDES Lithology: nan Analysis Comments: nan  Comments: nan,POINT (-118.32803 33.70081)
30,30,AX769,2,2921-C5BX6,USGS East Coast Sediment Texture Database,2010-04-22,,33.70341,-118.33947,KMCMULLEN,0,,,0.0236849901750097,,MediumSilt,1.547550365945007,VeryLeptokurtic,0.840899569306288,VeryCoarseSkewed,0.2381668960849099,VeryWellSorted,,0.0028049358808151,0.0045882767860579,0.0082989793494891,,0.028049358808151,,0.0824165534828143,0.099792276391533,0.1133666334201438,0.1344426381203224,Listed Location: PALOS VERDES Lithology: nan Analysis Comments: nan  Comments: nan,POINT (-118.33947 33.70341)
31,32,AX809,2,2921-C5BX6,USGS East Coast Sediment Texture Database,2010-04-22,,33.70582,-118.3476,KMCMULLEN,0,,,0.0314697168711482,,CoarseSilt,1.7900275824660814,VeryLeptokurtic,0.8467483613134126,VeryCoarseSkewed,0.2044825400200397,VeryWellSorted,,0.0030418842563258,0.0050698719417114,0.00914466859376,,0.0613448977224937,,0.1128961440634601,0.1529422211725505,0.1976542152340603,0.2448625319671719,Listed Location: PALOS VERDES Lithology: nan Analysis Comments: nan  Comments: nan,POINT (-118.3476 33.70582)
32,39,AX777,2,2921-C5BX6,USGS East Coast Sediment Texture Database,2010-04-22,,33.70977,-118.33648,KMCMULLEN,0,,,0.1118834381674178,,VeryFineSand,0.6506769803034408,VeryPlatykurtic,0.6973772738785136,VeryCoarseSkewed,0.1921162575790126,VeryWellSorted,,0.0075314985488095,0.0201807259618097,0.0688253366510264,,0.1236269585197687,,0.3807801429723547,0.4938079727510758,0.6787781827077435,0.8931680366203917,Listed Location: PALOS VERDES Lithology: nan Analysis Comments: nan  Comments: nan,POINT (-118.33648 33.70977)
33,42,AX776,2,2921-C5BX6,USGS East Coast Sediment Texture Database,2010-04-22,,33.71673,-118.3472,KMCMULLEN,0,,,0.2348880525283243,,FineSand,0.0567234703907203,VeryPlatykurtic,0.4897177165175335,VeryCoarseSkewed,0.2570360150535334,VeryWellSorted,,0.0413806311311856,0.0846748361313412,0.1760496473835894,,0.3486938684443998,,0.5292494867361447,0.6750247348696298,0.7933378186671822,0.9081503116243158,Listed Location: PALOS VERDES Lithology: nan Analysis Comments: nan  Comments: nan,POINT (-118.3472 33.71673)
34,31,AX793,2,2921-C5BX6,USGS East Coast Sediment Texture Database,2010-04-22,,33.70422,-118.35593,KMCMULLEN,0,,,0.0231975705667238,,MediumSilt,0.5471539924946793,VeryPlatykurtic,1.319499992029129,,0.1486570226832618,VeryWellSorted,,0.0023668579034402,0.003781499591321,0.0063772840544388,,0.0178259868649984,,0.0770575455335939,0.1074002811923989,0.1739873848373815,2.193105896926514,Listed Location: PALOS VERDES Lithology: nan Analysis Comments: nan  Comments: nan,POINT (-118.35593 33.70422)
35,33,AX760,2,2921-C5BX6,USGS East Coast Sediment Texture Database,2010-04-22,,33.70582,-118.3476,KMCMULLEN,0,,,0.0351606254949721,,CoarseSilt,1.5691528931542555,VeryLeptokurtic,0.8066455109299504,VeryCoarseSkewed,0.2131658547696789,VeryWellSorted,,0.0033728356812462,0.0054829292634625,0.0103239782297373,,0.0646630568199858,,0.1151085985504087,0.15583141961827,0.1986155489837984,0.2431711793939085,Listed Location: PALOS VERDES Lithology: nan Analysis Comments: nan  Comments: nan,POINT (-118.3476 33.70582)
36,34,AX768,2,2921-C5BX6,USGS East Coast Sediment Texture Database,2010-04-22,,33.70582,-118.3476,KMCMULLEN,0,,,0.0371653708574467,,CoarseSilt,1.3379191240378028,Leptokurtic,0.7955404225258152,VeryCoarseSkewed,0.230054229853777,VeryWellSorted,,0.0041987363333797,0.0071598954831095,0.0126662777349799,,0.0623306974920619,,0.1149491381559971,0.15583141961827,0.1977912632213163,0.2411569704559837,Listed Location: PALOS VERDES Lithology: nan Analysis Comments: nan  Comments: nan,POINT (-118.3476 33.70582)
37,35,AY579,2,PALOS VERDES,USGS East Coast Sediment Texture Database,2010-04-24,,33.70836,-118.35302,KMCMULLEN,0,,,0.0174591412184161,,MediumSilt,1.4742568307911863,Leptokurtic,1.0352641472242845,,0.233265597231138,VeryWellSorted,,0.0025846525345796,0.0039694990412417,0.0058886814465391,,0.015052334231421,,0.0582777410261006,0.0885769844750312,0.1161504967825916,0.187771788621045,Listed Location: PALOS VERDES Lithology: nan Analysis Comments: nan  Comments: nan,POINT (-118.35302 33.70836)
38,36,AY578,2,PALOS VERDES,USGS East Coast Sediment Texture Database,2010-04-24,,33.70836,-118.35302,KMCMULLEN,0,,,0.0248625032268423,,MediumSilt,1.3472248853492363,Leptokurtic,0.9395240178461434,VeryCoarseSkewed,0.2284651634885503,VeryWellSorted,,0.0030334622254512,0.0048197251822005,0.0085916357790808,,0.0272634602572557,,0.0782415937256739,0.1078478667997289,0.1476301957700994,0.2310129700083159,Listed Location: PALOS VERDES Lithology: nan Analysis Comments: nan  Comments: nan,POINT (-118.35302 33.70836)
39,37,AY577,2,PALOS VERDES,USGS East Coast Sediment Texture Database,2010-04-24,,33.70836,-118.35302,KMCMULLEN,0,,,0.0204766203447229,,MediumSilt,1.0281132096539345,Mesokurtic,0.8888449482107299,VeryCoarseSkewed,0.2973095847203861,VeryWellSorted,,0.0038025264674229,0.0056920395744545,0.0091955171549911,,0.0224384770729485,,0.05219633092785,0.0732047790352268,0.0933034391391411,0.1141551435866662,Listed Location: PALOS VERDES Lithology: nan Analysis Comments: nan  Comments: nan,POINT (-118.35302 33.70836)
40,38,AX807,2,2921-C5BX6,USGS East Coast Sediment Texture Database,2010-04-22,,33.70861,-118.35284,KMCMULLEN,0,,,0.0170998449843536,,MediumSilt,2.084898364332431,VeryLeptokurtic,0.926589591094098,VeryCoarseSkewed,0.2206829668554672,VeryWellSorted,,0.0021375768327349,0.0032064204491206,0.0050874728804251,,0.0167247418104262,,0.0735608262090517,0.0915735431271466,0.1059217015671363,0.1195815167957026,Listed Location: PALOS VERDES Lithology: nan Analysis Comments: nan  Comments: nan,POINT (-118.35284 33.70861)
41,40,AX794,2,2921-C5BX6,USGS East Coast Sediment Texture Database,2010-04-22,,33.71212,-118.35046,KMCMULLEN,0,,,0.0390130688694567,,CoarseSilt,0.6925602410836885,Platykurtic,0.6552026983089314,VeryCoarseSkewed,0.2698147099265386,VeryWellSorted,,0.0046458804625172,0.0085027714518014,0.0166784362050752,,0.0715989548310956,,0.0972655531132221,0.1086732905980078,0.1169583698295072,0.1243143812410682,Listed Location: PALOS VERDES Lithology: nan Analysis Comments: nan  Comments: nan,POINT (-118.35046 33.71212)
42,41,AX792,2,2921-C5BX6,USGS East Coast Sediment Texture Database,2010-04-22,,33.7133,-118.3698,KMCMULLEN,0,,,0.0092274409857596,,FineSilt,1.2657501372256243,Leptokurtic,1.109566974996945,,0.2716913788849077,VeryWellSorted,,0.0017434955001401,0.0024165895315365,0.0036299753215403,,0.0083624963689701,,0.0214946274257971,0.0371653708574467,0.0699313455210381,0.0989656879136357,Listed Location: PALOS VERDES Lithology: nan Analysis Comments: nan  Comments: nan,POINT (-118.3698 33.7133)
43,43,AX791,2,2921-C5BX6,USGS East Coast Sediment Texture Database,2010-04-22,,33.71742,-118.36305,KMCMULLEN,0,,,0.0185829642316555,,MediumSilt,1.8790198440595904,VeryLeptokurtic,0.8888449482107299,VeryCoarseSkewed,0.2414915095942575,VeryWellSorted,,0.0024622408020943,0.0039229999466873,0.0061814406670474,,0.0194663068133639,,0.0745359934903486,0.0910671678100911,0.1040299376872394,0.1162310323369888,Listed Location: PALOS VERDES Lithology: nan Analysis Comments: nan  Comments: nan,POINT (-118.36305 33.71742)
44,45,AX788,2,2921-C5BX6,USGS East Coast Sediment Texture Database,2010-04-22,,33.72053,-118.37638,KMCMULLEN,0,,,0.0103096763820809,,FineSilt,1.2834189655760535,Leptokurtic,0.9592649828509296,VeryCoarseSkewed,0.2973095847203861,VeryWellSorted,,0.0018738174228603,0.0026776534267655,0.0043167762882016,,0.011368138178879,,0.0238497287315281,0.0305032966992252,0.05219633092785,0.0842066086768995,Listed Location: PALOS VERDES Lithology: nan Analysis Comments: nan  Comments: nan,POINT (-118.37638 33.72053)
45,44,AX759,2,2921-C5BX6,USGS East Coast Sediment Texture Database,2010-04-22,,33.72053,-118.37638,KMCMULLEN,0,,,0.0078676652954839,,FineSilt,1.2570071509691891,Leptokurtic,1.0717718545280246,,0.2911911730067535,VeryWellSorted,,0.0014793749687688,0.0021599171165266,0.0031997599568611,,0.0075944036834374,,0.0179126873827456,0.0265915792246248,0.04493853437885,0.0825308838408774,Listed Location: PALOS VERDES Lithology: nan Analysis Comments: nan  Comments: nan,POINT (-118.37638 33.72053)
46,46,AX775,2,2921-C5BX6,USGS East Coast Sediment Texture Database,2010-04-22,,33.72075,-118.35754,KMCMULLEN,0,,,0.3099347834388616,,MediumSand,0.096059569985294,VeryPlatykurtic,0.5000075016857287,VeryCoarseSkewed,0.2131658547696789,VeryWellSorted,,0.0227044390615417,0.1124276073115957,0.2830324581332789,,0.511930869650369,,0.7786289082418099,0.9056359260268478,1.0055604597049896,1.418129312252052,Listed Location: PALOS VERDES Lithology: nan Analysis Comments: nan  Comments: nan,POINT (-118.35754 33.72075)
47,47,AX790,2,2921-C5BX6,USGS East Coast Sediment Texture Database,2010-04-22,,33.72191,-118.36812,KMCMULLEN,0,,,0.0109732973146506,,FineSilt,1.853151378669695,VeryLeptokurtic,0.9659370535347588,VeryCoarseSkewed,0.2414915095942575,VeryWellSorted,,0.001446923315159,0.0021870338691901,0.0035974135592135,,0.0114949138155997,,0.0335418487142559,0.0565664207534925,0.0785676618779857,0.1026688960379981,Listed Location: PALOS VERDES Lithology: nan Analysis Comments: nan  Comments: nan,POINT (-118.36812 33.72191)
48,48,AX767,2,2921-C5BX6,USGS East Coast Sediment Texture Database,2010-04-22,,33.72337,-118.38692,KMCMULLEN,0,,,0.01269264335176,,FineSilt,1.248324555627542,Leptokurtic,1.0352641472242845,,0.2606240259067763,VeryWellSorted,,0.0020690625990082,0.0030800736953458,0.0050174336434551,,0.0123541298387163,,0.0276632032974301,0.0658389417428773,0.0903754706401731,0.1176087121321055,Listed Location: PALOS VERDES Lithology: nan Analysis Comments: nan  Comments: nan,POINT (-118.38692 33.72337)
49,49,AX789,2,2921-C5BX6,USGS East Coast Sediment Texture Database,2010-04-22,,33.72435,-118.37445,KMCMULLEN,0,,,0.0126049707510479,,FineSilt,1.9452818764778592,VeryLeptokurtic,0.9794207384219152,VeryCoarseSkewed,0.2237635191276395,VeryWellSorted,,0.0015411277885592,0.0023101297000831,0.0038369447963239,,0.012631208753664,,0.0467819441475011,0.0771109751126482,0.0961261750445768,0.1155883082068368,Listed Location: PALOS VERDES Lithology: nan Analysis Comments: nan  Comments: nan,POINT (-118.37445 33.72435)
50,50,AX785,2,2921-C5BX6,USGS East Coast Sediment Texture Database,2010-04-22,,33.72549,-118.3962,KMCMULLEN,0,,,0.025035431856441,,MediumSilt,1.2141897836793003,Leptokurtic,0.7955404225258152,VeryCoarseSkewed,0.2588238030906096,VeryWellSorted,,0.0031557088629029,0.0054526102439142,0.0101747931046497,,0.0311442217860053,,0.0774860209104988,0.0952638998531679,0.1092775640513867,0.1226029452076663,Listed Location: PALOS VERDES Lithology: nan Analysis Comments: nan  Comments: nan,POINT (-118.3962 33.72549)
51,51,AX774,2,2921-C5BX6,USGS East Coast Sediment Texture Database,2010-04-22,,33.72647,-118.36708,KMCMULLEN,0,,,0.0207624570825019,,MediumSilt,1.5910569738328422,VeryLeptokurtic,0.7845882178689926,VeryCoarseSkewed,0.2131658547696789,VeryWellSorted,,0.001648306339504,0.0028938032135135,0.0068825336651026,,0.0315133724700052,,0.0757337714300838,0.0942785738230447,0.1091261814120059,0.1231992509778511,Listed Location: PALOS VERDES Lithology: nan Analysis Comments: nan  Comments: nan,POINT (-118.36708 33.72647)
52,52,AX782,2,2921-C5BX6,USGS East Coast Sediment Texture Database,2010-04-22,,33.72758,-118.40438,KMCMULLEN,0,,,0.021198710899215,,MediumSilt,1.613266817418579,VeryLeptokurtic,0.870553175519142,VeryCoarseSkewed,0.2431711793939085,VeryWellSorted,,0.0027225692078506,0.0044783062220457,0.0079719638762876,,0.0221295665686776,,0.0787312051783717,0.096059569985294,0.1097329731465068,0.1226029452076663,Listed Location: PALOS VERDES Lithology: nan Analysis Comments: nan  Comments: nan,POINT (-118.40438 33.72758)
53,53,AX766,2,2921-C5BX6,USGS East Coast Sediment Texture Database,2010-04-22,,33.72758,-118.40438,KMCMULLEN,0,,,0.0281662531882957,,MediumSilt,1.4142029535067733,Leptokurtic,0.8179056172124632,VeryCoarseSkewed,0.2206829668554672,VeryWellSorted,,0.0028146737016321,0.0048364576931048,0.0093368133173229,,0.0426916722637691,,0.0922104736556614,0.1100376331089901,0.1237984570092894,0.2015276952274345,Listed Location: PALOS VERDES Lithology: nan Analysis Comments: nan  Comments: nan,POINT (-118.40438 33.72758)
54,54,AX786,2,2921-C5BX6,USGS East Coast Sediment Texture Database,2010-04-22,,33.72767,-118.38862,KMCMULLEN,0,,,0.0183271325710224,,MediumSilt,1.5691528931542555,VeryLeptokurtic,0.9012524908672171,VeryCoarseSkewed,0.246565648572399,VeryWellSorted,,0.0024350851269451,0.0039612534545952,0.0069979833989338,,0.0192516159091559,,0.0702714716475381,0.0892549167618259,0.1046809245407753,0.1195815167957026,Listed Location: PALOS VERDES Lithology: nan Analysis Comments: nan  Comments: nan,POINT (-118.38862 33.72767)
55,56,AX787,2,2921-C5BX6,USGS East Coast Sediment Texture Database,2010-04-22,,33.72998,-118.38073,KMCMULLEN,0,,,0.0201947187211908,,MediumSilt,1.9318451228795408,VeryLeptokurtic,0.8766082201886902,VeryCoarseSkewed,0.217644824545109,VeryWellSorted,,0.0022206393192586,0.0035405181673696,0.006142999693892,,0.0219158631135879,,0.0830473363312426,0.1016774307173613,0.1163116237325207,0.1529422211725505,Listed Location: PALOS VERDES Lithology: nan Analysis Comments: nan  Comments: nan,POINT (-118.38073 33.72998)
56,57,AX772,2,2921-C5BX6,USGS East Coast Sediment Texture Database,2010-04-22,,33.73052,-118.37397,KMCMULLEN,0,,,0.0233589189253956,,MediumSilt,1.918501181715988,VeryLeptokurtic,0.8179056172124632,VeryCoarseSkewed,0.1947980421419048,VeryWellSorted,,0.0018816264686089,0.0030864850534737,0.0060500362541772,,0.0359990790666287,,0.0925947564563686,0.1098090589668245,0.1231138872003871,0.1762938679724355,Listed Location: PALOS VERDES Lithology: nan Analysis Comments: nan  Comments: nan,POINT (-118.37397 33.73052)
57,58,AX773,2,2921-C5BX6,USGS East Coast Sediment Texture Database,2010-04-22,,33.73053,-118.36494,KMCMULLEN,0,,,0.0387435917310266,,CoarseSilt,0.6925602410836885,Platykurtic,0.6372865285229379,VeryCoarseSkewed,0.2206829668554672,VeryWellSorted,,0.0024266605544532,0.0061771575961576,0.021198710899215,,0.0730020977833283,,0.1025977575795715,0.11598959304246,0.1297731446123003,0.1922494656990073,Listed Location: PALOS VERDES Lithology: nan Analysis Comments: nan  Comments: nan,POINT (-118.36494 33.73053)
58,59,AX762,2,2921-C5BX6,USGS East Coast Sediment Texture Database,2010-04-22,,33.73066,-118.4015,KMCMULLEN,0,,,0.022563245320554,,MediumSilt,1.918501181715988,VeryLeptokurtic,0.907521061523442,VeryCoarseSkewed,0.2073369476902559,VeryWellSorted,,0.0024132418205516,0.0039148509496379,0.0067082690961981,,0.0235050917432527,,0.0900628020211278,0.1135238985233737,0.1457997478923783,0.2053347113630485,Listed Location: PALOS VERDES Lithology: nan Analysis Comments: nan  Comments: nan,POINT (-118.4015 33.73066)
59,60,AX806,2,2921-C5BX6,USGS East Coast Sediment Texture Database,2010-04-22,,33.73066,-118.4015,KMCMULLEN,0,,,0.0189734232722059,,MediumSilt,2.1885502982199165,VeryLeptokurtic,0.9592649828509296,VeryCoarseSkewed,0.1947980421419048,VeryWellSorted,,0.0020834537549001,0.0030376703220987,0.0050174336434551,,0.0163692090153417,,0.087904201396842,0.1117284456003726,0.1418129312252052,0.202087211827658,Listed Location: PALOS VERDES Lithology: nan Analysis Comments: nan  Comments: nan,POINT (-118.4015 33.73066)
60,61,AY574,2,PALOS VERDES,USGS East Coast Sediment Texture Database,2010-04-23,,33.73068,-118.40142,KMCMULLEN,0,,,0.0285594308607466,,MediumSilt,1.4742568307911863,Leptokurtic,0.8179056172124632,VeryCoarseSkewed,0.2253198836804713,VeryWellSorted,,0.0029875561377457,0.0051370812634756,0.0097265553113222,,0.0391485094963791,,0.0950660142428266,0.1190852346956604,0.1583355981767883,0.2118402248166901,Listed Location: PALOS VERDES Lithology: nan Analysis Comments: nan  Comments: nan,POINT (-118.40142 33.73068)
61,62,AY575,2,PALOS VERDES,USGS East Coast Sediment Texture Database,2010-04-23,,33.73068,-118.40142,KMCMULLEN,0,,,0.033264018538644,,CoarseSilt,1.404434550863404,Leptokurtic,0.870553175519142,VeryCoarseSkewed,0.2087790588848576,VeryWellSorted,,0.0033845450645993,0.0056644891144036,0.0105044342504485,,0.0452510998150575,,0.1067323832785333,0.1481427195691035,0.2039163915014752,0.308648505347374,Listed Location: PALOS VERDES Lithology: nan Analysis Comments: nan  Comments: nan,POINT (-118.40142 33.73068)
62,63,AY576,2,PALOS VERDES,USGS East Coast Sediment Texture Database,2010-04-23,,33.73068,-118.40142,KMCMULLEN,0,,,0.0563316612117535,,CoarseSilt,0.5823736084459327,VeryPlatykurtic,0.7526280033591406,VeryCoarseSkewed,0.246565648572399,VeryWellSorted,,0.0069400184676261,0.0136603103401048,0.0270001792012714,,0.0778089402487329,,0.1314023859558183,0.1845460509022393,0.2314938373606601,0.3917565399428018,Listed Location: PALOS VERDES Lithology: nan Analysis Comments: nan  Comments: nan,POINT (-118.40142 33.73068)
63,64,AY580,2,PALOS VERDES,USGS East Coast Sediment Texture Database,2010-04-23,,33.73068,-118.40142,KMCMULLEN,0,,,0.0266469311916418,,MediumSilt,1.7776632254797615,VeryLeptokurtic,0.8950272194574102,VeryCoarseSkewed,0.1907892422777678,VeryWellSorted,,0.0025314622939821,0.0041842101230951,0.0069352097842342,,0.0354051816736965,,0.1009051437036882,0.1349093790284281,0.1906570459349242,0.2644453545083333,Listed Location: PALOS VERDES Lithology: nan Analysis Comments: nan  Comments: nan,POINT (-118.40142 33.73068)
64,65,AX784,2,2921-C5BX6,USGS East Coast Sediment Texture Database,2010-04-22,,33.7315,-118.39101,KMCMULLEN,0,,,0.0279716988625421,,MediumSilt,1.404434550863404,Leptokurtic,0.7631340697714476,VeryCoarseSkewed,0.2381668960849099,VeryWellSorted,,0.0029403060303242,0.0049724260422135,0.0096929047134805,,0.0480971347513384,,0.0902502731451562,0.1051171773574929,0.1163922710079058,0.1396668432324234,Listed Location: PALOS VERDES Lithology: nan Analysis Comments: nan  Comments: nan,POINT (-118.39101 33.7315)
65,66,AX783,2,2921-C5BX6,USGS East Coast Sediment Texture Database,2010-04-22,,33.73235,-118.39981,KMCMULLEN,0,,,0.0371653708574467,,CoarseSilt,1.80247793848838,VeryLeptokurtic,0.823594477108635,VeryCoarseSkewed,0.1804978382141985,VeryWellSorted,,0.0028107745230803,0.0046781944147501,0.0087904201396842,,0.0745876746946876,,0.1464073614664253,0.1889468058187359,0.2239186705868757,0.2956655483526178,Listed Location: PALOS VERDES Lithology: nan Analysis Comments: nan  Comments: nan,POINT (-118.39981 33.73235)
66,68,AX771,2,2921-C5BX6,USGS East Coast Sediment Texture Database,2010-04-22,,33.73601,-118.38166,KMCMULLEN,0,,,0.08657392672088,,VeryFineSand,1.0717718545280231e-05,VeryPlatykurtic,0.3056679114077546,VeryCoarseSkewed,0.4829757729235888,VeryWellSorted,,0.0498277644524742,0.064887545823497,0.0713512466180866,,0.092851834290125,,0.120831289426349,0.1516753868805934,0.1851867344873707,0.2187033869190168,Listed Location: PALOS VERDES Lithology: nan Analysis Comments: nan  Comments: nan,POINT (-118.38166 33.73601)
67,69,HB9-Berm,1,"SandSnap, image taken by: rose.dopsovic",sandsnap,2021-09-15,Beach?Y,33.85941,-118.40221,"Sandsnap, USACE",8,"d10,d16,d25,d50,d65,d75,d84,d90",,0.540424322406105,,CoarseSand,0.5439200514073823,VeryPlatykurtic,1.188623843267951,,0.640750773319739,VeryWellSorted,0.3245801906009021,0.3509070703850936,0.3824993261261233,0.4234600575175318,0.4457286978859806,0.5348032593597757,0.6059941788899383,0.6931436558780221,0.7715781851672974,0.8714019823137806,0.9545884799358498,,POINT (-118.40221 33.85941)
68,71,"HB9-Berm Hermosa Beach, CA",1,Brian McFall August 23 2021,sandsnap,2021-01-18,Beach?Y,33.86907,-118.4057,"Sandsnap, USACE",8,"d10,d16,d25,d50,d65,d75,d84,d90",,0.34341741979209,,MediumSand,0.5659587776117445,VeryPlatykurtic,0.769029838736012,VeryCoarseSkewed,0.6744116327252946,VeryWellSorted,0.2087208696666666,0.228303933,0.251803609,0.274853719,0.2915634728,0.358402488,0.386663654,0.4193567408421053,0.448780519,0.512773293,0.5661006046666665,Coin: quarter;,POINT (-118.4057 33.86907)
69,55,AX781,2,2921-C5BX6,USGS East Coast Sediment Texture Database,2010-04-22,,33.72988,-118.41285,KMCMULLEN,0,,,0.0241826512813809,,MediumSilt,1.827639044431764,VeryLeptokurtic,0.8766082201886902,VeryCoarseSkewed,0.2030701064089364,VeryWellSorted,,0.0023982344187114,0.0039202817313428,0.0069448304852265,,0.0283425088022717,,0.092851834290125,0.1125835697737094,0.1364138665845075,0.2039163915014752,Listed Location: PALOS VERDES Lithology: nan Analysis Comments: nan  Comments: nan,POINT (-118.41285 33.72988)
70,67,AX780,2,2921-C5BX6,USGS East Coast Sediment Texture Database,2010-04-22,,33.73439,-118.42382,KMCMULLEN,0,,,0.0423967857037056,,CoarseSilt,1.140760463990116,Leptokurtic,0.7955404225258152,VeryCoarseSkewed,0.2222179049381656,VeryWellSorted,,0.0044166533822013,0.0078785795226912,0.0140054610865061,,0.0729009676900772,,0.1187555247399876,0.1625614106832692,0.2079125929579767,0.2751023375118186,Listed Location: PALOS VERDES Lithology: nan Analysis Comments: nan  Comments: nan,POINT (-118.42382 33.73439)
71,70,HB01,1,"SandSnap, image taken by: rose.dopsovic",sandsnap,2021-06-11,Beach?Y,33.86907,-118.40572,"Sandsnap, USACE",8,"d10,d16,d25,d50,d65,d75,d84,d90",,0.62271345065847,,CoarseSand,0.5436936622121866,VeryPlatykurtic,1.1875301726729812,,0.6403833220187202,VeryWellSorted,0.3738641994037076,0.4041136744943406,0.4404130446031004,0.4877202815085286,0.5134553525771131,0.616395636851451,0.6985507371798272,0.7990493333676921,0.8894980699367706,1.0046991589330827,1.1007000664300093,,POINT (-118.40572 33.86907)
72,72,Santamonica Ocean Park,1,Brian McFall August 23 2021,sandsnap,2020-12-22,Beach?Y,33.99991,-118.487,"Sandsnap, USACE",8,"d10,d16,d25,d50,d65,d75,d84,d90",,0.3305601716755975,,MediumSand,0.5230916753201041,VeryPlatykurtic,1.418084421261675,,0.6354560964358271,VeryWellSorted,0.2028721451666666,0.216345206,0.232512879,0.257087885,0.2707287506,0.325292213,0.372110149,0.427611779,0.477563246,0.547485511,0.6057540651666665,Coin: quarter;,POINT (-118.487 33.99991)
73,73,Santa mMonica Ocean Park,1,"SandSnap, image taken by: rose.dopsovic",sandsnap,2021-06-11,Beach?Y,33.99991,-118.48699,"Sandsnap, USACE",8,"d10,d16,d25,d50,d65,d75,d84,d90",,0.4248489480263335,,MediumSand,0.5442905868172601,VeryPlatykurtic,1.190619847868296,,0.6414316095676529,VeryWellSorted,0.2553541383972548,0.2761445715407689,0.3010930913129859,0.3331572078564399,0.3505721622636965,0.4202319798927231,0.4760623348411307,0.5444807853047559,0.6060573907220184,0.6842582162494315,0.749425570855609,,POINT (-118.48699 33.99991)
74,74,Westward Bch,1,"SandSnap, image taken by: rose.dopsovic",sandsnap,2021-06-11,Beach?Y,34.01072,-118.81741,"Sandsnap, USACE",8,"d10,d16,d25,d50,d65,d75,d84,d90",,0.4438634093663828,,MediumSand,0.544159155255455,VeryPlatykurtic,1.189898409547871,,0.6411903226810284,VeryWellSorted,0.2667131068682061,0.2883982713391131,0.3144204687042014,0.3479714288057987,0.3661996133818179,0.4391123516858948,0.4974987804571946,0.5690130811313826,0.6333759517381518,0.7151700563789277,0.7833318102462409,,POINT (-118.81741 34.01072)
75,75,Zuma ,1,"SandSnap, image taken by: rose.dopsovic",sandsnap,2021-06-11,Beach?Y,34.01828,-118.82663,"Sandsnap, USACE",8,"d10,d16,d25,d50,d65,d75,d84,d90",,0.3929728280884697,,MediumSand,0.5439261409780678,VeryPlatykurtic,1.1887617374782802,,0.6407869905979159,VeryWellSorted,0.2360329442990841,0.2551782688810177,0.278152658379338,0.3079301210639866,0.3241190645768167,0.388874838628137,0.4406438748152837,0.5040107203701091,0.5610408813694518,0.6336051071956592,0.6940752953841652,,POINT (-118.82663 34.01828)
76,76,,1,"SandSnap, image taken by: rose.dopsovic",sandsnap,2021-06-11,Beach?Y,34.02195,-118.83176,"Sandsnap, USACE",8,"d10,d16,d25,d50,d65,d75,d84,d90",,0.0,,Clay,,,,,,,0.0,0.0,0.0,0.0,0.0,0.0,0.0,0.0,0.0,0.0,0.0,,POINT (-118.83176 34.02195)
77,77,Santa Monica Beach House,1,"SandSnap, image taken by: rose.dopsovic",sandsnap,2021-06-11,Beach?Y,34.02625,-118.51815,"Sandsnap, USACE",8,"d10,d16,d25,d50,d65,d75,d84,d90",,0.5844941247707207,,CoarseSand,0.5439953021552418,VeryPlatykurtic,1.1890696484918657,,0.640908672752091,VeryWellSorted,0.3511144919154037,0.3796119769443508,0.4138089589790873,0.4580704369037193,0.4821270403480067,0.5783534541251562,0.6553167080703801,0.7495437021678439,0.8343479968555614,0.9422063019064896,1.0320882227822628,,POINT (-118.51815 34.02625)
78,78,Santamonica Beach House ,1,Brian McFall August 23 2021,sandsnap,2020-12-22,Beach?Y,34.02626,-118.5182,"Sandsnap, USACE",8,"d10,d16,d25,d50,d65,d75,d84,d90",,0.3077193011624037,,MediumSand,0.5711903490389856,VeryPlatykurtic,0.9702912429960856,VeryCoarseSkewed,0.72821491187484,VeryWellSorted,0.2085069939999999,0.221841034,0.237841882,0.257562742,0.2672559946,0.306029005,0.344529278,0.3738957274736842,0.400325532,0.422245233,0.4405116504999999,Coin: quarter;,POINT (-118.5182 34.02626)
79,79,Broad beach,1,"SandSnap, image taken by: rose.dopsovic",sandsnap,2021-06-11,Beach?Y,34.03479,-118.85467,"Sandsnap, USACE",8,"d10,d16,d25,d50,d65,d75,d84,d90",,0.4048890918558048,,MediumSand,0.5445731788151619,VeryPlatykurtic,1.1925304482828258,,0.6419434773551921,VeryWellSorted,0.2435011665697692,0.2633827218980276,0.2872405882919376,0.3177067180535727,0.334233174048425,0.4003389980278342,0.4534530907511103,0.518588780263905,0.5772109008254201,0.6515783607387264,0.7135512439998148,,POINT (-118.85467 34.03479)
80,80,Topanga Beach,1,"SandSnap, image taken by: rose.dopsovic",sandsnap,2021-06-11,Beach?Y,34.03785,-118.58313,"Sandsnap, USACE",8,"d10,d16,d25,d50,d65,d75,d84,d90",,0.5607096856337332,,CoarseSand,0.5440106159485215,VeryPlatykurtic,1.1891006669817696,,0.6409235808591996,VeryWellSorted,0.3368289770931665,0.3641719861955405,0.3969835971183894,0.4394391455816444,0.4625135804416082,0.5548113198814633,0.6286372613659936,0.7190282447115114,0.8003801297224773,0.9038408752714928,0.9900581632290052,,POINT (-118.58313 34.03785)
81,81,12/21/21 Topanoa,1,Brian McFall August 23 2021,sandsnap,2020-12-22,Beach?Y,34.03785,-118.5831,"Sandsnap, USACE",8,"d10,d16,d25,d50,d65,d75,d84,d90",,0.3571672946194966,,MediumSand,0.5494338268210769,VeryPlatykurtic,1.2301943613608466,,0.6030232446336928,VeryWellSorted,0.2009042208333333,0.219129575,0.241,0.27367634,0.288977821,0.350183745,0.398403693,0.4728680398421053,0.539885952,0.615338563,0.6782157388333332,Coin: quarter;,POINT (-118.5831 34.03785)
82,82,Port Hueneme #1,1,"SandSnap, image taken by: rose.dopsovic",sandsnap,2021-11-23,Beach?Y,34.14094,-119.19461,"Sandsnap, USACE",8,"d10,d16,d25,d50,d65,d75,d84,d90",,0.945839562541468,,CoarseSand,0.5434118167247386,VeryPlatykurtic,1.1867547155367062,,0.6399488795387079,VeryWellSorted,0.5676537196516477,0.6134342194068358,0.6683708191130616,0.7404490213371909,0.7796625309604567,0.9365165694535196,1.0615385971172624,1.2143192880758198,1.3518219099385216,1.52722938228187,1.6734022759013265,,POINT (-119.19461 34.14094)
83,83,Port Huneme #2,1,"SandSnap, image taken by: rose.dopsovic",sandsnap,2021-11-23,Beach?Y,34.14211,-119.19728,"Sandsnap, USACE",8,"d10,d16,d25,d50,d65,d75,d84,d90",,0.770588414088847,,CoarseSand,0.5434118167247386,VeryPlatykurtic,1.1867547155367064,,0.6399488795387078,VeryWellSorted,0.4624752409411086,0.4997732395654774,0.54453083791472,0.6032539340315964,0.6352017160743098,0.7629928442451629,0.8648499982900928,0.9893225145726748,1.1013477792269986,1.2442546434410529,1.3633436969527646,,POINT (-119.19728 34.14211)
84,84,Port Hueneme #3,1,"SandSnap, image taken by: rose.dopsovic",sandsnap,2021-11-23,Beach?Y,34.14317,-119.20049,"Sandsnap, USACE",8,"d10,d16,d25,d50,d65,d75,d84,d90",,0.734152668984288,,CoarseSand,0.5434118167247386,VeryPlatykurtic,1.1867547155367066,,0.6399488795387079,VeryWellSorted,0.4406080162488918,0.4761424529692128,0.5187837770335981,0.5747302679968725,0.6051674625172693,0.7269162405988563,0.8239572810947068,0.9425443612704434,1.0492727334286065,1.1854225299486805,1.2988806937154087,,POINT (-119.20049 34.14317)
85,85,GoDolphins23,1,"SandSnap, image taken by: rose.dopsovic",sandsnap,2021-06-11,Beach?Y,34.16025,-119.22817,"Sandsnap, USACE",8,"d10,d16,d25,d50,d65,d75,d84,d90",,0.5374697428286113,,CoarseSand,0.5440060066151966,VeryPlatykurtic,1.189140312871926,,0.6409177316099977,VeryWellSorted,0.322867625959618,0.3490763424680832,0.3805268022782414,0.4212239819738353,0.4433423426556314,0.5318157853828159,0.6025879396012087,0.689232366664454,0.7672123510213747,0.8663916659096367,0.949041094983188,,POINT (-119.22817 34.16025)
86,86,Hollywood Beach #3,1,"SandSnap, image taken by: rose.dopsovic",sandsnap,2021-11-23,Beach?Y,34.1722,-119.23532,"Sandsnap, USACE",8,"d10,d16,d25,d50,d65,d75,d84,d90",,0.6656762250479561,,CoarseSand,0.5434118167247387,VeryPlatykurtic,1.1867547155367062,,0.6399488795387079,VeryWellSorted,0.3995112915522315,0.4317313333698483,0.4703953835509885,0.5211235910240165,0.5487218244778564,0.659114758293216,0.7471045133415438,0.8546306495334332,0.9514041721061336,1.0748549016579592,1.1777305096178137,,POINT (-119.23532 34.1722)
87,87,Hollywood Beach #2,1,"SandSnap, image taken by: rose.dopsovic",sandsnap,2021-11-23,Beach?Y,34.1739,-119.23637,"Sandsnap, USACE",8,"d10,d16,d25,d50,d65,d75,d84,d90",,0.6749607602741289,,CoarseSand,0.5434118167247387,VeryPlatykurtic,1.1867547155367058,,0.6399488795387079,VeryWellSorted,0.4050834849400955,0.4377529165691374,0.4769562345239876,0.528391974895926,0.5563751353774119,0.6683077773033556,0.7575247715853358,0.8665506311587173,0.9646739047747608,1.0898464663585747,1.1941569343450862,,POINT (-119.23637 34.1739)
88,88,Hollywood Beach #1,1,"SandSnap, image taken by: rose.dopsovic",sandsnap,2021-11-23,Beach?Y,34.17564,-119.2374,"Sandsnap, USACE",8,"d10,d16,d25,d50,d65,d75,d84,d90",,0.6313522179856281,,CoarseSand,0.5434118167247386,VeryPlatykurtic,1.1867547155367073,,0.6399488795387079,VeryWellSorted,0.3789114445444304,0.4094701367429937,0.4461405673812698,0.4942530958108738,0.5204282921720053,0.6251290776165311,0.7085818507808002,0.8105636581846675,0.902347284848148,1.0194325719317812,1.1170036445014753,,POINT (-119.2374 34.17564)
89,89,,1,"SandSnap, image taken by: rose.dopsovic",sandsnap,2021-06-11,Beach?Y,34.22939,-119.20653,"Sandsnap, USACE",8,"d10,d16,d25,d50,d65,d75,d84,d90",,0.5723530268167764,,CoarseSand,0.5455423294416408,VeryPlatykurtic,1.204031894089114,,0.6443917224162936,VeryWellSorted,0.3453581103070336,0.3738177318463835,0.4079692776936033,0.4503995430132599,0.4732964187337342,0.5648839216156315,0.6394927319875435,0.7311225541541349,0.813589394104067,0.917649393565446,1.0043660597832615,,POINT (-119.20653 34.22939)
90,90,Santa Barbara,1,,mcfall_via_weigl,,,34.4153,-119.677,"Mcfall, USACE",0,,,0.288,,MediumSand,,,,,,,,,,,,,,,,,,,POINT (-119.677 34.4153)
91,91,Santa Barbara,1,,mcfall_via_weigl,,,34.4153,-119.677,"Mcfall, USACE",0,,,0.288,,MediumSand,,,,,,,,,,,,,,,,,,,POINT (-119.677 34.4153)
92,92,Morro Bay #6,1,"SandSnap, image taken by: rose.dopsovic",sandsnap,2021-11-23,Beach?Y,35.40728,-120.87241,"Sandsnap, USACE",8,"d10,d16,d25,d50,d65,d75,d84,d90",,0.8304943217585132,,CoarseSand,0.5434118167247386,VeryPlatykurtic,1.1867547155367062,,0.6399488795387079,VeryWellSorted,0.4984282848446864,0.5386258475177785,0.5868629227254891,0.6501511801006153,0.6845825978252437,0.8223082687237571,0.9320838460854006,1.0662329146383047,1.1869670763359184,1.340983587744826,1.469330680585582,,POINT (-120.87241 35.40728)
93,93,Morro Bay #5,1,"SandSnap, image taken by: rose.dopsovic",sandsnap,2021-11-23,Beach?Y,35.40905,-120.87278,"Sandsnap, USACE",8,"d10,d16,d25,d50,d65,d75,d84,d90",,1.003148972879018,,VeryCoarseSand,0.5434118167247386,VeryPlatykurtic,1.1867547155367062,,0.6399488795387079,VeryWellSorted,0.6020484534284203,0.6506028416418987,0.7088681074980729,0.7853136035331697,0.8269031008004041,0.9932610898693416,1.1258583332127516,1.2878961663511854,1.433730216175776,1.619765811096051,1.7747954735296123,,POINT (-120.87278 35.40905)
94,94,Morro Bay #4,1,"SandSnap, image taken by: rose.dopsovic",sandsnap,2021-11-23,Beach?Y,35.41069,-120.87322,"Sandsnap, USACE",8,"d10,d16,d25,d50,d65,d75,d84,d90",,0.9352714059122552,,CoarseSand,0.5434118167247386,VeryPlatykurtic,1.1867547155367062,,0.6399488795387078,VeryWellSorted,0.5613111498776423,0.6065801300145598,0.6609029061788608,0.7321757564587239,0.7709511214662513,0.9260525814963612,1.0496776995543118,1.2007513248159865,1.3367175875514934,1.5101651782034078,1.6547048370800028,,POINT (-120.87322 35.41069)
95,95,Morro Bay #3,1,"SandSnap, image taken by: rose.dopsovic",sandsnap,2021-11-23,Beach?Y,35.41212,-120.87387,"Sandsnap, USACE",8,"d10,d16,d25,d50,d65,d75,d84,d90",,0.9635065100119808,,CoarseSand,0.5434118167247385,VeryPlatykurtic,1.1867547155367066,,0.6399488795387079,VeryWellSorted,0.5782566895883036,0.6248923044352895,0.6808550422516727,0.7542795635164657,0.7942255261286795,0.9540093765775342,1.081366639182663,1.2370010577167734,1.3770720343974727,1.5557558706428538,1.7046590675140043,,POINT (-120.87387 35.41212)
96,96,Morro Bay #2,1,"SandSnap, image taken by: rose.dopsovic",sandsnap,2021-11-23,Beach?Y,35.41346,-120.87459,"Sandsnap, USACE",8,"d10,d16,d25,d50,d65,d75,d84,d90",,0.8437546738323083,,CoarseSand,0.5434118167247386,VeryPlatykurtic,1.1867547155367064,,0.6399488795387078,VeryWellSorted,0.5063865987878612,0.54722598864699,0.5962332564779446,0.6605320259697028,0.6955132038907185,0.835437915574781,0.9469662596523212,1.0832572620303915,1.2059191641706553,1.3623948292582242,1.492791216831198,,POINT (-120.87459 35.41346)
97,97,Morro Bay #1,1,"SandSnap, image taken by: rose.dopsovic",sandsnap,2021-11-23,Beach?Y,35.41492,-120.87539,"Sandsnap, USACE",8,"d10,d16,d25,d50,d65,d75,d84,d90",,0.99780626720626,,CoarseSand,0.5434118167247386,VeryPlatykurtic,1.186754715536706,,0.6399488795387079,VeryWellSorted,0.5988419828299649,0.647137773554577,0.7050927224241116,0.7811310747583566,0.822499069089353,0.9879710464133384,1.1198620855305013,1.281036915791281,1.4260942630259832,1.6111390445624163,1.7653430291761103,,POINT (-120.87539 35.41492)
98,98,Estero Bay,1,,mcfall_via_weigl,,,35.4473,-120.946,"Mcfall, USACE",0,,,0.232,,FineSand,,,,,,,,,,,,,,,,,,,POINT (-120.946 35.4473)
99,99,Raft R,1,,mcfall_via_weigl,,,36.114,-121.632,"Mcfall, USACE",0,,,0.319,,MediumSand,,,,,,,,,,,,,,,,,,(Wrong lat long - just picked an exposed beach),POINT (-121.632 36.114)
100,100,Sand Lake,1,,mcfall_via_weigl,,,36.114,-121.632,"Mcfall, USACE",0,,,0.271,,MediumSand,,,,,,,,,,,,,,,,,,(Wrong lat long - just picked an exposed beach),POINT (-121.632 36.114)
101,101,Kincheloe,1,,mcfall_via_weigl,,,36.114,-121.632,"Mcfall, USACE",0,,,0.282,,MediumSand,,,,,,,,,,,,,,,,,,(Wrong lat long - just picked an exposed beach),POINT (-121.632 36.114)
102,128,"South Beach, Moss Landing, CA",1,,mcfall_via_weigl,,,36.803,-121.789,"Mcfall, USACE",0,,,0.301,,MediumSand,,,,,,,,,,,,,,,,,,,POINT (-121.789 36.803)
103,129,"South Beach, Moss Landing, CA",1,,mcfall_via_weigl,,,36.803,-121.789,"Mcfall, USACE",0,,,0.248,,FineSand,,,,,,,,,,,,,,,,,,,POINT (-121.789 36.803)
104,106,Carmel R.,1,,mcfall_via_weigl,,,36.538,-121.9289,"Mcfall, USACE",0,,,0.562,,CoarseSand,,,,,,,,,,,,,,,,,,,POINT (-121.9289 36.538)
105,105,Carmel R.,1,,mcfall_via_weigl,,,36.538,-121.9289,"Mcfall, USACE",0,,,0.562,,CoarseSand,,,,,,,,,,,,,,,,,,,POINT (-121.9289 36.538)
106,104,Carmel R.,1,,mcfall_via_weigl,,,36.538,-121.9289,"Mcfall, USACE",0,,,0.562,,CoarseSand,,,,,,,,,,,,,,,,,,,POINT (-121.9289 36.538)
107,103,Carmel R.,1,,mcfall_via_weigl,,,36.538,-121.9289,"Mcfall, USACE",0,,,0.562,,CoarseSand,,,,,,,,,,,,,,,,,,,POINT (-121.9289 36.538)
108,102,Carmel R.,1,,mcfall_via_weigl,,,36.538,-121.9289,"Mcfall, USACE",0,,,0.562,,CoarseSand,,,,,,,,,,,,,,,,,,,POINT (-121.9289 36.538)
109,108,Carmel,1,,mcfall_via_weigl,,,36.5525,-121.93,"Mcfall, USACE",0,,,0.348,,MediumSand,,,,,,,,,,,,,,,,,,,POINT (-121.93 36.5525)
110,107,Carmel,1,,mcfall_via_weigl,,,36.5525,-121.93,"Mcfall, USACE",0,,,0.357,,MediumSand,,,,,,,,,,,,,,,,,,,POINT (-121.93 36.5525)
111,110,Tank Farm Beach,1,,mcfall_via_weigl,,,36.6013,-121.888,"Mcfall, USACE",0,,,0.545,,CoarseSand,,,,,,,,,,,,,,,,,,,POINT (-121.888 36.6013)
112,109,Tank Farm Beach,1,,mcfall_via_weigl,,,36.6013,-121.888,"Mcfall, USACE",0,,,0.448,,MediumSand,,,,,,,,,,,,,,,,,,,POINT (-121.888 36.6013)
113,111,Tank Farm Beach,1,,mcfall_via_weigl,,,36.6013,-121.888,"Mcfall, USACE",0,,,0.501,,CoarseSand,,,,,,,,,,,,,,,,,,,POINT (-121.888 36.6013)
114,112,Monterey,1,,mcfall_via_weigl,,,36.602,-121.876,"Mcfall, USACE",0,,,0.227,,FineSand,,,,,,,,,,,,,,,,,,,POINT (-121.876 36.602)
115,113,Spanish Bay,1,,mcfall_via_weigl,,,36.6104,-121.9475,"Mcfall, USACE",0,,,0.351,,MediumSand,,,,,,,,,,,,,,,,,,,POINT (-121.9475 36.6104)
116,114,,1,,mcfall_via_weigl,,,36.6426,-121.833,"Mcfall, USACE",0,,,0.603,,CoarseSand,,,,,,,,,,,,,,,,,,,POINT (-121.833 36.6426)
117,118,"Fort Ord, landing barge",1,,mcfall_via_weigl,,,36.6426,-121.833,"Mcfall, USACE",0,,,0.534,,CoarseSand,,,,,,,,,,,,,,,,,,,POINT (-121.833 36.6426)
118,117,"Fort Ord, landing barge",1,,mcfall_via_weigl,,,36.6426,-121.833,"Mcfall, USACE",0,,,0.522,,CoarseSand,,,,,,,,,,,,,,,,,,,POINT (-121.833 36.6426)
119,116,Soldier's Club Beach,1,,mcfall_via_weigl,,,36.6426,-121.833,"Mcfall, USACE",0,,,0.73,,CoarseSand,,,,,,,,,,,,,,,,,,,POINT (-121.833 36.6426)
120,115,Fort Ord. Conc. Block,1,,mcfall_via_weigl,,,36.6426,-121.833,"Mcfall, USACE",0,,,0.711,,CoarseSand,,,,,,,,,,,,,,,,,,,POINT (-121.833 36.6426)
121,120,,1,,mcfall_via_weigl,,,36.6426,-121.833,"Mcfall, USACE",0,,,0.623,,CoarseSand,,,,,,,,,,,,,,,,,,,POINT (-121.833 36.6426)
122,121,,1,,mcfall_via_weigl,,,36.6426,-121.833,"Mcfall, USACE",0,,,0.654,,CoarseSand,,,,,,,,,,,,,,,,,,,POINT (-121.833 36.6426)
123,119,"Fort Ord, Soldier's Club Beach",1,,mcfall_via_weigl,,,36.6426,-121.833,"Mcfall, USACE",0,,,0.611,,CoarseSand,,,,,,,,,,,,,,,,,,,POINT (-121.833 36.6426)
124,122,Marina S B #6,1,"SandSnap, image taken by: rose.dopsovic",sandsnap,2021-09-15,Beach?Y,36.69265,-121.81179,"Sandsnap, USACE",8,"d10,d16,d25,d50,d65,d75,d84,d90",,0.6393236520685482,,CoarseSand,0.5442323954605428,VeryPlatykurtic,1.190384254890033,,0.6413105705378365,VeryWellSorted,0.3842127256864281,0.4154757686950873,0.4529914203054783,0.5012801276970563,0.5275075926089308,0.6324174522564284,0.7164869528156113,0.8194699687445752,0.9121546830806428,1.029903419897503,1.1280273672448862,,POINT (-121.81179 36.69265)
125,123,Marina S B #5,1,"SandSnap, image taken by: rose.dopsovic",sandsnap,2021-09-15,Beach?Y,36.69386,-121.81142,"Sandsnap, USACE",8,"d10,d16,d25,d50,d65,d75,d84,d90",,0.6490406425036039,,CoarseSand,0.544306280669634,VeryPlatykurtic,1.1907475001860306,,0.6414489695299642,VeryWellSorted,0.3901111321172003,0.4218782648765157,0.4599988241876942,0.5089792969957094,0.5355781975642709,0.6419737998385171,0.7272672139490284,0.8317856166314692,0.925852179045666,1.0453147043679756,1.1448668088032334,,POINT (-121.81142 36.69386)
126,124,Marina S B #4,1,"SandSnap, image taken by: rose.dopsovic",sandsnap,2021-09-15,Beach?Y,36.695,-121.81105,"Sandsnap, USACE",8,"d10,d16,d25,d50,d65,d75,d84,d90",,0.7222875766520234,,CoarseSand,0.5449104854339695,VeryPlatykurtic,1.194978428131778,,0.6426090053003021,VeryWellSorted,0.4347210718229131,0.4703385191288694,0.513079455896017,0.5671980352509083,0.5965227448228787,0.7138215831107604,0.8083700429635277,0.9244172035618414,1.0288596481003238,1.1611060777395557,1.2713114357722486,,POINT (-121.81105 36.695)
127,125,Marina S B #3,1,"SandSnap, image taken by: rose.dopsovic",sandsnap,2021-09-15,Beach?Y,36.69613,-121.81068,"Sandsnap, USACE",8,"d10,d16,d25,d50,d65,d75,d84,d90",,0.6670786222432326,,CoarseSand,0.5445755592246371,VeryPlatykurtic,1.1922861657589652,,0.6419102059784179,VeryWellSorted,0.4011516989541595,0.4339094552844774,0.4732187628808588,0.523416491827518,0.5506519066412694,0.6595935658962747,0.747109611535083,0.8544343868630437,0.9510266846582084,1.073552505771826,1.1756573566998405,,POINT (-121.81068 36.69613)
128,126,Marina S B #2,1,"SandSnap, image taken by: rose.dopsovic",sandsnap,2021-09-15,Beach?Y,36.69763,-121.81051,"Sandsnap, USACE",8,"d10,d16,d25,d50,d65,d75,d84,d90",,0.6194888179123069,,CoarseSand,0.5445859693420593,VeryPlatykurtic,1.1924604560856698,,0.6419578354743278,VeryWellSorted,0.3725616467983826,0.402985445349208,0.4394940036101985,0.4861006100972864,0.5113849969316187,0.6125225442689473,0.6937821129951739,0.7934396927510737,0.8831315145313836,0.9968911922286798,1.0916909236430932,,POINT (-121.81051 36.69763)
129,127,Marina S B #1,1,"SandSnap, image taken by: rose.dopsovic",sandsnap,2021-09-15,Beach?Y,36.69874,-121.80991,"Sandsnap, USACE",8,"d10,d16,d25,d50,d65,d75,d84,d90",,0.6190731794468582,,CoarseSand,0.5447154684075223,VeryPlatykurtic,1.1933121893378589,,0.6421817953116316,VeryWellSorted,0.3724030887219971,0.4028554320500158,0.4393982440436383,0.4859074851939634,0.5111270354029397,0.612005236238845,0.6931534131554711,0.7927002208395159,0.8822923477551562,0.9958621428760588,1.0905036388101443,,POINT (-121.80991 36.69874)
130,130,Seabright,1,,mcfall_via_weigl,,,36.9625,-122.007,"Mcfall, USACE",0,,,0.387,,MediumSand,,,,,,,,,,,,,,,,,,,POINT (-122.007 36.9625)
131,131,,1,"SandSnap, image taken by: ",sandsnap,2021-10-08,Beach?Y,36.96412,-122.01246,"Sandsnap, USACE",8,"d10,d16,d25,d50,d65,d75,d84,d90",,0.992631824843482,,CoarseSand,0.5455052935901339,VeryPlatykurtic,1.2033479769752795,,0.6442656244181495,VeryWellSorted,0.5988307258969823,0.6481712751084626,0.7073799341622391,0.7810047648356002,0.8207569139666847,0.9797655104910226,1.10918863268159,1.268143922594866,1.411203683516814,1.5917673970403687,1.7422371583099974,,POINT (-122.01246 36.96412)
132,132,Halfmoon Bay,1,,mcfall_via_weigl,,,37.4543,-122.4456,"Mcfall, USACE",0,,,0.654,,CoarseSand,,,,,,,,,,,,,,,,,,,POINT (-122.4456 37.4543)
133,133,Halfmoon Bay,1,,mcfall_via_weigl,,,37.4847,-122.4539,"Mcfall, USACE",0,,,0.394,,MediumSand,,,,,,,,,,,,,,,,,,,POINT (-122.4539 37.4847)
134,134,Halfmoon Bay,1,,mcfall_via_weigl,,,37.5,-122.4689,"Mcfall, USACE",0,,,0.197,,FineSand,,,,,,,,,,,,,,,,,,,POINT (-122.4689 37.5)
135,135,Halfmoon Bay,1,,mcfall_via_weigl,,,37.5023,-122.4918,"Mcfall, USACE",0,,,0.168,,FineSand,,,,,,,,,,,,,,,,,,,POINT (-122.4918 37.5023)
136,136,Ocean Beach #6,1,"SandSnap, image taken by: rose.dopsovic",sandsnap,2021-09-15,Beach?Y,37.75723,-122.51164,"Sandsnap, USACE",8,"d10,d16,d25,d50,d65,d75,d84,d90",,0.6524622012135282,,CoarseSand,0.543830427203742,VeryPlatykurtic,1.188287278809842,,0.6406210386032124,VeryWellSorted,0.3918262930350895,0.42357288982067,0.4616688059633667,0.5111665678701978,0.5380797179516202,0.6457323182773104,0.7317444885084763,0.8369920463945547,0.9317148484920252,1.0522811706501394,1.152753105781901,,POINT (-122.51164 37.75723)
137,137,Ocean Beach #5,1,"SandSnap, image taken by: rose.dopsovic",sandsnap,2021-09-15,Beach?Y,37.76002,-122.51194,"Sandsnap, USACE",8,"d10,d16,d25,d50,d65,d75,d84,d90",,0.6836515479925062,,CoarseSand,0.5441951357073284,VeryPlatykurtic,1.1900832953437015,,0.641247442613487,VeryWellSorted,0.4108211180476067,0.4442373444683881,0.4843368161733258,0.535990958353326,0.5640533420191176,0.676302876682284,0.7662136041514053,0.8763506414852109,0.975473975085636,1.1014194470351688,1.2063740069931126,,POINT (-122.51194 37.76002)
138,144,,1,"SandSnap, image taken by: ",sandsnap,2021-10-16,Beach?Y,37.82692,-122.49009,"Sandsnap, USACE",8,"d10,d16,d25,d50,d65,d75,d84,d90",,0.7701251268004751,,CoarseSand,0.5436967268901024,VeryPlatykurtic,1.1875947049495206,,0.64040094164324,VeryWellSorted,0.4623794978737083,0.4997913005388746,0.5446854637370743,0.6031852936490044,0.6350089092417679,0.7623033716128218,0.8639054506656739,0.9881891609601826,1.1000445002252404,1.242500327194729,1.361213516335969,,POINT (-122.49009 37.82692)
139,138,Ocean Beach #4,1,"SandSnap, image taken by: rose.dopsovic",sandsnap,2021-09-15,Beach?Y,37.76264,-122.51249,"Sandsnap, USACE",8,"d10,d16,d25,d50,d65,d75,d84,d90",,0.7432027177646504,,CoarseSand,0.543939137619592,VeryPlatykurtic,1.1887334688720443,,0.6407991110633872,VeryWellSorted,0.4463952526653086,0.4826073395591113,0.5260618438316744,0.5823754647411081,0.6129898655258261,0.7354474686646981,0.8333511574389044,0.9531895126136756,1.0610440322709698,1.198261259235829,1.3126089483732115,,POINT (-122.51249 37.76264)
140,139,Ocean Beach #3,1,"SandSnap, image taken by: rose.dopsovic",sandsnap,2021-09-15,Beach?Y,37.76521,-122.51273,"Sandsnap, USACE",8,"d10,d16,d25,d50,d65,d75,d84,d90",,0.6312182265938151,,CoarseSand,0.5438615435412907,VeryPlatykurtic,1.1884500586661635,,0.6406733211496702,VeryWellSorted,0.3790890891500832,0.4098141368950888,0.4466841941890955,0.4945543845217599,0.5205803579918484,0.6246842518722026,0.707879948865364,0.8096887994800828,0.9013167650333296,1.0179314701992472,1.115110391170845,,POINT (-122.51273 37.76521)
141,140,Ocean Beach #2,1,"SandSnap, image taken by: rose.dopsovic",sandsnap,2021-09-15,Beach?Y,37.76757,-122.51301,"Sandsnap, USACE",8,"d10,d16,d25,d50,d65,d75,d84,d90",,0.6683751468431537,,CoarseSand,0.5439301713537235,VeryPlatykurtic,1.1886938607836837,,0.6407766639702792,VeryWellSorted,0.4014403282653533,0.4340029737644849,0.4730781483634427,0.5237289148342668,0.5512647663558568,0.6614081724422167,0.7494624067894643,0.8572410299423928,0.9542417907800284,1.077659385215492,1.180507380578378,,POINT (-122.51301 37.76757)
142,141,Ocean Beach #1,1,"SandSnap, image taken by: rose.dopsovic",sandsnap,2021-09-15,Beach?Y,37.76993,-122.51331,"Sandsnap, USACE",8,"d10,d16,d25,d50,d65,d75,d84,d90",,0.6282843036407444,,CoarseSand,0.5436968106396938,VeryPlatykurtic,1.1877214968988294,,0.6404169684727037,VeryWellSorted,0.3772330748540598,0.407753966188642,0.4443790357901406,0.4921037897322277,0.5180626001502181,0.62189784182218,0.7047791361199405,0.8061693621928707,0.8974205656585079,1.0136421179840545,1.1104934115886764,,POINT (-122.51331 37.76993)
143,142,Manzanita,1,,mcfall_via_weigl,,,37.8266,-122.549,"Mcfall, USACE",0,,,0.233,,FineSand,,,,,,,,,,,,,,,,,,(Approx lat long),POINT (-122.549 37.8266)
144,143,Solando,1,,mcfall_via_weigl,,,37.8266,-122.549,"Mcfall, USACE",0,,,0.187,,FineSand,,,,,,,,,,,,,,,,,,(Approx lat long),POINT (-122.549 37.8266)
145,145,Muir #3,1,"SandSnap, image taken by: rose.dopsovic",sandsnap,2021-09-15,Beach?Y,37.85891,-122.57524,"Sandsnap, USACE",8,"d10,d16,d25,d50,d65,d75,d84,d90",,0.9092373073112904,,CoarseSand,0.5438863054746215,VeryPlatykurtic,1.1885114716338454,,0.6407210336716677,VeryWellSorted,0.5460845052744673,0.5903559763784385,0.6434817417032039,0.7124147309795886,0.7498924683514678,0.8998034178389848,1.0196123974620914,1.166247315163223,1.2982187410942416,1.4661533700184088,1.6060988941218812,,POINT (-122.57524 37.85891)
146,146,Muir #3,1,"SandSnap, image taken by: rose.dopsovic",sandsnap,2021-09-09,Beach?Y,37.85891,-122.5752,"Sandsnap, USACE",8,"d10,d16,d25,d50,d65,d75,d84,d90",,0.9126914959585388,,CoarseSand,0.543886695000586,VeryPlatykurtic,1.1885230111457357,,0.6407232233667984,VeryWellSorted,0.5481617743758002,0.592601143090628,0.6459283855484212,0.7151236676707439,0.7527431109298243,0.9032208839661456,1.0234844801730172,1.1706756947693606,1.3031477879060696,1.4717190230962245,1.6121950524213529,,POINT (-122.5752 37.85891)
147,147,Muir #2,1,"SandSnap, image taken by: rose.dopsovic",sandsnap,2021-09-15,Beach?Y,37.8594,-122.57652,"Sandsnap, USACE",8,"d10,d16,d25,d50,d65,d75,d84,d90",,0.9931916930162596,,CoarseSand,0.5436017772455327,VeryPlatykurtic,1.1871912657317372,,0.6402463474986145,VeryWellSorted,0.596220253910505,0.6444087332693565,0.7022349084999784,0.7777597360964887,0.8188500200061875,0.9832111556449824,1.1143218648164888,1.274657502388499,1.4189595762033085,1.6028134078587444,1.756024934238274,,POINT (-122.57652 37.8594)
148,148,Muir #2,1,"SandSnap, image taken by: rose.dopsovic",sandsnap,2021-09-09,Beach?Y,37.85941,-122.5765,"Sandsnap, USACE",8,"d10,d16,d25,d50,d65,d75,d84,d90",,0.9973766032296012,,CoarseSand,0.5435951041217119,VeryPlatykurtic,1.1871554853218866,,0.6402340570663916,VeryWellSorted,0.5987253736416933,0.6471121595932158,0.7051763027350427,0.781026722248841,0.8222939370987414,0.9873627964983432,1.1190327806145708,1.2800477739969556,1.4249612680411017,1.6096005053811977,1.763466536497944,,POINT (-122.5765 37.85941)
149,149,Muir #1,1,"SandSnap, image taken by: rose.dopsovic",sandsnap,2021-09-15,Beach?Y,37.85978,-122.57791,"Sandsnap, USACE",8,"d10,d16,d25,d50,d65,d75,d84,d90",,0.8914491378161224,,CoarseSand,0.5434280642031468,VeryPlatykurtic,1.1862789770141344,,0.6399484821925234,VeryWellSorted,0.5349745143681204,0.5781341456850073,0.6299257032652716,0.6978370951710219,0.734805423556564,0.8826787370987321,1.0004826010198429,1.144482799221783,1.2740829776035292,1.439336118949347,1.5770470700708614,,POINT (-122.57791 37.85978)
150,150,Muir #1,1,"SandSnap, image taken by: rose.dopsovic",sandsnap,2021-09-09,Beach?Y,37.85978,-122.5779,"Sandsnap, USACE",8,"d10,d16,d25,d50,d65,d75,d84,d90",,0.8811539922878738,,CoarseSand,0.5434277522309878,VeryPlatykurtic,1.1862745421414902,,0.6399463220477326,VeryWellSorted,0.5287955313105666,0.5714559350159776,0.6226484194624708,0.6897780607025459,0.7263198027210472,0.8724867707950525,0.9889293798302872,1.1312670909288822,1.2593710309176176,1.4227201620851195,1.5588444380580375,,POINT (-122.5779 37.85978)
151,151,Stinson #1,1,"SandSnap, image taken by: rose.dopsovic",sandsnap,2021-09-15,Beach?Y,37.89778,-122.64376,"Sandsnap, USACE",8,"d10,d16,d25,d50,d65,d75,d84,d90",,0.860754282401602,,CoarseSand,0.5445066513078415,VeryPlatykurtic,1.1918498058122362,,0.6418026065605029,VeryWellSorted,0.5175588334435672,0.5597932505268269,0.6104745510267386,0.6752858064450155,0.710462663046393,0.8511700894519038,0.9641292003190106,1.102644496496772,1.2273082630567569,1.385478460632525,1.5172869586123314,,POINT (-122.64376 37.89778)
152,152,Stinson #1,1,"SandSnap, image taken by: rose.dopsovic",sandsnap,2021-09-09,Beach?Y,37.89778,-122.6438,"Sandsnap, USACE",8,"d10,d16,d25,d50,d65,d75,d84,d90",,0.8119613489804134,,CoarseSand,0.544354252928086,VeryPlatykurtic,1.1909711937360274,,0.6415283165529106,VeryWellSorted,0.4880746504157437,0.5278394848183182,0.5755572861014076,0.636800948905685,0.6700558375079616,0.8030753919170684,0.9097478708073624,1.0404807574026034,1.1581403553383205,1.307531424121696,1.4320239814411757,,POINT (-122.6438 37.89778)
153,153,Stinson #2,1,"SandSnap, image taken by: rose.dopsovic",sandsnap,2021-09-09,Beach?Y,37.89893,-122.6461,"Sandsnap, USACE",8,"d10,d16,d25,d50,d65,d75,d84,d90",,0.7206643630866924,,CoarseSand,0.5442100378330932,VeryPlatykurtic,1.1902051639146571,,0.6412933421955439,VeryWellSorted,0.4330913364115182,0.4683218064412948,0.5105983704770268,0.565037685542553,0.5946105617638058,0.7129020666488171,0.8076608077716,0.9237493218190892,1.0282289844618298,1.160963451429339,1.2715755072355963,,POINT (-122.6461 37.89893)
154,154,Stinson #2,1,"SandSnap, image taken by: rose.dopsovic",sandsnap,2021-09-15,Beach?Y,37.89893,-122.64609,"Sandsnap, USACE",8,"d10,d16,d25,d50,d65,d75,d84,d90",,0.6963214496607333,,CoarseSand,0.5442747225889799,VeryPlatykurtic,1.1905558217328602,,0.6413997888348032,VeryWellSorted,0.4185066416227611,0.4525763059489161,0.4934599031403022,0.546021579494648,0.5745707484377067,0.6887674242099416,0.780283975908211,0.8924270662823516,0.993355847619078,1.1215529746737112,1.2283839138859052,,POINT (-122.64609 37.89893)
155,155,Stinson #3,1,"SandSnap, image taken by: rose.dopsovic",sandsnap,2021-09-15,Beach?Y,37.9002,-122.64863,"Sandsnap, USACE",8,"d10,d16,d25,d50,d65,d75,d84,d90",,0.8132903486605261,,CoarseSand,0.5442212042920451,VeryPlatykurtic,1.1902084252031155,,0.6412967593439115,VeryWellSorted,0.4887507352192757,0.5285156135260262,0.5762334674941266,0.6376649353115812,0.6710365992192032,0.8045232548496911,0.9114614143158952,1.042470550056238,1.1603787722225465,1.3101686448118006,1.4349935386361787,,POINT (-122.64863 37.9002)
156,156,Stinson #3,1,"SandSnap, image taken by: rose.dopsovic",sandsnap,2021-09-09,Beach?Y,37.9002,-122.6486,"Sandsnap, USACE",8,"d10,d16,d25,d50,d65,d75,d84,d90",,0.8119869264172784,,CoarseSand,0.5442508865224066,VeryPlatykurtic,1.1903582837887048,,0.6413485184382939,VeryWellSorted,0.4879940926073372,0.527709741536849,0.5753685202522631,0.636681591814615,0.6699863564845536,0.8032054151643079,0.9099505157042508,1.040735635237963,1.158442242818304,1.307955751281363,1.4325503416672456,,POINT (-122.6486 37.9002)
157,157,Stinson #4,1,"SandSnap, image taken by: rose.dopsovic",sandsnap,2021-09-15,Beach?Y,37.9015,-122.65135,"Sandsnap, USACE",8,"d10,d16,d25,d50,d65,d75,d84,d90",,0.7409445452571457,,CoarseSand,0.5449159334217419,VeryPlatykurtic,1.1951095912967666,,0.6426254346845085,VeryWellSorted,0.4459615625791888,0.4825024922413293,0.5263516078358979,0.5818620572962449,0.6119392686258004,0.7322481139440226,0.8292355517419994,0.9482769030538688,1.0554141192345512,1.1910739766016745,1.3041238577409435,,POINT (-122.65135 37.9015)
158,158,Stinson #4,1,"SandSnap, image taken by: rose.dopsovic",sandsnap,2021-09-09,Beach?Y,37.9015,-122.6513,"Sandsnap, USACE",8,"d10,d16,d25,d50,d65,d75,d84,d90",,0.7556325981508232,,CoarseSand,0.5449159334217418,VeryPlatykurtic,1.1951095912967673,,0.6426254346845084,VeryWellSorted,0.4548020447200445,0.4920673404782676,0.5367856953881354,0.5933965516509138,0.6240699960909372,0.7467637738510305,0.845673834098309,0.967074991789476,1.0763360337115262,1.2146851330378647,1.3299760491431467,,POINT (-122.6513 37.9015)
159,159,Stinson #5,1,"SandSnap, image taken by: rose.dopsovic",sandsnap,2021-09-09,Beach?Y,37.90281,-122.6543,"Sandsnap, USACE",8,"d10,d16,d25,d50,d65,d75,d84,d90",,0.7671983373353571,,CoarseSand,0.5449159334217419,VeryPlatykurtic,1.1951095912967664,,0.6426254346845085,VeryWellSorted,0.4617632608490167,0.4995989405377755,0.545001756164286,0.6024791001886443,0.6336220334505538,0.7581937664981918,0.8586177476143502,0.98187707570472,1.0928104709860529,1.2332771465037031,1.3503327094350783,,POINT (-122.6543 37.90281)
160,160,Stinson #5,1,"SandSnap, image taken by: rose.dopsovic",sandsnap,2021-09-15,Beach?Y,37.90281,-122.65425,"Sandsnap, USACE",8,"d10,d16,d25,d50,d65,d75,d84,d90",,0.7736663309497714,,CoarseSand,0.5449159334217419,VeryPlatykurtic,1.1951095912967669,,0.6426254346845085,VeryWellSorted,0.4656562330795302,0.5038108927799948,0.5495964844205523,0.6075584007856356,0.6389638897436012,0.7645858455754636,0.8658564678233656,0.9901549542489508,1.1020235920319776,1.243674495298924,1.3617169146880457,,POINT (-122.65425 37.90281)
161,161,Stinson #6,1,"SandSnap, image taken by: rose.dopsovic",sandsnap,2021-09-15,Beach?Y,37.90371,-122.65658,"Sandsnap, USACE",8,"d10,d16,d25,d50,d65,d75,d84,d90",,0.936885919563267,,CoarseSand,0.543263303036352,VeryPlatykurtic,1.1855344520878317,,0.639661494314377,VeryWellSorted,0.5620745368251469,0.60734179030435,0.6616624944793937,0.7331620877757702,0.7720989959768884,0.9278466287813608,1.0517993656479496,1.203228391582313,1.33951451492324,1.513437228423686,1.6583728230073906,,POINT (-122.65658 37.90371)
162,162,Stinson #6,1,"SandSnap, image taken by: rose.dopsovic",sandsnap,2021-09-09,Beach?Y,37.90371,-122.6566,"Sandsnap, USACE",8,"d10,d16,d25,d50,d65,d75,d84,d90",,0.9240201343797596,,CoarseSand,0.5432435854041372,VeryPlatykurtic,1.1854587207904177,,0.6396317456655296,VeryWellSorted,0.5543404638175623,0.5989756074959913,0.6525377799101062,0.7230685188881586,0.7614798836765853,0.9151253428302922,1.0373897789455917,1.1867467599236416,1.3211680428038866,1.4927319299715176,1.6357018359445432,,POINT (-122.6566 37.90371)
163,163,Pt Reyes,1,,mcfall_via_weigl,,,38.0197,-123.006,"Mcfall, USACE",0,,,0.773,,CoarseSand,,,,,,,,,,,,,,,,,,,POINT (-123.006 38.0197)
164,164,Pt Reyes,1,,mcfall_via_weigl,,,38.0197,-123.006,"Mcfall, USACE",0,,,0.817,,CoarseSand,,,,,,,,,,,,,,,,,,,POINT (-123.006 38.0197)
165,165,Pt Reyes,1,,mcfall_via_weigl,,,38.0197,-123.006,"Mcfall, USACE",0,,,0.807,,CoarseSand,,,,,,,,,,,,,,,,,,,POINT (-123.006 38.0197)
166,166,Bodega #6,1,"SandSnap, image taken by: rose.dopsovic",sandsnap,2021-06-11,Beach?Y,38.33312,-123.06912,"Sandsnap, USACE",8,"d10,d16,d25,d50,d65,d75,d84,d90",,0.8592324388293101,,CoarseSand,0.5438409482677357,VeryPlatykurtic,1.188344420161401,,0.6406397850914918,VeryWellSorted,0.5160082495133074,0.5578221281612977,0.6079987825388862,0.6731729910418931,0.7086100512229366,0.8503582919471109,0.9636215726104164,1.1022161785039413,1.2269513238081136,1.3857139674031542,1.5180161703990211,,POINT (-123.06912 38.33312)
167,167,Bodega #5,1,"SandSnap, image taken by: rose.dopsovic",sandsnap,2021-06-11,Beach?Y,38.33463,-123.06873,"Sandsnap, USACE",8,"d10,d16,d25,d50,d65,d75,d84,d90",,0.8895594597898953,,CoarseSand,0.5435554721089902,VeryPlatykurtic,1.1868913647464758,,0.6401510654172927,VeryWellSorted,0.5339477673912558,0.5770851038577605,0.628849907617566,0.6965300109437454,0.7333594370157649,0.8806771413038426,0.9981432298213236,1.1417761952514496,1.271045864138563,1.4357993718878923,1.5730939616789998,,POINT (-123.06873 38.33463)
168,168,Bodega #4,1,"SandSnap, image taken by: rose.dopsovic",sandsnap,2021-06-11,Beach?Y,38.33609,-123.06855,"Sandsnap, USACE",8,"d10,d16,d25,d50,d65,d75,d84,d90",,0.8500060702871309,,CoarseSand,0.5437573426978652,VeryPlatykurtic,1.1878888956364455,,0.6404958290138262,VeryWellSorted,0.5103872307284212,0.5517108556957278,0.6012992056564956,0.6658276158660914,0.7009247096299384,0.8413130846853263,0.9534141731704,1.0905633157078476,1.2139975439915502,1.37116047333468,1.5021295811206212,,POINT (-123.06855 38.33609)
169,169,Bodega #3,1,"SandSnap, image taken by: rose.dopsovic",sandsnap,2021-06-11,Beach?Y,38.33804,-123.06837,"Sandsnap, USACE",8,"d10,d16,d25,d50,d65,d75,d84,d90",,0.6994540354554053,,CoarseSand,0.5435905778974529,VeryPlatykurtic,1.1871085394544691,,0.6402231053825036,VeryWellSorted,0.4198748578451455,0.4538076293939275,0.4945269552524658,0.5477211095834617,0.5766642391943516,0.6924367576379115,0.7847740832665641,0.8976964726471938,0.9993266230897604,1.128822652674481,1.236736010661747,,POINT (-123.06837 38.33804)
170,170,Bodega #2,1,"SandSnap, image taken by: rose.dopsovic",sandsnap,2021-06-11,Beach?Y,38.33994,-123.06811,"Sandsnap, USACE",8,"d10,d16,d25,d50,d65,d75,d84,d90",,0.6682304901263578,,CoarseSand,0.5438756547093139,VeryPlatykurtic,1.188415029979489,,0.6406949091478131,VeryWellSorted,0.4013213905742569,0.4338549022632093,0.4728951162899521,0.5235612114303493,0.551110447017965,0.6613073893684276,0.7493652661066018,0.8571397721444007,0.9541368275784198,1.0775711681116382,1.1804331185559866,,POINT (-123.06811 38.33994)
171,171,Bodega #1,1,"SandSnap, image taken by: rose.dopsovic",sandsnap,2021-06-11,Beach?Y,38.34236,-123.06796,"Sandsnap, USACE",8,"d10,d16,d25,d50,d65,d75,d84,d90",,0.7634556185040132,,CoarseSand,0.5437816741315982,VeryPlatykurtic,1.1879903550754431,,0.6405431352615447,VeryWellSorted,0.4584438779118206,0.4955691831684317,0.5401195494763651,0.5980647921864889,0.629577681657396,0.7556292395410248,0.856294857608673,0.9794643421310169,1.090316878201126,1.2314470313912833,1.3490554923830806,,POINT (-123.06796 38.34236)
172,172,Big Lagoon,1,,mcfall_via_weigl,,,41.179,-124.128,"Mcfall, USACE",0,,,0.797,,CoarseSand,,,,,,,,,,,,,,,,,,,POINT (-124.128 41.179)
173,173,Gold Bluffs,1,,mcfall_via_weigl,,,41.3795,-124.073,"Mcfall, USACE",0,,,0.462,,MediumSand,,,,,,,,,,,,,,,,,,,POINT (-124.073 41.3795)
